batter,season,runs,balls_faced,dots,fours,sixes,singles,outs,strike_rate,average
A Ashish Reddy,2012,35,30,11,3,1,9,4,116.66666666666667,8.75
A Ashish Reddy,2013,125,90,24,8,5,42,6,138.88888888888889,20.833333333333332
A Ashish Reddy,2015,73,46,12,3,5,19,3,158.69565217391303,24.333333333333332
A Ashish Reddy,2016,47,30,9,2,4,13,2,156.66666666666666,23.5
A Badoni,2022,161,139,47,11,7,53,9,115.8273381294964,17.88888888888889
A Badoni,2023,238,186,52,13,12,71,9,127.95698924731182,26.444444444444443
A Badoni,2024,235,180,45,22,5,77,8,130.55555555555557,29.375
A Badoni,2025,329,235,64,27,14,96,10,140.0,32.9
A Badoni,2026,215,145,48,23,9,50,10,148.27586206896552,21.5
A Chandila,2012,0,1,1,0,0,0,1,0.0,0.0
A Chandila,2013,4,6,2,0,0,4,0,66.66666666666666,inf
A Chopra,2007/08,42,55,27,5,0,18,4,76.36363636363637,10.5
A Chopra,2009,11,20,13,2,0,3,1,55.00000000000001,11.0
A Choudhary,2017,25,20,4,1,1,13,2,125.0,12.5
A Dananjaya,2018,4,5,2,0,0,2,0,80.0,inf
A Flintoff,2009,62,57,17,5,2,23,2,108.77192982456141,31.0
A Kamboj,2024,2,2,0,0,0,2,0,100.0,inf
A Kamboj,2025,14,13,6,2,0,2,2,107.6923076923077,7.0
A Kamboj,2026,58,40,6,3,4,20,1,145.0,58.0
A Kumble,2007/08,13,17,7,1,0,7,1,76.47058823529412,13.0
A Kumble,2009,16,20,9,2,0,8,1,80.0,16.0
A Kumble,2009/10,6,12,4,0,0,6,0,50.0,inf
A Manohar,2022,108,79,26,14,3,30,6,136.70886075949366,18.0
A Manohar,2023,114,86,25,6,7,42,6,132.5581395348837,19.0
A Manohar,2024,9,16,11,1,0,3,2,56.25,4.5
A Manohar,2025,61,62,28,2,4,23,5,98.38709677419355,12.2
A Mhatre,2025,240,131,41,31,11,38,7,183.206106870229,34.285714285714285
A Mhatre,2026,201,119,38,20,12,38,5,168.9075630252101,40.2
A Mishra,2007/08,37,42,16,3,0,21,4,88.09523809523809,9.25
A Mishra,2009,26,20,10,2,2,4,2,130.0,13.0
A Mishra,2009/10,39,54,15,1,0,31,4,72.22222222222221,9.75
A Mishra,2011,68,52,14,9,1,20,6,130.76923076923077,11.333333333333334
A Mishra,2012,16,21,8,1,0,10,3,76.19047619047619,5.333333333333333
A Mishra,2013,89,103,40,9,0,39,3,86.40776699029125,29.666666666666668
A Mishra,2014,4,7,2,0,0,4,1,57.14285714285714,4.0
A Mishra,2015,8,13,5,0,0,6,2,61.53846153846154,4.0
A Mishra,2016,4,14,10,0,0,4,2,28.57142857142857,2.0
A Mishra,2017,49,56,20,2,2,23,1,87.5,49.0
A Mishra,2018,1,2,1,0,0,1,0,50.0,inf
A Mishra,2019,21,26,10,2,0,9,2,80.76923076923077,10.5
A Mishra,2023,19,30,17,2,0,11,1,63.33333333333333,19.0
A Mithun,2009/10,5,4,2,1,0,1,1,125.0,5.0
A Mithun,2011,27,20,6,3,1,7,3,135.0,9.0
A Mithun,2013,2,2,1,0,0,0,1,100.0,2.0
A Mukund,2007/08,0,1,1,0,0,0,1,0.0,0.0
A Mukund,2013,19,22,7,1,0,11,1,86.36363636363636,19.0
A Nehra,2007/08,3,13,9,0,0,3,0,23.076923076923077,inf
A Nehra,2009,1,1,0,0,0,1,0,100.0,inf
A Nehra,2009/10,23,20,8,2,1,9,1,114.99999999999999,23.0
A Nehra,2012,11,13,4,1,0,5,1,84.61538461538461,11.0
A Nehra,2013,1,8,7,0,0,1,4,12.5,0.25
A Nehra,2015,1,7,3,0,0,1,2,14.285714285714285,0.5
A Nehra,2016,1,1,0,0,0,1,0,100.0,inf
A Nortje,2020/21,7,6,3,0,0,1,1,116.66666666666667,7.0
A Nortje,2022,1,7,5,0,0,1,0,14.285714285714285,inf
A Nortje,2023,37,29,9,6,0,13,2,127.58620689655173,18.5
A Nortje,2024,4,9,5,0,0,2,2,44.44444444444444,2.0
A Nortje,2026,0,1,1,0,0,0,1,0.0,0.0
A Raghuvanshi,2024,163,109,31,16,8,44,7,149.54128440366972,23.285714285714285
A Raghuvanshi,2025,300,217,56,30,8,105,9,138.24884792626727,33.333333333333336
A Raghuvanshi,2026,422,302,93,40,19,117,9,139.73509933774835,46.888888888888886
A Singh,2009,1,3,2,0,0,1,1,33.33333333333333,1.0
A Singh,2011,1,4,3,0,0,1,2,25.0,0.5
A Singh,2012,0,3,2,0,0,0,1,0.0,0.0
A Symonds,2007/08,161,111,39,15,9,34,2,145.04504504504504,80.5
A Symonds,2009,249,171,46,15,11,58,8,145.61403508771932,31.125
A Symonds,2009/10,429,356,125,35,18,136,13,120.50561797752808,33.0
A Symonds,2011,135,143,52,9,3,60,3,94.4055944055944,45.0
A Tomar,2022,4,8,7,1,0,0,1,50.0,4.0
A Uniyal,2009/10,4,7,3,0,0,4,1,57.14285714285714,4.0
A Zampa,2016,0,1,1,0,0,0,1,0.0,0.0
A Zampa,2017,5,7,5,1,0,1,1,71.42857142857143,5.0
A Zampa,2023,10,17,6,0,0,10,3,58.82352941176471,3.3333333333333335
AA Bilakhia,2009,67,84,34,5,0,29,4,79.76190476190477,16.75
AA Bilakhia,2009/10,2,4,2,0,0,2,1,50.0,2.0
AA Chavan,2011,1,3,2,0,0,1,0,33.33333333333333,inf
AA Chavan,2012,11,8,3,2,0,3,1,137.5,11.0
AA Jhunjhunwala,2009/10,183,172,62,16,4,69,10,106.3953488372093,18.3
AA Jhunjhunwala,2011,10,19,12,2,0,2,2,52.63157894736842,5.0
AA Jhunjhunwala,2012,24,27,12,1,1,11,2,88.88888888888889,12.0
AA Kulkarni,2024,9,8,5,2,0,1,2,112.5,4.5
AA Kulkarni,2026,17,25,14,1,0,7,2,68.0,8.5
AA Noffke,2007/08,9,12,4,1,0,5,1,75.0,9.0
AB Agarkar,2007/08,54,49,19,5,2,14,4,110.20408163265304,13.5
AB Agarkar,2009,66,58,18,3,3,26,2,113.79310344827587,33.0
AB Agarkar,2009/10,40,30,6,4,0,14,1,133.33333333333331,40.0
AB Agarkar,2011,7,7,1,1,0,3,0,100.0,inf
AB Agarkar,2013,12,16,5,0,0,10,1,75.0,12.0
AB Barath,2009/10,42,43,20,5,1,14,2,97.67441860465115,21.0
AB Dinda,2007/08,2,4,1,0,0,2,1,50.0,2.0
AB Dinda,2009,2,3,2,0,0,0,2,66.66666666666666,1.0
AB Dinda,2009/10,0,1,1,0,0,0,1,0.0,0.0
AB Dinda,2011,0,5,5,0,0,0,1,0.0,0.0
AB Dinda,2012,2,5,2,0,0,2,0,40.0,inf
AB Dinda,2013,9,11,5,1,0,5,2,81.81818181818183,4.5
AB Dinda,2014,4,13,8,0,0,4,1,30.76923076923077,4.0
AB Dinda,2017,7,8,3,1,0,3,1,87.5,7.0
AB McDonald,2009,3,4,1,0,0,3,1,75.0,3.0
AB McDonald,2009/10,65,54,12,3,2,26,0,120.37037037037037,inf
AB McDonald,2011,8,7,2,0,0,2,1,114.28571428571428,8.0
AB McDonald,2012,47,36,14,6,2,11,2,130.55555555555557,23.5
AB McDonald,2013,0,2,2,0,0,0,1,0.0,0.0
AB de Villiers,2007/08,95,100,37,5,1,37,4,95.0,23.75
AB de Villiers,2009,465,359,107,39,12,158,9,129.52646239554318,51.666666666666664
AB de Villiers,2009/10,111,123,41,7,0,57,7,90.2439024390244,15.857142857142858
AB de Villiers,2011,312,248,77,21,14,107,8,125.80645161290323,39.0
AB de Villiers,2012,319,203,49,26,15,85,8,157.14285714285714,39.875
AB de Villiers,2013,373,226,56,34,17,92,10,165.04424778761063,37.3
AB de Villiers,2014,395,255,70,26,24,103,11,154.90196078431373,35.90909090909091
AB de Villiers,2015,513,302,83,60,22,97,8,169.86754966887418,64.125
AB de Villiers,2016,687,415,97,57,37,182,13,165.5421686746988,52.84615384615385
AB de Villiers,2017,216,171,63,12,16,62,7,126.3157894736842,30.857142857142858
AB de Villiers,2018,480,280,74,39,30,115,9,171.42857142857142,53.333333333333336
AB de Villiers,2019,442,294,87,31,26,116,10,150.34013605442175,44.2
AB de Villiers,2020/21,460,296,76,34,23,125,10,155.4054054054054,46.0
AB de Villiers,2021,313,215,66,23,16,84,11,145.58139534883722,28.454545454545453
AC Blizzard,2011,120,88,42,21,2,17,6,136.36363636363635,20.0
AC Blizzard,2012,0,3,3,0,0,0,1,0.0,0.0
AC Gilchrist,2007/08,436,328,134,51,19,93,13,132.9268292682927,33.53846153846154
AC Gilchrist,2009,495,337,143,54,29,80,16,146.88427299703264,30.9375
AC Gilchrist,2009/10,289,200,73,31,16,51,17,144.5,17.0
AC Gilchrist,2011,383,309,123,41,18,79,14,123.94822006472492,27.357142857142858
AC Gilchrist,2012,172,147,59,21,4,48,4,117.00680272108843,43.0
AC Gilchrist,2013,294,234,96,41,6,66,12,125.64102564102564,24.5
AC Thomas,2011,1,4,3,0,0,1,0,25.0,inf
AC Thomas,2012,19,15,5,1,1,7,2,126.66666666666666,9.5
AC Voges,2009/10,181,143,38,15,3,61,6,126.57342657342659,30.166666666666668
AD Hales,2018,148,119,46,13,6,44,6,124.36974789915966,24.666666666666668
AD Mascarenhas,2007/08,9,8,4,0,1,3,1,112.5,9.0
AD Mascarenhas,2009,39,39,14,4,0,17,4,100.0,9.75
AD Mascarenhas,2009/10,12,11,1,0,0,6,2,109.09090909090908,6.0
AD Mascarenhas,2012,14,16,7,1,0,6,3,87.5,4.666666666666667
AD Mascarenhas,2013,5,5,1,0,0,3,0,100.0,inf
AD Mathews,2009,16,14,3,2,0,8,1,114.28571428571428,16.0
AD Mathews,2009/10,233,197,61,18,8,74,6,118.27411167512692,38.833333333333336
AD Mathews,2012,127,110,28,5,4,58,7,115.45454545454545,18.142857142857142
AD Mathews,2013,172,141,43,5,10,71,8,121.98581560283688,21.5
AD Mathews,2015,144,109,32,12,6,44,7,132.11009174311928,20.571428571428573
AD Mathews,2017,32,28,9,2,1,12,2,114.28571428571428,16.0
AD Nath,2016,20,27,13,1,0,10,3,74.07407407407408,6.666666666666667
AD Nath,2017,0,1,1,0,0,0,1,0.0,0.0
AD Nath,2018,9,13,8,1,0,3,1,69.23076923076923,9.0
AD Nath,2019,61,58,22,5,2,27,5,105.17241379310344,12.2
AD Russell,2012,47,27,5,3,3,11,2,174.07407407407408,23.5
AD Russell,2013,11,15,6,0,0,5,2,73.33333333333333,5.5
AD Russell,2014,2,8,6,0,0,2,2,25.0,1.0
AD Russell,2015,326,175,48,35,19,56,7,186.28571428571428,46.57142857142857
AD Russell,2016,188,125,38,10,15,40,7,150.4,26.857142857142858
AD Russell,2018,316,179,63,17,31,54,12,176.53631284916202,26.333333333333332
AD Russell,2019,514,274,94,32,52,66,10,187.5912408759124,51.4
AD Russell,2020/21,117,82,35,9,9,25,9,142.6829268292683,13.0
AD Russell,2021,183,127,49,14,14,39,6,144.09448818897638,30.5
AD Russell,2022,335,200,81,18,32,45,9,167.5,37.22222222222222
AD Russell,2023,227,162,67,13,18,49,12,140.12345679012347,18.916666666666668
AD Russell,2024,222,141,39,20,16,38,6,157.4468085106383,37.0
AD Russell,2025,167,111,49,16,14,19,8,150.45045045045043,20.875
AF Milne,2017,7,12,6,0,0,5,3,58.333333333333336,2.3333333333333335
AF Milne,2021,16,19,7,0,1,8,2,84.21052631578947,8.0
AF Milne,2026,2,2,1,0,0,0,0,100.0,inf
AG Murtaza,2011,2,5,3,0,0,2,0,40.0,inf
AG Murtaza,2012,3,5,2,0,0,3,0,60.0,inf
AG Murtaza,2013,5,4,2,1,0,1,1,125.0,5.0
AG Paunikar,2009/10,0,1,1,0,0,0,1,0.0,0.0
AG Paunikar,2011,49,60,34,9,0,9,4,81.66666666666667,12.25
AJ Finch,2009/10,21,21,7,0,1,11,1,100.0,21.0
AJ Finch,2011,47,51,24,3,3,13,7,92.15686274509804,6.714285714285714
AJ Finch,2012,55,52,21,8,0,17,2,105.76923076923077,27.5
AJ Finch,2013,456,344,137,54,16,96,14,132.5581395348837,32.57142857142857
AJ Finch,2014,309,268,99,31,9,96,11,115.29850746268657,28.09090909090909
AJ Finch,2015,23,33,21,4,0,5,3,69.6969696969697,7.666666666666667
AJ Finch,2016,393,311,105,45,11,113,8,126.36655948553054,49.125
AJ Finch,2017,300,190,59,25,19,56,12,157.89473684210526,25.0
AJ Finch,2018,134,102,26,6,8,50,8,131.37254901960785,16.75
AJ Finch,2020/21,268,254,104,28,8,73,12,105.51181102362204,22.333333333333332
AJ Finch,2022,86,70,25,10,3,16,6,122.85714285714286,14.333333333333334
AJ Hosein,2023,16,11,3,1,1,4,0,145.45454545454547,inf
AJ Hosein,2026,5,3,0,0,0,2,0,166.66666666666669,inf
AJ Turner,2019,3,11,7,0,0,3,3,27.27272727272727,1.0
AJ Turner,2024,21,20,6,0,2,9,2,105.0,10.5
AJ Tye,2017,53,30,6,4,3,11,1,176.66666666666666,53.0
AJ Tye,2018,32,40,18,2,1,11,6,80.0,5.333333333333333
AJ Tye,2019,0,2,1,0,0,0,0,0.0,
AJ Tye,2020/21,6,7,5,0,1,0,1,85.71428571428571,6.0
AK Markram,2021,146,123,34,12,4,60,5,118.69918699186992,29.2
AK Markram,2022,381,277,78,25,19,135,8,137.5451263537906,47.625
AK Markram,2023,248,200,57,18,8,101,11,124.0,22.545454545454547
AK Markram,2024,220,187,47,18,4,89,9,117.64705882352942,24.444444444444443
AK Markram,2025,445,306,96,38,22,120,13,145.4248366013072,34.23076923076923
AK Markram,2026,231,171,53,20,11,75,9,135.08771929824562,25.666666666666668
AL Menaria,2011,180,158,60,10,10,62,10,113.9240506329114,18.0
AL Menaria,2012,220,207,77,14,8,86,11,106.28019323671498,20.0
AL Menaria,2013,1,2,1,0,0,1,1,50.0,1.0
AM Ghazanfar,2026,2,3,1,0,0,2,0,66.66666666666666,inf
AM Nayar,2007/08,206,142,34,16,9,65,8,145.07042253521126,25.75
AM Nayar,2009,193,155,49,14,7,57,10,124.51612903225806,19.3
AM Nayar,2009/10,58,51,17,4,2,22,2,113.72549019607843,29.0
AM Nayar,2011,61,67,32,9,0,19,6,91.04477611940298,10.166666666666666
AM Nayar,2012,45,49,15,2,1,25,2,91.83673469387756,22.5
AM Nayar,2013,66,74,25,5,0,34,7,89.1891891891892,9.428571428571429
AM Nayar,2014,43,50,29,5,1,8,4,86.0,10.75
AM Rahane,2007/08,4,19,16,1,0,0,2,21.052631578947366,2.0
AM Rahane,2009,144,128,36,12,3,54,6,112.5,24.0
AM Rahane,2011,120,99,33,12,2,43,5,121.21212121212122,24.0
AM Rahane,2012,560,448,156,73,10,172,14,125.0,40.0
AM Rahane,2013,488,472,176,42,11,194,15,103.38983050847457,32.53333333333333
AM Rahane,2014,339,298,108,38,3,107,10,113.75838926174498,33.9
AM Rahane,2015,540,423,132,53,13,164,11,127.65957446808511,49.09090909090909
AM Rahane,2016,480,387,129,54,9,161,13,124.03100775193798,36.92307692307692
AM Rahane,2017,382,328,113,35,9,144,15,116.46341463414633,25.466666666666665
AM Rahane,2018,370,321,99,39,5,147,13,115.26479750778816,28.46153846153846
AM Rahane,2019,393,289,98,45,9,101,13,135.98615916955018,30.23076923076923
AM Rahane,2020/21,113,113,43,12,2,39,8,100.0,14.125
AM Rahane,2021,8,9,4,1,0,2,1,88.88888888888889,8.0
AM Rahane,2022,133,131,58,14,4,43,7,101.52671755725191,19.0
AM Rahane,2023,326,193,36,24,16,90,10,168.9119170984456,32.6
AM Rahane,2024,242,200,68,24,7,76,13,121.0,18.615384615384617
AM Rahane,2025,390,275,93,36,20,92,11,141.8181818181818,35.45454545454545
AM Rahane,2026,335,258,88,25,18,101,12,129.84496124031008,27.916666666666668
AN Ahmed,2009/10,4,8,3,0,0,2,0,50.0,inf
AN Ahmed,2011,18,13,5,1,1,4,0,138.46153846153845,inf
AN Ahmed,2014,4,1,0,1,0,0,0,400.0,inf
AN Ahmed,2015,10,5,1,2,0,2,1,200.0,10.0
AN Ghosh,2009,7,8,5,1,0,1,2,87.5,3.5
AP Dole,2009/10,34,23,6,3,1,8,2,147.82608695652172,17.0
AP Majumdar,2012,87,77,25,7,2,33,4,112.98701298701299,21.75
AP Tare,2009/10,50,41,19,5,3,4,4,121.95121951219512,12.5
AP Tare,2013,123,84,34,14,5,25,5,146.42857142857142,24.6
AP Tare,2014,126,102,40,16,3,29,8,123.52941176470588,15.75
AP Tare,2015,14,18,7,1,0,8,2,77.77777777777779,7.0
AP Tare,2016,8,15,10,1,0,2,2,53.333333333333336,4.0
AP Tare,2017,18,25,14,3,0,4,3,72.0,6.0
AR Bawne,2017,12,12,4,1,0,6,0,100.0,inf
AR Patel,2014,62,61,23,6,1,28,5,101.63934426229508,12.4
AR Patel,2015,206,181,53,13,8,90,10,113.8121546961326,20.6
AR Patel,2016,111,81,26,4,8,31,6,137.03703703703704,18.5
AR Patel,2017,227,171,43,11,11,75,8,132.7485380116959,28.375
AR Patel,2018,80,71,16,3,4,40,7,112.67605633802818,11.428571428571429
AR Patel,2019,110,90,28,10,3,40,7,122.22222222222223,15.714285714285714
AR Patel,2020/21,117,90,28,6,8,37,8,130.0,14.625
AR Patel,2021,40,52,18,2,1,24,5,76.92307692307693,8.0
AR Patel,2022,182,122,35,12,10,46,3,149.18032786885246,60.666666666666664
AR Patel,2023,283,216,67,21,15,85,10,131.0185185185185,28.3
AR Patel,2024,235,183,58,19,10,77,9,128.4153005464481,26.11111111111111
AR Patel,2025,263,171,54,23,15,67,10,153.80116959064327,26.3
AR Patel,2026,173,146,42,16,6,60,11,118.49315068493152,15.727272727272727
AS Joseph,2019,15,13,6,2,0,3,0,115.38461538461537,inf
AS Joseph,2022,5,7,2,0,0,5,1,71.42857142857143,5.0
AS Joseph,2023,7,12,7,1,0,3,0,58.333333333333336,inf
AS Rajpoot,2013,2,6,5,0,0,0,0,33.33333333333333,inf
AS Rajpoot,2017,4,7,6,1,0,0,1,57.14285714285714,4.0
AS Rajpoot,2018,11,18,9,1,0,7,2,61.111111111111114,5.5
AS Rajpoot,2020/21,9,10,6,0,1,3,1,90.0,9.0
AS Raut,2009,78,65,21,5,3,26,5,120.0,15.6
AS Raut,2009/10,56,48,19,3,3,20,2,116.66666666666667,28.0
AS Raut,2011,60,59,22,5,1,27,4,101.69491525423729,15.0
AS Roy,2022,0,2,2,0,0,0,1,0.0,0.0
AS Roy,2023,23,19,7,3,0,7,2,121.05263157894737,11.5
AS Roy,2024,3,3,0,0,0,1,0,100.0,inf
AS Roy,2025,0,1,1,0,0,0,1,0.0,0.0
AS Roy,2026,52,41,12,3,2,17,5,126.82926829268293,10.4
AS Yadav,2007/08,49,40,15,5,2,13,7,122.50000000000001,7.0
AT Carey,2020/21,32,29,6,0,1,14,2,110.34482758620689,16.0
AT Rayudu,2009/10,356,258,69,34,13,106,12,137.984496124031,29.666666666666668
AT Rayudu,2011,395,355,137,44,9,143,14,111.26760563380283,28.214285714285715
AT Rayudu,2012,333,261,72,21,14,116,9,127.58620689655173,37.0
AT Rayudu,2013,265,235,67,22,4,113,13,112.7659574468085,20.384615384615383
AT Rayudu,2014,361,296,87,31,8,129,14,121.95945945945945,25.785714285714285
AT Rayudu,2015,281,195,56,18,16,87,9,144.1025641025641,31.22222222222222
AT Rayudu,2016,334,284,98,28,12,124,11,117.6056338028169,30.363636363636363
AT Rayudu,2017,91,80,27,7,3,35,6,113.75,15.166666666666666
AT Rayudu,2018,602,410,132,53,34,170,14,146.8292682926829,43.0
AT Rayudu,2019,282,307,122,20,7,134,12,91.85667752442997,23.5
AT Rayudu,2020/21,359,289,88,30,12,131,9,124.22145328719722,39.888888888888886
AT Rayudu,2021,257,175,51,16,17,77,9,146.85714285714286,28.555555555555557
AT Rayudu,2022,274,230,100,25,15,78,10,119.1304347826087,27.4
AT Rayudu,2023,158,115,36,10,9,52,10,137.3913043478261,15.8
AU Rashid,2023,22,17,7,2,1,4,2,129.41176470588235,11.0
AUK Pathan,2011,33,18,8,5,2,1,4,183.33333333333331,8.25
AUK Pathan,2012,6,8,3,0,0,2,1,75.0,6.0
Abdul Basith,2023,1,1,0,0,0,1,0,100.0,inf
Abdul Samad,2020/21,113,68,18,8,6,23,6,166.1764705882353,18.833333333333332
Abdul Samad,2021,111,89,32,4,8,39,9,124.7191011235955,12.333333333333334
Abdul Samad,2022,4,7,3,0,0,4,2,57.14285714285714,2.0
Abdul Samad,2023,169,131,47,10,11,47,5,129.00763358778627,33.8
Abdul Samad,2024,182,113,31,15,11,44,10,161.06194690265488,18.2
Abdul Samad,2025,164,98,23,8,14,40,9,167.3469387755102,18.22222222222222
Abdul Samad,2026,116,92,31,10,5,32,6,126.08695652173914,19.333333333333332
Abdur Razzak,2007/08,0,2,2,0,0,0,0,0.0,
Abhishek Sharma,2018,63,35,6,3,5,15,1,180.0,63.0
Abhishek Sharma,2019,9,10,2,1,0,5,2,90.0,4.5
Abhishek Sharma,2020/21,71,59,19,6,3,23,5,120.33898305084745,14.2
Abhishek Sharma,2021,98,78,25,7,4,30,6,125.64102564102564,16.333333333333332
Abhishek Sharma,2022,426,329,125,47,13,109,15,129.48328267477203,28.4
Abhishek Sharma,2023,226,166,53,28,6,58,11,136.14457831325302,20.545454545454547
Abhishek Sharma,2024,484,248,75,36,42,70,15,195.16129032258064,32.266666666666666
Abhishek Sharma,2025,439,242,76,46,28,61,12,181.40495867768595,36.583333333333336
Abhishek Sharma,2026,563,304,84,50,43,82,15,185.19736842105263,37.53333333333333
Abishek Porel,2023,33,31,11,1,2,15,4,106.4516129032258,8.25
Abishek Porel,2024,327,213,70,36,13,71,12,153.52112676056336,27.25
Abishek Porel,2025,301,210,58,28,12,93,13,143.33333333333334,23.153846153846153
Abishek Porel,2026,108,94,34,15,1,33,4,114.89361702127661,27.0
Akash Deep,2022,0,2,2,0,0,0,1,0.0,0.0
Akash Deep,2023,17,8,2,2,1,3,1,212.5,17.0
Akash Deep,2024,2,2,0,0,0,2,0,100.0,inf
Akash Deep,2025,6,2,1,0,1,0,1,300.0,6.0
Akash Madhwal,2024,4,5,1,0,0,2,0,80.0,inf
Akash Madhwal,2025,4,9,5,0,0,4,0,44.44444444444444,inf
Akshat Raghuwanshi,2026,29,27,6,1,1,13,3,107.40740740740742,9.666666666666666
Aman Hakim Khan,2022,5,3,1,1,0,1,1,166.66666666666669,5.0
Aman Hakim Khan,2023,110,106,47,7,6,32,8,103.77358490566037,13.75
Aniket Verma,2025,236,148,48,12,20,48,9,159.45945945945945,26.22222222222222
Aniket Verma,2026,79,57,17,6,5,21,6,138.5964912280702,13.166666666666666
Anirudh Singh,2009/10,63,69,31,6,1,23,4,91.30434782608695,15.75
Ankit Sharma,2012,18,13,5,0,2,6,3,138.46153846153845,6.0
Ankit Sharma,2014,34,31,16,4,1,6,2,109.6774193548387,17.0
Ankit Sharma,2015,7,6,2,1,0,3,1,116.66666666666667,7.0
Ankit Sharma,2016,3,3,1,0,0,1,0,100.0,inf
Ankit Sharma,2017,25,16,3,2,1,7,1,156.25,25.0
Ankit Soni,2017,7,9,5,0,1,1,2,77.77777777777779,3.5
Anmolpreet Singh,2021,16,14,9,2,1,2,1,114.28571428571428,16.0
Anmolpreet Singh,2022,13,13,5,1,0,5,2,100.0,6.5
Anmolpreet Singh,2023,105,83,35,15,2,27,4,126.50602409638554,26.25
Anmolpreet Singh,2024,5,7,4,1,0,1,2,71.42857142857143,2.5
Anuj Rawat,2021,0,1,1,0,0,0,1,0.0,0.0
Anuj Rawat,2022,129,123,55,10,7,36,7,104.8780487804878,18.428571428571427
Anuj Rawat,2023,91,72,23,6,4,29,3,126.38888888888889,30.333333333333332
Anuj Rawat,2024,98,80,26,10,3,32,3,122.50000000000001,32.666666666666664
Anureet Singh,2015,18,31,15,0,1,12,3,58.06451612903226,6.0
Anureet Singh,2017,15,12,3,2,0,7,1,125.0,15.0
Anureet Singh,2018,3,4,0,0,0,3,0,75.0,inf
Arjun Tendulkar,2023,13,9,2,0,1,5,1,144.44444444444443,13.0
Arjun Tendulkar,2026,5,5,1,0,0,3,0,100.0,inf
Arshad Khan,2023,18,15,4,0,1,8,2,120.0,9.0
Arshad Khan,2024,78,52,16,5,5,16,2,150.0,39.0
Arshad Khan,2025,23,23,11,0,3,5,2,100.0,11.5
Arshad Khan,2026,23,12,2,1,2,5,1,191.66666666666669,23.0
Arshad Khan (2),2024,5,4,2,1,0,1,1,125.0,5.0
Arshdeep Singh,2020/21,0,3,3,0,0,0,1,0.0,0.0
Arshdeep Singh,2021,2,3,0,0,0,2,0,66.66666666666666,inf
Arshdeep Singh,2022,21,30,20,3,0,4,3,70.0,7.0
Arshdeep Singh,2023,2,2,1,0,0,0,0,100.0,inf
Arshdeep Singh,2024,4,4,2,1,0,0,1,100.0,4.0
Arshdeep Singh,2025,2,6,4,0,0,2,1,33.33333333333333,2.0
Arshdeep Singh,2026,1,1,0,0,0,1,0,100.0,inf
Ashok Sharma,2026,1,5,3,0,0,1,0,20.0,inf
Ashutosh Sharma,2024,189,118,31,10,15,41,8,160.16949152542372,23.625
Ashutosh Sharma,2025,204,138,35,14,13,54,7,147.82608695652172,29.142857142857142
Ashutosh Sharma,2026,171,100,30,15,12,31,5,171.0,34.2
Ashwani Kumar,2026,1,6,5,0,0,1,0,16.666666666666664,inf
Atharva Taide,2023,186,136,43,20,6,45,6,136.76470588235296,31.0
Atharva Taide,2024,61,41,11,7,2,15,2,148.78048780487805,30.5
Atharva Taide,2025,13,11,4,3,0,1,1,118.18181818181819,13.0
Auqib Nabi,2026,14,4,1,2,1,0,1,350.0,14.0
Avesh Khan,2019,4,3,2,1,0,0,0,133.33333333333331,inf
Avesh Khan,2021,5,3,1,1,0,1,0,166.66666666666669,inf
Avesh Khan,2022,22,13,6,0,3,4,1,169.23076923076923,22.0
Avesh Khan,2023,0,1,0,0,0,0,0,0.0,
Avesh Khan,2024,10,5,0,1,0,2,0,200.0,inf
Avesh Khan,2025,21,14,6,3,1,1,1,150.0,21.0
Avesh Khan,2026,6,7,3,1,0,2,1,85.71428571428571,6.0
Azhar Mahmood,2012,186,145,50,16,8,56,8,128.2758620689655,23.25
Azhar Mahmood,2013,196,158,52,22,5,60,10,124.0506329113924,19.6
Azhar Mahmood,2015,6,8,5,1,0,0,1,75.0,6.0
Azmatullah Omarzai,2024,42,34,10,2,2,16,4,123.52941176470588,10.5
Azmatullah Omarzai,2025,57,43,17,6,3,15,4,132.5581395348837,14.25
Azmatullah Omarzai,2026,52,28,10,3,5,8,2,185.71428571428572,26.0
B Akhil,2007/08,46,32,11,4,3,10,3,143.75,15.333333333333334
B Akhil,2009,17,16,8,1,1,3,3,106.25,5.666666666666667
B Akhil,2011,13,9,3,0,1,3,1,144.44444444444443,13.0
B Chipli,2007/08,20,30,17,3,0,8,3,66.66666666666666,6.666666666666667
B Chipli,2011,207,172,58,21,4,75,9,120.34883720930232,23.0
B Chipli,2012,37,35,18,3,2,11,3,105.71428571428572,12.333333333333334
B Chipli,2013,16,19,8,1,1,6,1,84.21052631578947,16.0
B Indrajith,2022,21,31,17,2,0,9,3,67.74193548387096,7.0
B Kumar,2011,1,1,0,0,0,1,0,100.0,inf
B Kumar,2012,40,41,15,4,0,16,3,97.5609756097561,13.333333333333334
B Kumar,2013,52,72,39,3,1,22,7,72.22222222222221,7.428571428571429
B Kumar,2014,1,4,2,0,0,1,1,25.0,1.0
B Kumar,2015,17,10,5,2,1,1,1,170.0,17.0
B Kumar,2016,43,28,8,6,1,9,5,153.57142857142858,8.6
B Kumar,2017,4,4,1,0,0,2,1,100.0,4.0
B Kumar,2018,13,18,6,1,0,9,2,72.22222222222221,6.5
B Kumar,2019,12,19,8,1,0,8,3,63.1578947368421,4.0
B Kumar,2020/21,0,2,2,0,0,0,1,0.0,0.0
B Kumar,2021,34,32,5,3,0,20,2,106.25,17.0
B Kumar,2022,24,28,10,3,0,12,2,85.71428571428571,12.0
B Kumar,2023,42,49,19,4,0,18,3,85.71428571428571,14.0
B Kumar,2024,23,30,17,3,0,5,3,76.66666666666667,7.666666666666667
B Kumar,2025,14,26,16,1,0,7,3,53.84615384615385,4.666666666666667
B Kumar,2026,34,28,10,3,1,9,0,121.42857142857142,inf
B Laughlin,2013,4,9,5,0,0,4,1,44.44444444444444,4.0
B Laughlin,2018,1,4,3,0,0,1,1,25.0,1.0
B Lee,2007/08,17,14,6,2,1,3,2,121.42857142857142,8.5
B Lee,2009,28,35,16,2,1,12,2,80.0,14.0
B Lee,2009/10,11,11,2,1,0,5,1,100.0,11.0
B Lee,2011,5,9,4,0,0,5,2,55.55555555555556,2.5
B Lee,2012,42,21,5,2,4,8,2,200.0,21.0
B Lee,2013,21,12,5,1,2,3,1,175.0,21.0
B Sai Sudharsan,2022,145,118,32,14,3,53,4,122.88135593220339,36.25
B Sai Sudharsan,2023,362,264,72,33,12,114,6,137.12121212121212,60.333333333333336
B Sai Sudharsan,2024,527,388,103,48,17,171,11,135.82474226804123,47.90909090909091
B Sai Sudharsan,2025,759,509,125,88,21,210,14,149.11591355599214,54.214285714285715
B Sai Sudharsan,2026,722,481,136,75,30,179,16,150.1039501039501,45.125
B Stanlake,2018,5,2,0,1,0,1,0,250.0,inf
B Sumanth,2009/10,35,38,14,3,0,17,1,92.10526315789474,35.0
BA Bhatt,2011,0,5,5,0,0,0,0,0.0,
BA Bhatt,2012,6,2,1,0,1,0,0,300.0,inf
BA Stokes,2017,316,227,62,22,15,102,11,139.20704845814979,28.727272727272727
BA Stokes,2018,196,166,49,13,6,78,13,118.07228915662651,15.076923076923077
BA Stokes,2019,123,100,29,8,4,41,6,123.0,20.5
BA Stokes,2020/21,285,207,74,36,7,62,8,137.68115942028984,35.625
BA Stokes,2021,0,3,3,0,0,0,1,0.0,0.0
BA Stokes,2023,15,15,5,2,0,7,2,100.0,7.5
BAW Mendis,2009,0,1,1,0,0,0,1,0.0,0.0
BAW Mendis,2009/10,1,1,0,0,0,1,0,100.0,inf
BAW Mendis,2013,2,4,2,0,0,2,1,50.0,2.0
BB McCullum,2007/08,188,96,25,13,15,26,3,195.83333333333331,62.666666666666664
BB McCullum,2009,286,248,105,27,12,74,12,115.3225806451613,23.833333333333332
BB McCullum,2009/10,114,117,50,14,2,36,3,97.43589743589743,38.0
BB McCullum,2011,357,292,107,35,16,96,13,122.26027397260273,27.46153846153846
BB McCullum,2012,289,287,126,37,3,96,13,100.69686411149826,22.23076923076923
BB McCullum,2013,6,7,4,1,0,2,1,85.71428571428571,6.0
BB McCullum,2014,405,341,130,32,19,127,13,118.76832844574781,31.153846153846153
BB McCullum,2015,436,293,119,51,23,66,15,148.80546075085323,29.066666666666666
BB McCullum,2016,354,273,105,38,16,87,16,129.67032967032966,22.125
BB McCullum,2017,320,227,78,29,18,80,11,140.96916299559473,29.09090909090909
BB McCullum,2018,127,91,37,16,6,25,6,139.56043956043956,21.166666666666668
BB Samantray,2012,2,2,0,0,0,2,0,100.0,inf
BB Samantray,2013,123,114,42,13,2,43,5,107.89473684210526,24.6
BB Sran,2016,4,4,0,0,0,4,0,100.0,inf
BB Sran,2018,3,7,3,0,0,3,1,42.857142857142854,3.0
BB Sran,2019,3,3,1,0,0,1,0,100.0,inf
BCJ Cutting,2014,8,6,2,0,1,2,0,133.33333333333331,inf
BCJ Cutting,2016,65,37,12,4,6,7,3,175.67567567567568,21.666666666666668
BCJ Cutting,2017,51,27,6,5,3,11,2,188.88888888888889,25.5
BCJ Cutting,2018,96,59,21,5,8,18,4,162.71186440677968,24.0
BCJ Cutting,2019,18,17,8,1,1,6,2,105.88235294117648,9.0
BE Hendricks,2014,0,1,1,0,0,0,1,0.0,0.0
BE Hendricks,2015,1,2,1,0,0,1,0,50.0,inf
BJ Haddin,2011,18,11,5,2,1,2,1,163.63636363636365,18.0
BJ Hodge,2007/08,12,18,11,2,0,4,2,66.66666666666666,6.0
BJ Hodge,2009,365,317,115,34,9,125,10,115.14195583596214,36.5
BJ Hodge,2009/10,99,95,35,11,1,36,4,104.21052631578947,24.75
BJ Hodge,2011,285,245,88,26,9,89,11,116.3265306122449,25.90909090909091
BJ Hodge,2012,245,180,47,18,9,77,8,136.11111111111111,30.625
BJ Hodge,2013,293,224,65,27,9,95,8,130.80357142857142,36.625
BJ Hodge,2014,101,74,25,4,6,26,3,136.48648648648648,33.666666666666664
BJ Rohrer,2013,193,146,48,21,5,48,7,132.1917808219178,27.571428571428573
BKG Mendis,2025,20,11,4,1,2,2,1,181.8181818181818,20.0
BMAJ Mendis,2013,23,27,8,0,0,15,3,85.18518518518519,7.666666666666667
BR Dunk,2014,40,36,17,7,0,6,3,111.11111111111111,13.333333333333334
BR Sharath,2024,2,5,3,0,0,2,1,40.0,2.0
Basil Thampi,2017,28,30,9,1,1,12,1,93.33333333333333,28.0
Basil Thampi,2018,3,6,3,0,0,3,1,50.0,3.0
Basil Thampi,2019,1,1,0,0,0,1,0,100.0,inf
Bipul Sharma,2009/10,9,7,1,1,0,5,0,128.57142857142858,inf
Bipul Sharma,2011,23,18,3,1,0,9,1,127.77777777777777,23.0
Bipul Sharma,2012,72,47,12,6,3,22,2,153.19148936170214,36.0
Bipul Sharma,2015,1,2,1,0,0,1,1,50.0,1.0
Bipul Sharma,2016,51,25,6,1,5,7,1,204.0,51.0
Bipul Sharma,2017,31,25,8,2,1,7,1,124.0,31.0
Brijesh Sharma,2026,2,4,2,0,0,2,0,50.0,inf
C Bosch,2025,47,32,12,3,3,11,2,146.875,23.5
C Bosch,2026,50,31,9,5,2,10,1,161.29032258064515,50.0
C Connolly,2026,491,316,106,43,32,105,11,155.37974683544306,44.63636363636363
C Green,2023,452,287,76,40,22,123,10,157.49128919860627,45.2
C Green,2024,255,185,51,22,10,80,10,137.83783783783784,25.5
C Green,2026,322,230,65,22,17,94,9,140.0,35.77777777777778
C Madan,2009/10,15,21,12,3,0,3,1,71.42857142857143,15.0
C Munro,2016,30,31,11,3,0,12,1,96.7741935483871,30.0
C Munro,2018,63,41,19,7,4,11,4,153.65853658536585,15.75
C Munro,2019,84,72,33,9,4,22,4,116.66666666666667,21.0
C Nanda,2009,0,1,1,0,0,0,1,0.0,0.0
C Sakariya,2021,16,25,14,2,0,6,4,64.0,4.0
C Sakariya,2023,4,6,5,1,0,0,1,66.66666666666666,4.0
C de Grandhomme,2017,126,92,28,10,6,40,8,136.95652173913044,15.75
C de Grandhomme,2018,131,87,23,4,10,35,4,150.57471264367817,32.75
C de Grandhomme,2019,46,50,26,4,2,16,3,92.0,15.333333333333334
CA Ingram,2011,21,26,9,2,0,11,2,80.76923076923077,10.5
CA Ingram,2019,184,157,63,20,5,58,10,117.19745222929936,18.4
CA Lynn,2012,6,10,6,1,0,2,1,60.0,6.0
CA Lynn,2014,58,52,21,5,3,20,2,111.53846153846155,29.0
CA Lynn,2016,25,23,8,0,1,7,1,108.69565217391303,25.0
CA Lynn,2017,295,175,48,25,19,55,6,168.57142857142858,49.166666666666664
CA Lynn,2018,491,382,157,56,18,127,14,128.53403141361258,35.07142857142857
CA Lynn,2019,405,296,122,41,22,91,13,136.82432432432432,31.153846153846153
CA Lynn,2021,49,36,14,4,3,13,2,136.11111111111111,24.5
CA Pujara,2009/10,122,119,50,14,3,44,4,102.52100840336134,30.5
CA Pujara,2011,34,32,10,4,0,16,3,106.25,11.333333333333334
CA Pujara,2012,17,23,15,1,1,3,3,73.91304347826086,5.666666666666667
CA Pujara,2013,92,100,51,14,0,28,4,92.0,23.0
CA Pujara,2014,125,129,52,17,0,42,4,96.89922480620154,31.25
CH Gayle,2009,184,159,73,18,10,40,7,115.72327044025157,26.285714285714285
CH Gayle,2009/10,292,197,62,30,16,63,9,148.2233502538071,32.44444444444444
CH Gayle,2011,608,342,115,57,44,98,9,177.77777777777777,67.55555555555556
CH Gayle,2012,733,472,168,46,59,162,12,155.29661016949152,61.083333333333336
CH Gayle,2013,720,484,176,57,52,141,12,148.7603305785124,60.0
CH Gayle,2014,196,188,101,18,12,42,9,104.25531914893618,21.77777777777778
CH Gayle,2015,491,359,146,39,38,93,13,136.76880222841226,37.76923076923077
CH Gayle,2016,227,159,75,17,21,29,10,142.76729559748426,22.7
CH Gayle,2017,200,172,75,15,14,50,9,116.27906976744187,22.22222222222222
CH Gayle,2018,368,261,110,30,27,78,9,140.99616858237547,40.888888888888886
CH Gayle,2019,490,338,135,45,34,92,12,144.97041420118344,40.833333333333336
CH Gayle,2020/21,295,225,84,15,24,77,6,131.11111111111111,49.166666666666664
CH Gayle,2021,193,160,67,21,8,53,11,120.625,17.545454545454547
CH Morris,2013,14,17,6,0,0,6,2,82.35294117647058,7.0
CH Morris,2015,76,47,8,3,5,24,2,161.70212765957444,38.0
CH Morris,2016,195,114,31,15,12,39,4,171.05263157894737,48.75
CH Morris,2017,154,97,21,15,6,44,5,158.76288659793815,30.8
CH Morris,2018,46,26,3,3,2,13,1,176.9230769230769,46.0
CH Morris,2019,32,38,19,1,2,12,6,84.21052631578947,5.333333333333333
CH Morris,2020/21,34,21,9,2,3,6,4,161.9047619047619,8.5
CH Morris,2021,67,53,18,2,5,19,5,126.41509433962264,13.4
CJ Anderson,2014,265,186,67,21,15,60,9,142.4731182795699,29.444444444444443
CJ Anderson,2015,114,98,49,11,6,24,3,116.3265306122449,38.0
CJ Anderson,2017,142,130,54,8,9,44,7,109.23076923076923,20.285714285714285
CJ Anderson,2018,17,22,10,0,1,11,3,77.27272727272727,5.666666666666667
CJ Ferguson,2011,48,56,26,6,0,20,2,85.71428571428571,24.0
CJ Ferguson,2012,50,63,29,3,0,22,4,79.36507936507937,12.5
CJ Jordan,2016,3,4,1,0,0,1,0,75.0,inf
CJ Jordan,2017,0,1,1,0,0,0,1,0.0,0.0
CJ Jordan,2020/21,29,33,13,2,0,9,3,87.87878787878788,9.666666666666666
CJ Jordan,2021,32,21,8,1,3,8,2,152.38095238095238,16.0
CJ Jordan,2022,11,9,2,0,0,1,1,122.22222222222223,11.0
CJ Jordan,2023,6,13,6,0,0,4,2,46.15384615384615,3.0
CJ McKay,2012,8,15,8,0,0,6,1,53.333333333333336,8.0
CK Kapugedera,2007/08,16,24,7,0,0,12,3,66.66666666666666,5.333333333333333
CK Langeveldt,2009/10,0,1,1,0,0,0,1,0.0,0.0
CK Langeveldt,2011,8,8,5,0,1,2,1,100.0,8.0
CL White,2007/08,114,105,37,8,4,48,5,108.57142857142857,22.8
CL White,2009/10,48,33,11,3,3,14,2,145.45454545454547,24.0
CL White,2011,104,109,42,6,2,49,4,95.41284403669725,26.0
CL White,2012,479,327,87,41,20,145,12,146.48318042813455,39.916666666666664
CL White,2013,226,200,75,18,9,79,12,112.99999999999999,18.833333333333332
CM Gautam,2013,44,37,11,4,1,15,2,118.91891891891892,22.0
CM Gautam,2014,121,116,53,13,5,23,6,104.3103448275862,20.166666666666668
CM Gautam,2015,4,5,2,0,0,2,1,80.0,4.0
CR Brathwaite,2016,83,40,12,6,8,7,6,207.50000000000003,13.833333333333334
CR Brathwaite,2017,12,16,9,2,0,4,2,75.0,6.0
CR Brathwaite,2018,75,54,18,1,8,19,4,138.88888888888889,18.75
CR Brathwaite,2019,11,10,2,1,0,7,2,110.00000000000001,5.5
CR Woakes,2017,46,47,21,4,1,18,3,97.87234042553192,15.333333333333334
CR Woakes,2018,17,19,10,1,1,7,2,89.47368421052632,8.5
CR Woakes,2021,15,11,2,2,0,7,0,136.36363636363635,inf
CRD Fernando,2007/08,2,1,0,0,0,0,1,200.0,2.0
CRD Fernando,2009/10,2,2,0,0,0,2,0,100.0,inf
CV Varun,2020/21,10,16,5,0,0,8,2,62.5,5.0
CV Varun,2021,2,4,2,0,0,2,0,50.0,inf
CV Varun,2022,12,18,12,2,0,4,0,66.66666666666666,inf
CV Varun,2023,1,11,8,0,0,1,0,9.090909090909092,inf
CV Varun,2025,1,1,0,0,0,1,0,100.0,inf
CV Varun,2026,5,6,4,1,0,1,2,83.33333333333334,2.5
D Brevis,2022,161,116,52,14,11,33,7,138.79310344827587,23.0
D Brevis,2024,69,60,27,3,5,21,3,114.99999999999999,23.0
D Brevis,2025,225,129,33,13,17,53,6,174.41860465116278,37.5
D Brevis,2026,151,127,44,8,10,51,8,118.8976377952756,18.875
D Ferreira,2024,8,11,5,0,0,4,2,72.72727272727273,4.0
D Ferreira,2025,1,3,1,0,0,1,1,33.33333333333333,1.0
D Ferreira,2026,317,181,60,26,23,53,9,175.13812154696134,35.22222222222222
D Kalyankrishna,2007/08,3,8,4,0,0,3,1,37.5,3.0
D Padikkal,2020/21,473,398,125,51,8,162,14,118.84422110552764,33.785714285714285
D Padikkal,2021,411,342,133,44,14,110,14,120.17543859649122,29.357142857142858
D Padikkal,2022,376,317,128,41,14,104,17,118.61198738170347,22.11764705882353
D Padikkal,2023,261,206,69,31,6,81,11,126.6990291262136,23.727272727272727
D Padikkal,2024,38,60,28,3,0,17,7,63.33333333333333,5.428571428571429
D Padikkal,2025,247,173,57,22,14,63,9,142.77456647398844,27.444444444444443
D Padikkal,2026,464,283,79,49,24,108,14,163.95759717314488,33.142857142857146
D Pretorius,2022,44,28,10,3,3,10,4,157.14285714285714,11.0
D Salunkhe,2007/08,33,24,8,5,0,9,1,137.5,33.0
D Wiese,2015,122,90,24,12,4,40,5,135.55555555555557,24.4
D Wiese,2016,5,4,0,0,0,3,0,125.0,inf
D Wiese,2023,21,11,4,0,3,3,1,190.9090909090909,21.0
D du Preez,2009,10,13,5,0,0,6,1,76.92307692307693,10.0
DA Miller,2012,98,76,19,6,4,34,2,128.94736842105263,49.0
DA Miller,2013,418,257,59,28,24,111,8,162.64591439688715,52.25
DA Miller,2014,446,307,84,34,21,122,9,145.27687296416937,49.55555555555556
DA Miller,2015,357,274,89,21,21,105,13,130.2919708029197,27.46153846153846
DA Miller,2016,161,139,40,11,4,59,10,115.8273381294964,16.1
DA Miller,2017,83,82,31,4,4,33,3,101.21951219512195,27.666666666666668
DA Miller,2018,74,66,15,3,2,32,2,112.12121212121211,37.0
DA Miller,2019,213,174,52,19,7,73,8,122.41379310344827,26.625
DA Miller,2021,124,115,43,11,3,49,5,107.82608695652173,24.8
DA Miller,2022,481,348,88,32,23,159,9,138.2183908045977,53.44444444444444
DA Miller,2023,259,184,43,18,13,83,8,140.76086956521738,32.375
DA Miller,2024,210,149,38,20,8,58,7,140.93959731543623,30.0
DA Miller,2025,153,124,32,13,4,57,5,123.38709677419355,30.6
DA Miller,2026,211,146,43,15,14,59,7,144.5205479452055,30.142857142857142
DA Payne,2026,6,5,0,0,0,2,0,120.0,inf
DA Warner,2009,163,137,53,16,5,47,7,118.97810218978103,23.285714285714285
DA Warner,2009/10,282,195,69,27,14,68,10,144.6153846153846,28.2
DA Warner,2011,324,281,118,34,11,85,13,115.30249110320285,24.923076923076923
DA Warner,2012,256,161,64,28,14,32,7,159.0062111801242,36.57142857142857
DA Warner,2013,410,333,120,41,14,122,14,123.12312312312312,29.285714285714285
DA Warner,2014,528,386,110,39,24,158,12,136.78756476683938,44.0
DA Warner,2015,562,368,123,65,21,112,12,152.7173913043478,46.833333333333336
DA Warner,2016,848,579,177,88,31,206,16,146.4594127806563,53.0
DA Warner,2017,641,462,150,63,26,167,11,138.74458874458875,58.27272727272727
DA Warner,2019,692,496,130,57,21,195,12,139.51612903225808,57.666666666666664
DA Warner,2020/21,548,423,131,52,14,156,14,129.55082742316785,39.142857142857146
DA Warner,2021,197,191,77,15,6,63,6,103.1413612565445,32.833333333333336
DA Warner,2022,432,301,96,52,15,104,9,143.52159468438538,48.0
DA Warner,2023,516,406,153,69,10,133,13,127.0935960591133,39.69230769230769
DA Warner,2024,168,130,57,17,10,34,8,129.23076923076923,21.0
DAJ Bracewell,2012,12,9,1,1,0,6,0,133.33333333333331,inf
DB Das,2007/08,103,95,42,9,5,31,6,108.42105263157895,17.166666666666668
DB Das,2012,126,96,28,9,6,38,1,131.25,126.0
DB Das,2013,75,76,37,5,5,23,5,98.68421052631578,15.0
DB Ravi Teja,2007/08,109,85,29,10,5,33,6,128.23529411764707,18.166666666666668
DB Ravi Teja,2009,65,71,27,7,0,26,4,91.54929577464789,16.25
DB Ravi Teja,2011,183,147,43,17,4,65,7,124.48979591836735,26.142857142857142
DB Ravi Teja,2012,4,4,3,1,0,0,2,100.0,2.0
DB Ravi Teja,2013,14,18,3,0,0,12,1,77.77777777777779,14.0
DE Bollinger,2009/10,18,17,6,1,1,6,0,105.88235294117648,inf
DE Bollinger,2011,0,1,1,0,0,0,0,0.0,
DE Bollinger,2012,3,5,2,0,0,3,1,60.0,3.0
DG Nalkande,2023,0,1,1,0,0,0,1,0.0,0.0
DG Nalkande,2024,12,11,4,0,1,6,1,109.09090909090908,12.0
DH Yagnik,2011,16,23,9,1,0,8,1,69.56521739130434,16.0
DH Yagnik,2012,25,14,4,5,0,3,1,178.57142857142858,25.0
DH Yagnik,2013,125,99,34,17,2,29,7,126.26262626262626,17.857142857142858
DH Yagnik,2014,4,6,1,0,0,4,0,66.66666666666666,inf
DJ Bravo,2007/08,178,137,46,19,5,50,6,129.92700729927006,29.666666666666668
DJ Bravo,2009,218,211,87,15,8,69,8,103.3175355450237,27.25
DJ Bravo,2009/10,61,53,24,3,4,17,7,115.09433962264151,8.714285714285714
DJ Bravo,2011,11,6,3,1,1,1,1,183.33333333333331,11.0
DJ Bravo,2012,371,271,82,20,20,104,8,136.90036900369006,46.375
DJ Bravo,2013,121,112,43,11,3,31,8,108.03571428571428,15.125
DJ Bravo,2014,8,3,0,0,1,2,0,266.66666666666663,inf
DJ Bravo,2015,195,151,49,22,5,58,8,129.13907284768212,24.375
DJ Bravo,2016,99,88,26,11,1,33,8,112.5,12.375
DJ Bravo,2018,141,93,27,8,10,39,4,151.61290322580646,35.25
DJ Bravo,2019,80,68,23,6,3,26,5,117.64705882352942,16.0
DJ Bravo,2020/21,7,6,2,0,0,1,2,116.66666666666667,3.5
DJ Bravo,2021,47,22,4,3,4,3,2,213.63636363636363,23.5
DJ Bravo,2022,23,26,9,1,1,13,2,88.46153846153845,11.5
DJ Harris,2012,111,103,48,11,5,33,3,107.76699029126213,37.0
DJ Hooda,2015,151,99,30,6,11,33,9,152.52525252525254,16.77777777777778
DJ Hooda,2016,144,125,39,9,5,56,11,115.19999999999999,13.090909090909092
DJ Hooda,2017,78,53,12,5,4,28,3,147.16981132075472,26.0
DJ Hooda,2018,87,86,23,2,3,44,5,101.16279069767442,17.4
DJ Hooda,2019,64,68,25,5,1,26,6,94.11764705882352,10.666666666666666
DJ Hooda,2020/21,102,74,18,5,5,34,1,137.83783783783784,102.0
DJ Hooda,2021,160,125,42,9,9,52,9,128.0,17.77777777777778
DJ Hooda,2022,451,340,98,36,18,146,14,132.64705882352942,32.214285714285715
DJ Hooda,2023,84,93,32,3,2,43,11,90.32258064516128,7.636363636363637
DJ Hooda,2024,145,107,31,16,3,48,8,135.5140186915888,18.125
DJ Hooda,2025,31,43,22,2,1,11,5,72.09302325581395,6.2
DJ Hussey,2007/08,319,267,95,19,17,103,11,119.47565543071161,29.0
DJ Hussey,2009,98,61,19,7,6,19,3,160.65573770491804,32.666666666666664
DJ Hussey,2009/10,94,89,29,5,5,40,4,105.61797752808988,23.5
DJ Hussey,2011,64,65,24,3,3,25,6,98.46153846153847,10.666666666666666
DJ Hussey,2012,396,313,101,28,17,128,12,126.51757188498402,33.0
DJ Hussey,2013,235,210,76,20,6,91,11,111.90476190476191,21.363636363636363
DJ Hussey,2014,116,96,33,8,6,46,2,120.83333333333333,58.0
DJ Jacobs,2011,92,91,44,10,4,22,6,101.0989010989011,15.333333333333334
DJ Jacobs,2012,0,10,9,0,0,0,1,0.0,0.0
DJ Malan,2021,26,26,9,1,1,12,1,100.0,26.0
DJ Mitchell,2022,33,46,16,1,0,25,2,71.73913043478261,16.5
DJ Mitchell,2024,318,228,57,27,10,105,11,139.4736842105263,28.90909090909091
DJ Muthuswami,2015,1,3,2,0,0,1,1,33.33333333333333,1.0
DJ Thornely,2007/08,39,54,26,2,2,19,3,72.22222222222221,13.0
DJ Willey,2022,18,32,21,3,0,4,3,56.25,6.0
DJ Willey,2023,35,32,11,4,0,13,0,109.375,inf
DJG Sammy,2013,174,136,47,11,10,50,6,127.94117647058823,29.0
DJG Sammy,2014,108,97,37,4,8,31,7,111.34020618556701,15.428571428571429
DJG Sammy,2015,13,18,5,0,0,13,2,72.22222222222221,6.5
DJM Short,2018,115,102,44,11,5,35,7,112.74509803921569,16.428571428571427
DL Chahar,2017,14,6,2,0,2,2,1,233.33333333333334,14.0
DL Chahar,2018,50,30,6,1,4,14,3,166.66666666666669,16.666666666666668
DL Chahar,2019,7,10,5,1,0,3,2,70.0,3.5
DL Chahar,2020/21,7,12,6,0,0,1,1,58.333333333333336,7.0
DL Chahar,2021,1,1,0,0,0,1,0,100.0,inf
DL Chahar,2023,1,2,1,0,0,1,0,50.0,inf
DL Chahar,2025,37,25,8,3,2,9,1,148.0,37.0
DL Chahar,2026,25,19,9,3,1,3,2,131.57894736842107,12.5
DL Vettori,2009,34,32,8,3,0,15,2,106.25,17.0
DL Vettori,2009/10,33,28,5,4,0,13,1,117.85714285714286,33.0
DL Vettori,2011,23,30,10,1,1,13,1,76.66666666666667,23.0
DL Vettori,2012,31,28,8,3,1,13,3,110.71428571428572,10.333333333333334
DM Bravo,2017,6,5,2,1,0,2,0,120.0,inf
DNT Zoysa,2007/08,11,9,1,1,0,3,1,122.22222222222223,11.0
DP Conway,2022,252,176,52,23,12,73,6,143.1818181818182,42.0
DP Conway,2023,672,493,152,77,18,191,14,136.30831643002028,48.0
DP Conway,2025,156,125,36,17,4,42,5,124.8,31.2
DP Nannes,2009/10,4,13,9,0,0,4,1,30.76923076923077,4.0
DP Vijaykumar,2007/08,1,1,0,0,0,1,0,100.0,inf
DPMD Jayawardene,2007/08,179,138,42,15,7,53,9,129.71014492753622,19.88888888888889
DPMD Jayawardene,2009,219,172,44,17,7,81,7,127.32558139534885,31.285714285714285
DPMD Jayawardene,2009/10,445,312,90,55,12,115,12,142.62820512820514,37.083333333333336
DPMD Jayawardene,2011,299,272,97,35,5,96,12,109.9264705882353,24.916666666666668
DPMD Jayawardene,2012,335,306,110,39,3,120,10,109.47712418300655,33.5
DPMD Jayawardene,2013,331,322,145,39,6,100,14,102.79503105590062,23.642857142857142
DR Martyn,2009/10,19,26,8,1,0,15,2,73.07692307692307,9.5
DR Sams,2020/21,0,2,2,0,0,0,1,0.0,0.0
DR Sams,2021,6,6,2,0,0,2,1,100.0,6.0
DR Sams,2022,38,40,18,1,3,12,8,95.0,4.75
DR Shorey,2018,8,9,6,0,1,2,1,88.88888888888889,8.0
DR Shorey,2019,5,11,3,0,0,5,1,45.45454545454545,5.0
DR Smith,2007/08,45,41,16,5,1,13,2,109.75609756097562,22.5
DR Smith,2009,215,134,36,12,15,49,8,160.44776119402985,26.875
DR Smith,2009/10,22,25,12,1,1,8,2,88.0,11.0
DR Smith,2012,157,102,34,18,7,31,4,153.921568627451,39.25
DR Smith,2013,418,351,153,40,19,99,13,119.0883190883191,32.15384615384615
DR Smith,2014,566,425,170,50,34,126,17,133.1764705882353,33.294117647058826
DR Smith,2015,399,341,171,52,16,73,14,117.00879765395895,28.5
DR Smith,2016,324,226,90,35,16,71,11,143.36283185840708,29.454545454545453
DR Smith,2017,239,158,56,32,8,51,10,151.26582278481013,23.9
DS Kulkarni,2007/08,2,17,14,0,0,2,0,11.76470588235294,inf
DS Kulkarni,2009,9,18,7,0,0,9,2,50.0,4.5
DS Kulkarni,2011,2,4,2,0,0,2,1,50.0,2.0
DS Kulkarni,2012,10,5,1,2,0,2,0,200.0,inf
DS Kulkarni,2014,35,27,6,1,2,13,1,129.62962962962962,35.0
DS Kulkarni,2015,4,12,7,0,0,4,2,33.33333333333333,2.0
DS Kulkarni,2016,27,16,3,3,0,4,2,168.75,13.5
DS Kulkarni,2017,1,2,1,0,0,1,1,50.0,1.0
DS Kulkarni,2018,6,7,1,0,0,6,0,85.71428571428571,inf
DS Kulkarni,2019,5,3,1,1,0,1,0,166.66666666666669,inf
DS Kulkarni,2020/21,3,2,0,0,0,1,0,150.0,inf
DS Lehmann,2007/08,18,19,8,3,0,6,2,94.73684210526315,9.0
DS Rathi,2025,1,4,2,0,0,1,1,25.0,1.0
DS Rathi,2026,2,5,2,0,0,2,0,40.0,inf
DT Christian,2011,190,161,47,9,7,77,10,118.01242236024845,19.0
DT Christian,2012,145,122,31,8,6,66,5,118.85245901639345,29.0
DT Christian,2013,6,16,10,0,0,4,2,37.5,3.0
DT Christian,2017,79,52,16,5,5,15,6,151.9230769230769,13.166666666666666
DT Christian,2018,26,33,11,0,1,18,1,78.78787878787878,26.0
DT Christian,2021,14,24,13,1,0,10,4,58.333333333333336,3.5
DT Patil,2007/08,13,13,5,1,0,5,1,100.0,13.0
DV Malewar,2026,2,5,3,0,0,2,2,40.0,1.0
DW Steyn,2007/08,2,5,3,0,0,2,2,40.0,1.0
DW Steyn,2009,0,3,3,0,0,0,1,0.0,0.0
DW Steyn,2009/10,13,17,9,2,0,5,4,76.47058823529412,3.25
DW Steyn,2011,36,37,12,3,0,14,3,97.2972972972973,12.0
DW Steyn,2012,19,21,11,0,1,5,5,90.47619047619048,3.8
DW Steyn,2013,53,37,13,5,2,9,2,143.24324324324326,26.5
DW Steyn,2014,22,26,10,1,0,12,2,84.61538461538461,11.0
DW Steyn,2015,20,13,3,3,0,6,2,153.84615384615387,10.0
DW Steyn,2016,1,2,1,0,0,1,1,50.0,1.0
DW Steyn,2020/21,1,2,1,0,0,1,0,50.0,inf
Dhruv Jurel,2023,152,93,20,11,9,40,6,163.44086021505376,25.333333333333332
Dhruv Jurel,2024,195,144,45,18,7,61,7,135.41666666666669,27.857142857142858
Dhruv Jurel,2025,333,219,66,22,22,89,9,152.05479452054794,37.0
Dhruv Jurel,2026,515,345,101,47,24,139,16,149.27536231884056,32.1875
E Lewis,2018,382,290,120,32,24,83,13,131.72413793103448,29.384615384615383
E Lewis,2019,48,53,27,4,2,17,3,90.56603773584906,16.0
E Lewis,2021,151,96,35,18,7,29,5,157.29166666666669,30.2
E Lewis,2022,73,60,22,8,3,17,3,121.66666666666666,24.333333333333332
E Malinga,2026,7,18,9,0,0,7,1,38.88888888888889,7.0
EJG Morgan,2009/10,35,31,9,2,1,15,3,112.90322580645163,11.666666666666666
EJG Morgan,2011,137,123,52,17,3,34,8,111.3821138211382,17.125
EJG Morgan,2013,307,250,90,28,13,79,10,122.8,30.7
EJG Morgan,2015,187,154,62,11,11,55,8,121.42857142857142,23.375
EJG Morgan,2016,123,105,35,8,4,43,5,117.14285714285715,24.6
EJG Morgan,2017,65,62,24,6,2,29,4,104.83870967741935,16.25
EJG Morgan,2020/21,419,314,110,32,24,109,11,133.4394904458599,38.09090909090909
EJG Morgan,2021,133,142,62,8,6,52,12,93.66197183098592,11.083333333333334
ER Dwivedi,2016,24,15,5,2,2,4,2,160.0,12.0
F Behardien,2016,14,13,5,2,0,6,2,107.6923076923077,7.0
F du Plessis,2012,398,310,104,29,17,129,11,128.38709677419357,36.18181818181818
F du Plessis,2014,303,240,65,26,7,113,10,126.25,30.3
F du Plessis,2015,380,317,89,37,5,145,11,119.87381703470032,34.54545454545455
F du Plessis,2016,206,169,58,17,9,62,6,121.89349112426035,34.333333333333336
F du Plessis,2017,8,7,2,1,0,4,1,114.28571428571428,8.0
F du Plessis,2018,162,130,53,17,6,45,6,124.61538461538461,27.0
F du Plessis,2019,396,326,122,36,15,132,11,121.47239263803682,36.0
F du Plessis,2020/21,449,329,95,42,14,133,11,136.4741641337386,40.81818181818182
F du Plessis,2021,633,471,147,61,23,193,14,134.39490445859872,45.214285714285715
F du Plessis,2022,468,377,139,49,13,129,16,124.13793103448276,29.25
F du Plessis,2023,730,483,124,60,36,219,13,151.13871635610764,56.15384615384615
F du Plessis,2024,438,276,90,47,21,89,15,158.69565217391303,29.2
F du Plessis,2025,202,170,61,18,8,66,10,118.82352941176471,20.2
FA Allen,2021,6,12,6,0,0,6,1,50.0,6.0
FA Allen,2022,8,7,3,1,0,2,1,114.28571428571428,8.0
FH Allen,2026,349,168,57,33,28,39,11,207.73809523809524,31.727272727272727
FH Edwards,2009,4,5,3,0,0,1,1,80.0,4.0
FY Fazal,2009/10,164,160,53,19,1,70,8,102.49999999999999,20.5
FY Fazal,2011,19,19,9,3,0,5,1,100.0,19.0
Fazalhaq Farooqi,2022,2,8,6,0,0,2,0,25.0,inf
Fazalhaq Farooqi,2023,1,5,4,0,0,1,0,20.0,inf
Fazalhaq Farooqi,2025,2,2,0,0,0,2,0,100.0,inf
G Coetzee,2024,14,22,11,0,1,8,4,63.63636363636363,3.5
G Coetzee,2025,17,11,5,2,1,3,2,154.54545454545453,8.5
G Gambhir,2007/08,534,394,112,68,8,156,14,135.53299492385787,38.142857142857146
G Gambhir,2009,286,283,120,32,2,96,13,101.0600706713781,22.0
G Gambhir,2009/10,277,223,71,32,2,83,10,124.2152466367713,27.7
G Gambhir,2011,378,332,103,44,3,136,11,113.85542168674698,34.36363636363637
G Gambhir,2012,590,429,126,64,17,167,14,137.52913752913753,42.142857142857146
G Gambhir,2013,406,354,134,51,5,116,15,114.68926553672316,27.066666666666666
G Gambhir,2014,335,301,107,36,4,109,14,111.29568106312293,23.928571428571427
G Gambhir,2015,327,288,105,41,4,107,14,113.54166666666667,23.357142857142858
G Gambhir,2016,501,424,131,54,6,181,12,118.16037735849056,41.75
G Gambhir,2017,498,405,128,62,7,162,14,122.96296296296296,35.57142857142857
G Gambhir,2018,85,91,33,8,1,39,4,93.4065934065934,21.25
GB Hogg,2012,15,16,5,1,0,9,2,93.75,7.5
GB Hogg,2015,7,6,0,0,0,5,0,116.66666666666667,inf
GC Smith,2007/08,441,375,137,54,8,133,12,117.6,36.75
GC Smith,2009,212,222,96,27,1,75,11,95.4954954954955,19.272727272727273
GC Smith,2009/10,44,40,19,7,0,10,3,110.00000000000001,14.666666666666666
GC Smith,2011,42,54,31,6,0,10,4,77.77777777777779,10.5
GC Viljoen,2019,3,7,3,0,0,1,2,42.857142857142854,1.5
GD McGrath,2007/08,4,5,4,1,0,0,1,80.0,4.0
GD Phillips,2021,26,33,21,1,2,6,2,78.78787878787878,13.0
GD Phillips,2023,39,22,10,2,4,5,5,177.27272727272728,7.8
GD Phillips,2026,67,57,14,4,2,29,4,117.54385964912282,16.75
GF Linde,2026,31,21,9,6,0,3,3,147.61904761904762,10.333333333333334
GH Vihari,2013,241,287,114,17,1,120,14,83.97212543554006,17.214285714285715
GH Vihari,2015,39,36,15,6,0,13,4,108.33333333333333,9.75
GH Vihari,2019,4,8,4,0,0,4,2,50.0,2.0
GHS Garton,2021,2,4,2,0,0,2,1,50.0,2.0
GJ Bailey,2009,45,40,16,7,0,13,3,112.5,15.0
GJ Bailey,2009/10,18,27,15,2,0,8,2,66.66666666666666,9.0
GJ Bailey,2014,257,190,57,19,10,81,10,135.26315789473685,25.7
GJ Bailey,2015,259,196,50,22,7,89,10,132.14285714285714,25.9
GJ Bailey,2016,84,99,49,9,2,31,4,84.84848484848484,21.0
GJ Maxwell,2012,6,11,4,0,0,4,1,54.54545454545454,6.0
GJ Maxwell,2013,36,27,15,1,4,6,2,133.33333333333331,18.0
GJ Maxwell,2014,552,312,76,48,36,94,17,176.9230769230769,32.470588235294116
GJ Maxwell,2015,146,115,50,13,8,32,11,126.95652173913044,13.272727272727273
GJ Maxwell,2016,179,129,39,14,8,43,9,138.75968992248062,19.88888888888889
GJ Maxwell,2017,310,186,55,20,26,62,10,166.66666666666669,31.0
GJ Maxwell,2018,169,122,46,14,9,40,12,138.52459016393445,14.083333333333334
GJ Maxwell,2020/21,108,112,36,9,0,49,7,96.42857142857143,15.428571428571429
GJ Maxwell,2021,513,373,111,48,21,141,11,137.53351206434317,46.63636363636363
GJ Maxwell,2022,301,184,56,31,15,57,10,163.58695652173913,30.1
GJ Maxwell,2023,400,225,68,29,31,75,12,177.77777777777777,33.333333333333336
GJ Maxwell,2024,52,46,20,6,2,12,9,113.04347826086956,5.777777777777778
GJ Maxwell,2025,48,54,21,5,1,18,6,88.88888888888889,8.0
GR Napier,2009,15,16,7,1,0,5,1,93.75,15.0
Gulbadin Naib,2024,19,15,4,1,1,9,1,126.66666666666666,19.0
Gurkeerat Singh,2012,86,54,13,12,2,20,3,159.25925925925927,28.666666666666668
Gurkeerat Singh,2013,108,98,35,10,3,34,9,110.20408163265304,12.0
Gurkeerat Singh,2015,35,41,18,3,1,17,5,85.36585365853658,7.0
Gurkeerat Singh,2016,113,87,26,11,3,41,6,129.8850574712644,18.833333333333332
Gurkeerat Singh,2019,98,73,16,11,2,34,3,134.24657534246575,32.666666666666664
Gurkeerat Singh,2020/21,71,83,37,8,0,30,1,85.54216867469879,71.0
H Das,2007/08,2,5,3,0,0,2,1,40.0,2.0
H Klaasen,2018,57,48,16,5,1,19,3,118.75,19.0
H Klaasen,2019,9,10,2,0,0,5,2,90.0,4.5
H Klaasen,2023,448,262,48,32,25,124,9,170.99236641221373,49.77777777777778
H Klaasen,2024,479,293,73,19,38,119,12,163.48122866894198,39.916666666666664
H Klaasen,2025,487,294,61,42,25,134,10,165.64625850340136,48.7
H Klaasen,2026,624,413,100,48,31,169,13,151.08958837772397,48.0
HC Brook,2023,190,159,64,23,4,50,9,119.49685534591194,21.11111111111111
HE van der Dussen,2022,22,25,9,2,0,8,2,88.0,11.0
HF Gurney,2019,1,5,4,0,0,1,0,20.0,inf
HH Gibbs,2007/08,167,159,80,17,8,38,9,105.0314465408805,18.555555555555557
HH Gibbs,2009,371,344,131,32,12,120,11,107.84883720930232,33.72727272727273
HH Gibbs,2009/10,267,243,97,26,9,80,10,109.87654320987654,26.7
HH Gibbs,2012,81,91,46,8,2,26,2,89.01098901098901,40.5
HH Pandya,2015,112,68,17,9,8,22,5,164.70588235294116,22.4
HH Pandya,2016,44,66,31,4,0,24,7,66.66666666666666,6.285714285714286
HH Pandya,2017,250,172,50,11,20,67,9,145.3488372093023,27.77777777777778
HH Pandya,2018,260,205,60,20,11,89,9,126.82926829268293,28.88888888888889
HH Pandya,2019,409,225,55,28,30,75,9,181.77777777777777,45.44444444444444
HH Pandya,2020/21,283,167,48,14,25,63,8,169.46107784431138,35.375
HH Pandya,2021,127,116,50,11,5,40,9,109.48275862068965,14.11111111111111
HH Pandya,2022,487,387,115,49,12,164,10,125.83979328165375,48.7
HH Pandya,2023,346,254,77,26,15,114,11,136.2204724409449,31.454545454545453
HH Pandya,2024,216,154,53,17,11,58,12,140.25974025974025,18.0
HH Pandya,2025,224,148,42,18,13,54,10,151.35135135135135,22.4
HH Pandya,2026,206,154,46,21,7,62,9,133.76623376623377,22.88888888888889
HM Amla,2016,157,122,43,20,4,45,6,128.68852459016392,26.166666666666668
HM Amla,2017,420,296,87,40,17,119,7,141.89189189189187,60.0
HR Shokeen,2022,43,48,24,5,0,13,2,89.58333333333334,21.5
HR Shokeen,2023,23,19,5,4,0,7,1,121.05263157894737,23.0
HV Patel,2012,15,17,3,1,0,11,2,88.23529411764706,7.5
HV Patel,2014,13,7,3,1,1,1,2,185.71428571428572,6.5
HV Patel,2015,19,14,4,0,2,3,4,135.71428571428572,4.75
HV Patel,2018,60,33,6,1,6,20,0,181.8181818181818,inf
HV Patel,2019,0,3,2,0,0,0,1,0.0,0.0
HV Patel,2020/21,21,25,12,2,0,7,2,84.0,10.5
HV Patel,2021,59,48,18,6,2,15,6,122.91666666666667,9.833333333333334
HV Patel,2022,43,42,19,4,2,13,4,102.38095238095238,10.75
HV Patel,2023,6,6,4,0,1,0,2,100.0,3.0
HV Patel,2024,13,19,14,1,1,3,3,68.42105263157895,4.333333333333333
HV Patel,2025,21,27,7,0,0,17,2,77.77777777777779,10.5
HV Patel,2026,10,9,4,2,0,2,2,111.11111111111111,5.0
Harbhajan Singh,2007/08,30,17,6,1,3,6,2,176.47058823529412,15.0
Harbhajan Singh,2009,84,57,15,6,5,20,9,147.36842105263156,9.333333333333334
Harbhajan Singh,2009/10,105,64,17,12,5,19,6,164.0625,17.5
Harbhajan Singh,2011,103,74,29,9,6,21,4,139.1891891891892,25.75
Harbhajan Singh,2012,108,82,30,14,3,28,9,131.70731707317074,12.0
Harbhajan Singh,2013,116,82,27,12,5,32,5,141.46341463414635,23.2
Harbhajan Singh,2014,28,26,13,2,2,6,6,107.6923076923077,4.666666666666667
Harbhajan Singh,2015,117,81,32,9,9,17,7,144.44444444444443,16.714285714285715
Harbhajan Singh,2016,92,91,40,11,2,26,3,101.0989010989011,30.666666666666668
Harbhajan Singh,2017,16,17,5,0,1,8,2,94.11764705882352,8.0
Harbhajan Singh,2018,29,38,19,3,1,9,2,76.31578947368422,14.5
Harbhajan Singh,2019,1,3,2,0,0,1,1,33.33333333333333,1.0
Harbhajan Singh,2021,4,4,1,0,0,2,0,100.0,inf
Harmeet Singh,2009/10,0,1,1,0,0,0,1,0.0,0.0
Harmeet Singh,2012,15,7,2,3,0,1,1,214.28571428571428,15.0
Harmeet Singh,2013,3,4,2,0,0,1,0,75.0,inf
Harpreet Brar,2019,20,14,3,2,1,6,0,142.85714285714286,inf
Harpreet Brar,2021,64,61,17,3,2,22,0,104.91803278688525,inf
Harpreet Brar,2022,22,25,16,1,2,6,3,88.0,7.333333333333333
Harpreet Brar,2023,52,42,14,5,2,20,7,123.80952380952381,7.428571428571429
Harpreet Brar,2024,75,59,16,8,2,19,2,127.11864406779661,37.5
Harpreet Brar,2025,11,13,8,0,1,3,1,84.61538461538461,11.0
Harpreet Brar,2026,5,3,1,1,0,1,0,166.66666666666669,inf
Harpreet Singh,2011,14,20,7,0,0,12,1,70.0,14.0
Harpreet Singh,2012,6,6,1,0,0,4,1,100.0,6.0
Harpreet Singh,2023,76,59,23,8,3,20,2,128.81355932203388,38.0
Harpreet Singh,2024,27,34,15,2,0,13,2,79.41176470588235,13.5
Harsh Dubey,2026,13,11,3,2,0,3,2,118.18181818181819,6.5
Harshit Rana,2022,2,2,1,0,0,0,1,100.0,2.0
Harshit Rana,2023,0,1,1,0,0,0,1,0.0,0.0
Harshit Rana,2025,57,54,27,5,3,12,5,105.55555555555556,11.4
Himmat Singh,2026,92,74,19,5,5,31,3,124.32432432432432,30.666666666666668
I Malhotra,2011,7,4,0,1,0,3,0,175.0,inf
I Sharma,2007/08,11,11,4,1,0,3,1,100.0,11.0
I Sharma,2009,16,13,5,1,1,4,2,123.07692307692308,8.0
I Sharma,2009/10,6,17,11,0,0,6,2,35.294117647058826,3.0
I Sharma,2011,4,5,1,0,0,4,0,80.0,inf
I Sharma,2017,8,13,7,1,0,4,2,61.53846153846154,4.0
I Sharma,2019,10,3,1,1,1,0,0,333.33333333333337,inf
I Sharma,2023,1,1,0,0,0,1,0,100.0,inf
I Sharma,2024,1,8,6,0,0,1,0,12.5,inf
I Udana,2020/21,15,11,4,1,1,5,3,136.36363636363635,5.0
IC Pandey,2013,0,2,2,0,0,0,1,0.0,0.0
IK Pathan,2007/08,131,120,46,9,6,42,5,109.16666666666666,26.2
IK Pathan,2009,196,164,55,17,6,57,11,119.51219512195121,17.818181818181817
IK Pathan,2009/10,276,188,40,21,10,89,8,146.80851063829786,34.5
IK Pathan,2011,150,146,52,12,6,58,7,102.73972602739727,21.428571428571427
IK Pathan,2012,176,133,30,14,6,58,7,132.33082706766916,25.142857142857142
IK Pathan,2013,153,159,60,10,4,69,8,96.22641509433963,19.125
IK Pathan,2014,55,58,18,5,0,23,4,94.82758620689656,13.75
IK Pathan,2016,11,14,2,0,0,9,2,78.57142857142857,5.5
IK Pathan,2017,2,3,1,0,0,2,1,66.66666666666666,2.0
IR Jaggi,2011,28,38,21,3,0,10,2,73.68421052631578,14.0
IR Jaggi,2012,15,22,9,0,0,10,2,68.18181818181817,7.5
IR Jaggi,2017,33,40,16,3,0,16,1,82.5,33.0
IS Sodhi,2018,1,6,5,0,0,1,1,16.666666666666664,1.0
IS Sodhi,2019,6,12,5,0,0,6,1,50.0,6.0
Imran Tahir,2014,8,10,8,2,0,0,2,80.0,4.0
Imran Tahir,2015,5,6,2,0,0,3,1,83.33333333333334,5.0
Imran Tahir,2016,5,7,5,1,0,1,1,71.42857142857143,5.0
Imran Tahir,2017,0,2,2,0,0,0,0,0.0,
Imran Tahir,2018,2,2,0,0,0,2,0,100.0,inf
Imran Tahir,2020/21,13,10,3,2,0,3,0,130.0,inf
Iqbal Abdulla,2007/08,1,2,1,0,0,1,0,50.0,inf
Iqbal Abdulla,2009/10,0,1,0,0,0,0,0,0.0,
Iqbal Abdulla,2011,15,12,3,1,0,5,0,125.0,inf
Iqbal Abdulla,2012,2,3,1,0,0,2,0,66.66666666666666,inf
Iqbal Abdulla,2013,8,14,5,0,0,8,0,57.14285714285714,inf
Iqbal Abdulla,2015,20,20,8,4,0,4,1,100.0,20.0
Iqbal Abdulla,2016,37,27,7,4,1,11,0,137.03703703703704,inf
Iqbal Abdulla,2017,5,7,3,0,0,3,0,71.42857142857143,inf
Ishan Kishan,2016,42,41,15,5,0,16,4,102.4390243902439,10.5
Ishan Kishan,2017,277,214,84,29,13,69,10,129.4392523364486,27.7
Ishan Kishan,2018,275,187,72,22,17,57,12,147.05882352941177,22.916666666666668
Ishan Kishan,2019,101,104,45,8,4,39,5,97.11538461538461,20.2
Ishan Kishan,2020/21,516,361,110,36,30,160,9,142.93628808864264,57.333333333333336
Ishan Kishan,2021,241,182,62,21,10,73,9,132.41758241758242,26.77777777777778
Ishan Kishan,2022,418,355,136,45,11,133,13,117.74647887323944,32.15384615384615
Ishan Kishan,2023,454,325,126,54,18,103,15,139.69230769230768,30.266666666666666
Ishan Kishan,2024,320,222,82,35,16,70,14,144.14414414414415,22.857142857142858
Ishan Kishan,2025,354,246,65,33,15,100,10,143.90243902439025,35.4
Ishan Kishan,2026,602,342,86,60,32,131,14,176.0233918128655,43.0
J Arunkumar,2007/08,23,24,14,5,0,3,3,95.83333333333334,7.666666666666667
J Botha,2009,47,42,11,5,0,18,3,111.90476190476191,15.666666666666666
J Botha,2011,230,200,61,20,2,86,6,114.99999999999999,38.333333333333336
J Botha,2012,58,55,18,4,1,25,4,105.45454545454544,14.5
J Botha,2013,43,52,33,5,1,9,6,82.6923076923077,7.166666666666667
J Botha,2015,31,15,3,5,1,5,3,206.66666666666669,10.333333333333334
J Fraser-McGurk,2024,330,150,48,32,28,25,8,220.00000000000003,41.25
J Fraser-McGurk,2025,55,53,30,7,2,9,6,103.77358490566037,9.166666666666666
J Overton,2025,15,7,1,1,1,1,0,214.28571428571428,inf
J Overton,2026,136,91,23,13,6,35,5,149.45054945054946,27.2
J Suchith,2015,48,33,10,4,2,10,1,145.45454545454547,48.0
J Suchith,2019,6,15,9,0,0,6,1,40.0,6.0
J Suchith,2021,14,6,1,2,1,0,0,233.33333333333334,inf
J Suchith,2022,2,8,5,0,0,2,2,25.0,1.0
J Syed Mohammad,2011,15,13,3,2,0,7,0,115.38461538461537,inf
J Syed Mohammad,2012,4,1,0,1,0,0,0,400.0,inf
J Syed Mohammad,2013,10,13,7,1,0,4,2,76.92307692307693,5.0
J Theron,2009/10,2,6,3,0,0,2,2,33.33333333333333,1.0
J Theron,2012,7,6,2,1,0,3,0,116.66666666666667,inf
J Theron,2015,1,1,0,0,0,1,0,100.0,inf
J Yadav,2016,6,12,4,0,0,6,0,50.0,inf
J Yadav,2021,34,26,8,2,1,10,2,130.76923076923077,17.0
JA Morkel,2007/08,241,168,56,18,14,62,8,143.45238095238096,30.125
JA Morkel,2009,97,73,17,8,4,37,5,132.87671232876713,19.4
JA Morkel,2009/10,199,135,36,10,13,57,7,147.40740740740742,28.428571428571427
JA Morkel,2011,138,108,33,8,8,44,5,127.77777777777777,27.6
JA Morkel,2012,107,71,15,5,6,27,7,150.70422535211267,15.285714285714286
JA Morkel,2013,46,37,14,2,3,16,3,124.32432432432432,15.333333333333334
JA Morkel,2014,45,41,17,1,3,13,3,109.75609756097562,15.0
JA Morkel,2015,86,70,21,9,2,28,1,122.85714285714286,86.0
JA Morkel,2016,16,9,2,0,2,4,1,177.77777777777777,16.0
JA Richardson,2021,15,25,15,2,0,7,2,60.0,7.5
JA Richardson,2024,2,2,1,0,0,0,1,100.0,2.0
JC Archer,2018,15,21,13,2,0,3,5,71.42857142857143,3.0
JC Archer,2019,67,41,8,4,4,21,2,163.41463414634146,33.5
JC Archer,2020/21,113,66,19,5,10,23,6,171.21212121212122,18.833333333333332
JC Archer,2023,4,4,1,0,0,2,0,100.0,inf
JC Archer,2025,63,51,20,3,4,19,5,123.52941176470588,12.6
JC Archer,2026,64,49,17,4,4,16,6,130.6122448979592,10.666666666666666
JC Buttler,2016,255,189,64,23,11,69,11,134.92063492063494,23.181818181818183
JC Buttler,2017,273,186,67,27,15,56,9,146.7741935483871,30.333333333333332
JC Buttler,2018,548,365,94,52,21,146,11,150.13698630136986,49.81818181818182
JC Buttler,2019,311,213,86,38,14,51,7,146.0093896713615,44.42857142857143
JC Buttler,2020/21,328,233,81,27,16,74,11,140.7725321888412,29.818181818181817
JC Buttler,2021,254,173,62,27,13,48,7,146.82080924855492,36.285714285714285
JC Buttler,2022,863,596,224,84,45,185,15,144.7986577181208,57.53333333333333
JC Buttler,2023,392,298,99,42,14,98,15,131.54362416107384,26.133333333333333
JC Buttler,2024,359,266,87,36,12,91,10,134.9624060150376,35.9
JC Buttler,2025,538,337,90,52,24,136,10,159.64391691394658,53.8
JC Buttler,2026,526,352,109,51,26,132,14,149.4318181818182,37.57142857142857
JD Ryder,2009,56,49,25,9,0,9,5,114.28571428571428,11.2
JD Ryder,2011,292,201,81,37,11,45,13,145.273631840796,22.46153846153846
JD Ryder,2012,256,216,74,23,8,91,11,118.5185185185185,23.272727272727273
JD Unadkat,2013,2,2,0,0,0,2,0,100.0,inf
JD Unadkat,2014,1,6,5,0,0,1,1,16.666666666666664,1.0
JD Unadkat,2017,2,5,2,0,0,2,0,40.0,inf
JD Unadkat,2018,49,38,12,6,1,19,5,128.94736842105263,9.8
JD Unadkat,2019,1,3,2,0,0,1,1,33.33333333333333,1.0
JD Unadkat,2020/21,9,13,5,0,0,5,1,69.23076923076923,9.0
JD Unadkat,2021,41,32,9,3,2,11,2,128.125,20.5
JD Unadkat,2022,59,37,12,4,3,9,1,159.45945945945945,59.0
JD Unadkat,2023,9,7,1,1,0,5,1,128.57142857142858,9.0
JD Unadkat,2024,24,27,13,2,1,8,2,88.88888888888889,12.0
JD Unadkat,2026,4,3,1,0,0,0,0,133.33333333333331,inf
JDP Oram,2007/08,18,13,3,1,1,6,1,138.46153846153845,18.0
JDP Oram,2009,88,94,40,5,4,40,6,93.61702127659575,14.666666666666666
JDP Oram,2011,0,3,3,0,0,0,1,0.0,0.0
JDS Neesham,2014,42,46,24,3,1,10,3,91.30434782608695,14.0
JDS Neesham,2020/21,19,18,6,0,1,9,2,105.55555555555556,9.5
JDS Neesham,2021,0,2,2,0,0,0,2,0.0,0.0
JDS Neesham,2022,31,27,7,3,0,15,1,114.81481481481481,31.0
JE Root,2023,10,15,8,1,0,6,1,66.66666666666666,10.0
JE Taylor,2011,3,4,1,0,0,1,0,75.0,inf
JEC Franklin,2011,107,80,20,10,2,33,2,133.75,53.5
JEC Franklin,2012,220,229,89,15,7,96,9,96.06986899563319,24.444444444444443
JG Bethell,2025,67,39,14,9,3,13,2,171.7948717948718,33.5
JG Bethell,2026,96,81,28,12,3,28,7,118.5185185185185,13.714285714285714
JH Kallis,2007/08,199,188,71,23,4,75,11,105.85106382978724,18.09090909090909
JH Kallis,2009,361,349,145,37,8,110,13,103.43839541547277,27.76923076923077
JH Kallis,2009/10,572,517,186,67,9,198,12,110.63829787234043,47.666666666666664
JH Kallis,2011,424,386,144,46,6,156,15,109.84455958549222,28.266666666666666
JH Kallis,2012,409,393,138,34,10,178,17,104.07124681933841,24.058823529411764
JH Kallis,2013,311,327,144,35,3,124,15,95.10703363914374,20.733333333333334
JH Kallis,2014,151,131,50,13,4,47,6,115.2671755725191,25.166666666666668
JJ Bumrah,2014,1,4,2,0,0,1,1,25.0,1.0
JJ Bumrah,2016,8,11,6,1,0,4,1,72.72727272727273,8.0
JJ Bumrah,2017,16,12,3,0,1,6,1,133.33333333333331,16.0
JJ Bumrah,2018,10,11,3,1,0,6,1,90.9090909090909,10.0
JJ Bumrah,2019,0,1,0,0,0,0,0,0.0,
JJ Bumrah,2020/21,5,3,0,0,0,1,0,166.66666666666669,inf
JJ Bumrah,2021,16,17,7,2,0,8,3,94.11764705882352,5.333333333333333
JJ Bumrah,2022,0,9,8,0,0,0,1,0.0,0.0
JJ Bumrah,2024,12,12,4,1,0,6,0,100.0,inf
JJ Bumrah,2025,0,1,1,0,0,0,0,0.0,
JJ Bumrah,2026,7,8,3,1,0,3,1,87.5,7.0
JJ Roy,2017,59,41,15,9,1,13,2,143.90243902439025,29.5
JJ Roy,2018,120,98,37,9,7,34,4,122.44897959183673,30.0
JJ Roy,2021,150,125,45,21,1,42,5,120.0,30.0
JJ Roy,2023,285,196,73,36,12,59,8,145.40816326530611,35.625
JJ van der Wath,2011,18,17,7,1,1,6,2,105.88235294117648,9.0
JL Denly,2019,0,1,1,0,0,0,1,0.0,0.0
JL Pattinson,2020/21,15,13,4,2,0,7,1,115.38461538461537,15.0
JM Bairstow,2019,445,292,89,48,18,103,8,152.3972602739726,55.625
JM Bairstow,2020/21,345,284,110,31,13,84,12,121.47887323943662,28.75
JM Bairstow,2021,248,179,71,20,15,59,7,138.54748603351956,35.42857142857143
JM Bairstow,2022,253,180,70,34,9,53,11,140.55555555555554,23.0
JM Bairstow,2024,298,197,71,33,14,66,10,151.26903553299493,29.8
JM Bairstow,2025,85,49,11,7,5,13,2,173.46938775510205,42.5
JM Kemp,2009/10,26,25,10,1,1,9,2,104.0,13.0
JM Sharma,2022,234,149,48,22,12,49,8,157.04697986577182,29.25
JM Sharma,2023,309,205,70,22,21,65,13,150.73170731707316,23.76923076923077
JM Sharma,2024,187,147,51,9,12,61,11,127.2108843537415,17.0
JM Sharma,2025,261,155,48,24,17,51,7,168.38709677419354,37.285714285714285
JM Sharma,2026,116,96,43,9,6,31,9,120.83333333333333,12.88888888888889
JO Holder,2014,16,12,7,2,1,2,1,133.33333333333331,16.0
JO Holder,2016,22,20,8,2,1,4,4,110.00000000000001,5.5
JO Holder,2020/21,66,54,19,5,3,24,2,122.22222222222223,33.0
JO Holder,2021,85,73,27,2,6,27,6,116.43835616438356,14.166666666666666
JO Holder,2022,58,46,22,2,6,14,6,126.08695652173914,9.666666666666666
JO Holder,2023,12,12,4,0,1,6,2,100.0,6.0
JO Holder,2026,65,55,18,3,3,21,5,118.18181818181819,13.0
JP Behrendorff,2023,6,9,3,0,0,6,0,66.66666666666666,inf
JP Duminy,2009,372,334,105,26,11,148,8,111.37724550898203,46.5
JP Duminy,2009/10,157,134,42,13,5,61,4,117.16417910447761,39.25
JP Duminy,2011,205,176,48,9,8,96,10,116.47727272727273,20.5
JP Duminy,2012,244,195,55,13,11,92,3,125.12820512820512,81.33333333333333
JP Duminy,2014,410,311,80,22,20,154,8,131.83279742765274,51.25
JP Duminy,2015,414,327,98,27,20,135,10,126.60550458715596,41.4
JP Duminy,2016,191,157,33,13,3,83,5,121.656050955414,38.2
JP Duminy,2018,36,46,19,3,1,12,1,78.26086956521739,36.0
JP Faulkner,2012,14,14,2,0,0,8,1,100.0,14.0
JP Faulkner,2013,57,57,28,5,2,19,5,100.0,11.4
JP Faulkner,2014,181,99,22,8,16,39,5,182.82828282828282,36.2
JP Faulkner,2015,144,116,34,12,5,44,9,124.13793103448276,16.0
JP Faulkner,2016,77,60,12,7,0,27,3,128.33333333333334,25.666666666666668
JP Faulkner,2017,54,60,23,4,0,23,5,90.0,10.8
JP Inglis,2025,278,177,60,26,16,54,10,157.06214689265536,27.8
JP Inglis,2026,266,151,38,32,12,50,5,176.158940397351,53.2
JPR Scantlebury-Searles,2018,8,6,3,0,1,2,1,133.33333333333331,8.0
JR Hazlewood,2022,18,27,12,1,0,12,0,66.66666666666666,inf
JR Hazlewood,2023,1,2,1,0,0,1,0,50.0,inf
JR Hazlewood,2025,0,1,1,0,0,0,0,0.0,
JR Hazlewood,2026,0,1,1,0,0,0,1,0.0,0.0
JR Hopes,2007/08,221,152,57,27,8,48,11,145.39473684210526,20.09090909090909
JR Hopes,2011,196,162,53,22,3,66,6,120.98765432098766,32.666666666666664
JR Philippe,2020/21,78,80,34,9,1,28,4,97.5,19.5
Jaskaran Singh,2009/10,8,11,5,0,0,4,2,72.72727272727273,4.0
Joginder Sharma,2007/08,16,11,3,1,1,6,2,145.45454545454547,8.0
Joginder Sharma,2009,20,18,6,0,1,8,1,111.11111111111111,20.0
Joginder Sharma,2011,0,1,1,0,0,0,1,0.0,0.0
K Goel,2007/08,76,79,44,7,4,18,5,96.20253164556962,15.2
K Goel,2009,124,140,61,9,4,45,8,88.57142857142857,15.5
K Goel,2009/10,18,20,9,1,1,8,1,90.0,18.0
K Gowtham,2018,126,67,20,9,9,17,9,188.05970149253733,14.0
K Gowtham,2019,18,19,9,1,1,6,3,94.73684210526315,6.0
K Gowtham,2020/21,42,27,8,3,2,9,1,155.55555555555557,42.0
K Gowtham,2022,0,2,1,0,0,0,1,0.0,0.0
K Gowtham,2023,61,44,10,2,5,15,4,138.63636363636365,15.25
K Kartikeya,2022,3,6,2,0,0,3,1,50.0,3.0
K Kartikeya,2023,6,7,3,1,0,2,1,85.71428571428571,6.0
K Kartikeya,2025,3,5,2,0,0,1,1,60.0,3.0
K Rabada,2017,55,68,30,5,1,25,3,80.88235294117648,18.333333333333332
K Rabada,2019,14,15,6,0,1,6,3,93.33333333333333,4.666666666666667
K Rabada,2020/21,56,52,20,4,2,18,3,107.6923076923077,18.666666666666668
K Rabada,2021,13,6,1,2,0,1,1,216.66666666666666,13.0
K Rabada,2022,48,47,20,5,2,12,4,102.12765957446808,12.0
K Rabada,2023,0,2,2,0,0,0,1,0.0,0.0
K Rabada,2024,20,17,3,0,2,8,1,117.64705882352942,20.0
K Rabada,2025,9,9,3,0,1,3,2,100.0,4.5
K Rabada,2026,47,40,16,5,2,13,2,117.5,23.5
K Upadhyay,2012,11,8,3,0,1,3,0,137.5,inf
K Upadhyay,2013,1,1,0,0,0,1,0,100.0,inf
K Yadav,2021,0,4,4,0,0,0,0,0.0,
KA Jamieson,2021,65,55,21,5,3,18,3,118.18181818181819,21.666666666666668
KA Jamieson,2025,0,5,3,0,0,0,0,0.0,
KA Jamieson,2026,12,14,9,1,1,2,1,85.71428571428571,12.0
KA Maharaj,2024,1,2,1,0,0,1,1,50.0,1.0
KA Pollard,2009/10,273,152,42,23,17,42,14,179.60526315789474,19.5
KA Pollard,2011,146,141,53,12,6,50,10,103.54609929078013,14.6
KA Pollard,2012,220,163,55,15,14,60,9,134.96932515337423,24.444444444444443
KA Pollard,2013,420,290,95,27,29,104,11,144.82758620689654,38.18181818181818
KA Pollard,2014,273,208,66,15,15,85,9,131.25,30.333333333333332
KA Pollard,2015,419,270,78,28,28,97,10,155.1851851851852,41.9
KA Pollard,2016,207,156,57,11,16,43,8,132.69230769230768,25.875
KA Pollard,2017,395,294,87,27,23,117,14,134.35374149659864,28.214285714285715
KA Pollard,2018,133,104,42,10,7,33,7,127.88461538461537,19.0
KA Pollard,2019,281,186,59,14,22,74,10,151.0752688172043,28.1
KA Pollard,2020/21,281,157,40,17,22,58,7,178.98089171974522,40.142857142857146
KA Pollard,2021,245,180,56,16,16,63,8,136.11111111111111,30.625
KA Pollard,2022,144,146,57,6,9,46,12,98.63013698630137,12.0
KAJ Roach,2009/10,10,9,3,1,0,4,1,111.11111111111111,10.0
KB Arun Karthik,2009/10,3,5,1,0,0,3,0,60.0,inf
KB Arun Karthik,2011,7,8,3,1,0,3,2,87.5,3.5
KB Arun Karthik,2013,41,40,13,3,1,14,3,102.49999999999999,13.666666666666666
KC Cariappa,2016,13,11,3,0,1,7,1,118.18181818181819,13.0
KC Cariappa,2017,2,7,5,0,0,2,2,28.57142857142857,1.0
KC Cariappa,2019,9,3,0,0,1,1,0,300.0,inf
KC Sangakkara,2007/08,320,207,56,41,8,73,10,154.58937198067633,32.0
KC Sangakkara,2009,332,332,120,29,5,135,14,100.0,23.714285714285715
KC Sangakkara,2009/10,357,260,81,47,5,108,12,137.30769230769232,29.75
KC Sangakkara,2011,358,298,100,44,5,120,13,120.13422818791946,27.53846153846154
KC Sangakkara,2012,200,190,68,21,4,70,11,105.26315789473684,18.181818181818183
KC Sangakkara,2013,120,137,59,13,0,57,9,87.59124087591242,13.333333333333334
KD Karthik,2007/08,145,108,31,13,4,43,7,134.25925925925927,20.714285714285715
KD Karthik,2009,288,224,57,20,9,101,8,128.57142857142858,36.0
KD Karthik,2009/10,278,242,75,26,6,108,12,114.87603305785123,23.166666666666668
KD Karthik,2011,282,225,76,32,7,90,12,125.33333333333334,23.5
KD Karthik,2012,238,217,84,30,2,82,15,109.6774193548387,15.866666666666667
KD Karthik,2013,510,422,152,54,14,158,20,120.85308056872037,25.5
KD Karthik,2014,325,261,90,28,11,106,14,124.52107279693487,23.214285714285715
KD Karthik,2015,141,120,45,15,4,41,10,117.5,14.1
KD Karthik,2016,335,273,86,38,3,110,14,122.71062271062272,23.928571428571427
KD Karthik,2017,361,268,65,30,11,125,10,134.7014925373134,36.1
KD Karthik,2018,498,349,91,49,16,142,9,142.69340974212034,55.333333333333336
KD Karthik,2019,254,180,59,22,14,70,9,141.11111111111111,28.22222222222222
KD Karthik,2020/21,169,137,51,20,4,43,12,123.35766423357664,14.083333333333334
KD Karthik,2021,223,172,57,22,7,71,10,129.6511627906977,22.3
KD Karthik,2022,330,188,51,27,22,66,6,175.531914893617,55.0
KD Karthik,2023,140,106,34,13,5,44,12,132.0754716981132,11.666666666666666
KD Karthik,2024,326,195,47,27,22,64,9,167.17948717948718,36.22222222222222
KH Pandya,2016,237,127,34,22,13,39,5,186.61417322834646,47.4
KH Pandya,2017,243,186,57,24,7,66,7,130.64516129032256,34.714285714285715
KH Pandya,2018,228,164,52,22,10,60,9,139.02439024390242,25.333333333333332
KH Pandya,2019,183,158,57,18,5,57,11,115.82278481012658,16.636363636363637
KH Pandya,2020/21,109,92,33,9,5,37,6,118.4782608695652,18.166666666666668
KH Pandya,2021,143,126,48,10,6,49,10,113.4920634920635,14.3
KH Pandya,2022,183,150,47,16,4,55,10,122.0,18.3
KH Pandya,2023,188,172,66,15,6,53,11,109.30232558139534,17.09090909090909
KH Pandya,2024,133,112,30,8,5,47,5,118.75,26.6
KH Pandya,2025,109,89,33,9,4,31,6,122.47191011235957,18.166666666666668
KH Pandya,2026,226,163,51,20,11,62,6,138.65030674846625,37.666666666666664
KJ Abbott,2016,13,8,3,0,1,2,1,162.5,13.0
KK Ahmed,2019,0,1,1,0,0,0,1,0.0,0.0
KK Ahmed,2020/21,0,2,2,0,0,0,1,0.0,0.0
KK Ahmed,2021,1,2,1,0,0,1,1,50.0,1.0
KK Ahmed,2022,0,2,2,0,0,0,2,0.0,0.0
KK Ahmed,2025,1,2,1,0,0,1,0,50.0,inf
KK Cooper,2012,38,20,7,3,3,6,2,190.0,19.0
KK Cooper,2013,39,22,9,4,2,3,4,177.27272727272728,9.75
KK Cooper,2014,39,28,10,2,3,7,3,139.28571428571428,13.0
KK Nair,2013,9,12,8,0,0,2,2,75.0,4.5
KK Nair,2014,330,237,85,38,9,73,11,139.24050632911394,30.0
KK Nair,2015,181,147,53,18,5,49,10,123.12925170068027,18.1
KK Nair,2016,357,304,106,40,6,119,11,117.4342105263158,32.45454545454545
KK Nair,2017,281,229,96,39,6,70,13,122.70742358078604,21.615384615384617
KK Nair,2018,301,225,69,23,13,100,13,133.77777777777777,23.153846153846153
KK Nair,2019,5,6,2,0,0,3,1,83.33333333333334,5.0
KK Nair,2020/21,16,14,5,2,0,6,2,114.28571428571428,8.0
KK Nair,2022,16,18,4,1,0,12,2,88.88888888888889,8.0
KK Nair,2025,198,122,39,24,10,36,7,162.29508196721312,28.285714285714285
KK Nair,2026,18,18,10,3,0,4,2,100.0,9.0
KL Nagarkoti,2020/21,22,32,14,1,0,14,3,68.75,7.333333333333333
KL Nagarkoti,2021,0,2,2,0,0,0,1,0.0,0.0
KL Rahul,2013,20,16,9,4,0,2,2,125.0,10.0
KL Rahul,2014,166,166,57,12,3,78,8,100.0,20.75
KL Rahul,2015,142,133,45,8,5,53,7,106.76691729323309,20.285714285714285
KL Rahul,2016,397,277,75,37,16,113,9,143.32129963898916,44.111111111111114
KL Rahul,2018,659,426,136,66,32,149,12,154.69483568075117,54.916666666666664
KL Rahul,2019,593,447,150,49,25,175,11,132.66219239373604,53.90909090909091
KL Rahul,2020/21,676,531,171,58,23,225,15,127.30696798493409,45.06666666666667
KL Rahul,2021,626,465,140,48,30,204,9,134.6236559139785,69.55555555555556
KL Rahul,2022,616,472,144,45,30,203,11,130.5084745762712,56.0
KL Rahul,2023,274,247,88,28,4,98,8,110.93117408906883,34.25
KL Rahul,2024,520,398,117,45,19,164,14,130.6532663316583,37.142857142857146
KL Rahul,2025,546,369,103,53,21,160,9,147.96747967479675,60.666666666666664
KL Rahul,2026,593,355,87,56,31,148,14,167.04225352112675,42.357142857142854
KM Asif,2023,0,2,2,0,0,0,1,0.0,0.0
KM Jadhav,2009/10,76,60,17,7,2,24,4,126.66666666666666,19.0
KM Jadhav,2011,18,23,9,1,0,12,3,78.26086956521739,6.0
KM Jadhav,2013,152,127,34,8,5,62,8,119.68503937007875,19.0
KM Jadhav,2014,149,104,27,13,7,49,3,143.26923076923077,49.666666666666664
KM Jadhav,2015,189,143,42,16,7,62,8,132.16783216783216,23.625
KM Jadhav,2016,42,33,8,2,2,14,0,127.27272727272727,inf
KM Jadhav,2017,267,194,52,25,10,83,11,137.62886597938143,24.272727272727273
KM Jadhav,2018,24,23,9,1,2,8,0,104.34782608695652,inf
KM Jadhav,2019,162,172,80,19,3,58,9,94.18604651162791,18.0
KM Jadhav,2020/21,62,68,27,7,0,28,4,91.17647058823529,15.5
KM Jadhav,2021,55,55,17,2,2,28,4,100.0,13.75
KM Jadhav,2023,12,10,3,1,0,4,0,120.0,inf
KMA Paul,2019,18,26,13,1,1,6,4,69.23076923076923,4.5
KMDN Kulasekara,2012,5,3,0,1,0,1,0,166.66666666666669,inf
KP Appanna,2009,0,1,0,0,0,0,0,0.0,
KP Appanna,2009/10,2,3,1,0,0,2,1,66.66666666666666,2.0
KP Pietersen,2009,93,89,36,8,2,28,6,104.49438202247192,15.5
KP Pietersen,2009/10,236,159,42,23,8,62,4,148.42767295597483,59.0
KP Pietersen,2012,305,210,77,22,20,78,6,145.23809523809524,50.833333333333336
KP Pietersen,2014,294,239,83,34,7,89,10,123.01255230125523,29.4
KP Pietersen,2016,73,61,19,4,3,27,3,119.67213114754098,24.333333333333332
KR Mayers,2023,379,276,119,38,22,58,13,137.31884057971016,29.153846153846153
KR Sen,2022,0,3,3,0,0,0,0,0.0,
KS Bharat,2021,191,161,48,10,8,70,5,118.6335403726708,38.2
KS Bharat,2022,8,7,5,2,0,0,2,114.28571428571428,4.0
KS Rathore,2025,0,5,5,0,0,0,1,0.0,0.0
KS Sharma,2022,4,4,3,1,0,0,1,100.0,4.0
KS Sharma,2023,12,21,9,0,0,12,2,57.14285714285714,6.0
KS Williamson,2015,31,29,4,1,1,17,1,106.89655172413792,31.0
KS Williamson,2016,124,126,40,14,0,61,6,98.4126984126984,20.666666666666668
KS Williamson,2017,256,170,46,20,10,63,5,150.58823529411765,51.2
KS Williamson,2018,735,522,149,64,28,229,15,140.80459770114942,49.0
KS Williamson,2019,156,134,45,12,5,59,7,116.4179104477612,22.285714285714285
KS Williamson,2020/21,317,241,64,26,10,117,7,131.53526970954357,45.285714285714285
KS Williamson,2021,270,250,87,30,2,94,6,108.0,45.0
KS Williamson,2022,216,235,108,16,8,88,10,91.91489361702128,21.6
KS Williamson,2024,27,27,15,4,0,5,2,100.0,13.5
KT Maphaka,2025,8,3,0,2,0,0,0,266.66666666666663,inf
KV Sharma,2009,1,3,2,0,0,1,1,33.33333333333333,1.0
KV Sharma,2013,85,89,37,6,2,32,5,95.50561797752809,17.0
KV Sharma,2014,42,30,6,1,3,12,3,140.0,14.0
KV Sharma,2015,104,87,23,3,6,44,6,119.54022988505749,17.333333333333332
KV Sharma,2016,36,34,8,3,1,10,0,105.88235294117648,inf
KV Sharma,2017,49,42,18,5,2,15,6,116.66666666666667,8.166666666666666
KV Sharma,2023,3,5,3,0,0,1,2,60.0,1.5
KV Sharma,2024,31,16,4,2,3,5,2,193.75,15.5
KV Sharma,2025,1,1,0,0,0,1,0,100.0,inf
KW Richardson,2013,34,36,16,2,1,14,2,94.44444444444444,17.0
KW Richardson,2014,1,2,1,0,0,1,1,50.0,1.0
KW Richardson,2016,1,1,0,0,0,1,0,100.0,inf
Kamran Akmal,2007/08,128,78,31,13,8,20,4,164.1025641025641,32.0
Kamran Khan,2009,3,5,3,0,0,1,1,60.0,3.0
Karanveer Singh,2014,1,1,0,0,0,1,0,100.0,inf
Karanveer Singh,2015,11,16,9,1,0,5,1,68.75,11.0
Kartik Sharma,2026,295,220,84,24,16,81,9,134.0909090909091,32.77777777777778
Kartik Tyagi,2020/21,4,6,2,0,0,4,1,66.66666666666666,4.0
Kartik Tyagi,2021,2,4,1,0,0,2,1,50.0,2.0
Kartik Tyagi,2022,7,6,3,1,0,1,2,116.66666666666667,3.5
Kartik Tyagi,2026,11,10,6,1,1,1,3,110.00000000000001,3.6666666666666665
Krish Bhagat,2026,10,21,11,0,0,8,1,47.61904761904761,10.0
Kuldeep Yadav,2017,20,22,9,2,0,10,2,90.9090909090909,10.0
Kuldeep Yadav,2018,12,25,16,1,0,4,1,48.0,12.0
Kuldeep Yadav,2019,12,8,2,1,0,2,1,150.0,12.0
Kuldeep Yadav,2020/21,13,21,11,1,0,9,0,61.904761904761905,inf
Kuldeep Yadav,2022,48,54,23,3,2,20,1,88.88888888888889,48.0
Kuldeep Yadav,2023,31,50,25,2,0,19,3,62.0,10.333333333333334
Kuldeep Yadav,2024,47,44,18,6,1,13,2,106.81818181818181,23.5
Kuldeep Yadav,2025,18,16,6,2,0,6,3,112.5,6.0
Kuldeep Yadav,2026,9,23,10,0,0,9,2,39.130434782608695,4.5
Kumar Kushagra,2024,3,7,5,0,0,1,3,42.857142857142854,1.0
Kumar Kushagra,2026,18,14,6,3,0,4,1,128.57142857142858,18.0
L Ablish,2011,0,2,2,0,0,0,0,0.0,
L Balaji,2007/08,0,5,3,0,0,0,1,0.0,0.0
L Balaji,2009,4,10,5,0,0,2,2,40.0,2.0
L Balaji,2009/10,18,20,10,1,1,8,2,90.0,9.0
L Balaji,2011,4,2,0,0,0,1,0,200.0,inf
L Balaji,2013,9,10,5,1,0,3,1,90.0,9.0
L Balaji,2014,1,3,2,0,0,1,1,33.33333333333333,1.0
L Ngidi,2025,0,2,2,0,0,0,0,0.0,
L Ngidi,2026,4,7,3,0,0,2,2,57.14285714285714,2.0
L Ronchi,2007/08,34,34,21,6,1,4,2,100.0,17.0
L Ronchi,2009,0,3,2,0,0,0,1,0.0,0.0
L Wood,2024,9,3,0,0,1,1,0,300.0,inf
LA Carseldine,2009,81,71,26,11,0,23,3,114.08450704225352,27.0
LA Pomersbach,2007/08,152,101,28,13,9,40,1,150.4950495049505,152.0
LA Pomersbach,2009,41,49,22,3,1,17,3,83.6734693877551,13.666666666666666
LA Pomersbach,2011,51,41,14,4,2,13,4,124.39024390243902,12.75
LA Pomersbach,2013,58,60,28,5,1,15,3,96.66666666666667,19.333333333333332
LB Williams,2024,1,2,1,0,0,1,0,50.0,inf
LE Plunkett,2018,1,3,2,0,0,1,1,33.33333333333333,1.0
LG Pretorius,2026,7,8,2,0,0,3,1,87.5,7.0
LH Ferguson,2017,1,1,0,0,0,1,0,100.0,inf
LH Ferguson,2020/21,43,29,6,4,1,13,1,148.27586206896552,43.0
LH Ferguson,2021,18,13,3,1,1,4,0,138.46153846153845,inf
LH Ferguson,2022,5,4,2,1,0,1,2,125.0,2.5
LH Ferguson,2024,1,1,0,0,0,1,1,100.0,1.0
LH Ferguson,2025,4,1,0,1,0,0,0,400.0,inf
LJ Wright,2013,106,63,19,16,3,20,4,168.25396825396825,26.5
LMP Simmons,2014,394,299,113,43,14,97,7,131.77257525083613,56.285714285714285
LMP Simmons,2015,540,455,193,56,21,137,13,118.68131868131869,41.53846153846154
LMP Simmons,2016,8,8,5,0,1,2,1,100.0,8.0
LMP Simmons,2017,137,116,48,10,8,33,6,118.10344827586208,22.833333333333332
LPC Silva,2007/08,40,27,7,5,1,8,2,148.14814814814815,20.0
LR Shukla,2007/08,163,127,32,17,5,57,8,128.3464566929134,20.375
LR Shukla,2009,83,86,39,5,3,25,6,96.51162790697676,13.833333333333334
LR Shukla,2009/10,36,27,9,3,2,10,2,133.33333333333331,18.0
LR Shukla,2011,14,10,3,2,0,4,1,140.0,14.0
LR Shukla,2012,75,57,23,4,5,21,7,131.57894736842107,10.714285714285714
LR Shukla,2013,3,13,9,0,0,3,2,23.076923076923077,1.5
LR Shukla,2014,31,38,15,2,1,17,3,81.57894736842105,10.333333333333334
LRPL Taylor,2007/08,149,85,22,13,10,31,4,175.2941176470588,37.25
LRPL Taylor,2009,280,211,75,20,15,75,10,132.70142180094786,28.0
LRPL Taylor,2009/10,88,77,24,2,6,38,4,114.28571428571428,22.0
LRPL Taylor,2011,181,158,51,11,7,52,5,114.55696202531647,36.2
LRPL Taylor,2012,197,177,57,12,7,79,11,111.2994350282486,17.90909090909091
LRPL Taylor,2013,63,77,33,2,1,30,4,81.81818181818183,15.75
LRPL Taylor,2014,59,62,21,6,0,29,3,95.16129032258065,19.666666666666668
LS Livingstone,2019,70,48,21,6,5,12,3,145.83333333333331,23.333333333333332
LS Livingstone,2021,42,43,13,3,1,20,5,97.67441860465115,8.4
LS Livingstone,2022,437,261,68,29,34,95,12,167.43295019157088,36.416666666666664
LS Livingstone,2023,279,175,51,20,19,67,9,159.42857142857144,31.0
LS Livingstone,2024,111,82,27,8,7,33,4,135.3658536585366,27.75
LS Livingstone,2025,112,90,32,4,9,34,7,124.44444444444444,16.0
LS Livingstone,2026,15,26,16,0,1,5,2,57.692307692307686,7.5
Lalit Yadav,2021,68,75,25,7,0,36,2,90.66666666666666,34.0
Lalit Yadav,2022,161,152,57,11,7,58,6,105.92105263157893,26.833333333333332
Lalit Yadav,2023,66,62,20,8,0,24,5,106.4516129032258,13.2
Lalit Yadav,2024,10,12,6,1,0,4,2,83.33333333333334,5.0
Liton Das,2023,4,4,3,1,0,0,1,100.0,4.0
M Ashwin,2016,0,1,1,0,0,0,1,0.0,0.0
M Ashwin,2018,1,2,1,0,0,1,1,50.0,1.0
M Ashwin,2019,3,5,2,0,0,3,1,60.0,3.0
M Ashwin,2020/21,4,4,1,0,0,2,1,100.0,4.0
M Ashwin,2021,15,24,12,1,0,11,2,62.5,7.5
M Ashwin,2022,12,14,10,1,1,2,2,85.71428571428571,6.0
M Jansen,2021,0,4,3,0,0,0,2,0.0,0.0
M Jansen,2022,9,7,3,0,1,3,1,128.57142857142858,9.0
M Jansen,2023,39,45,15,4,0,17,4,86.66666666666667,9.75
M Jansen,2024,18,15,4,1,1,6,1,120.0,18.0
M Jansen,2025,75,65,18,3,4,31,4,115.38461538461537,18.75
M Jansen,2026,51,50,16,1,3,21,4,102.0,12.75
M Kaif,2007/08,176,176,76,14,6,55,9,100.0,19.555555555555557
M Kaif,2009/10,28,31,10,2,0,16,3,90.32258064516128,9.333333333333334
M Kaif,2011,41,35,15,5,0,5,3,117.14285714285715,13.666666666666666
M Kaif,2012,14,16,5,1,0,10,1,87.5,14.0
M Kartik,2007/08,30,28,8,3,0,12,3,107.14285714285714,10.0
M Kartik,2009,21,20,2,0,0,15,0,105.0,inf
M Kartik,2009/10,22,22,9,2,0,9,1,100.0,22.0
M Kartik,2011,12,15,5,1,0,8,1,80.0,12.0
M Kartik,2012,26,21,4,1,1,14,1,123.80952380952381,26.0
M Kartik,2013,2,3,1,0,0,2,1,66.66666666666666,2.0
M Klinger,2011,73,78,33,9,0,30,4,93.58974358974359,18.25
M Manhas,2009,75,65,22,7,1,19,3,115.38461538461537,25.0
M Manhas,2009/10,157,151,43,14,0,77,4,103.97350993377484,39.25
M Manhas,2011,114,128,62,8,4,38,10,89.0625,11.4
M Manhas,2012,120,99,32,10,4,42,4,121.21212121212122,30.0
M Manhas,2013,13,17,8,1,0,7,0,76.47058823529412,inf
M Manhas,2014,35,26,7,3,1,8,3,134.6153846153846,11.666666666666666
M Markande,2018,21,25,9,2,0,7,2,84.0,10.5
M Markande,2019,6,5,2,1,0,2,1,120.0,6.0
M Markande,2023,21,14,3,2,1,5,0,150.0,inf
M Morkel,2009,8,9,4,1,0,2,1,88.88888888888889,8.0
M Morkel,2009/10,9,16,11,1,0,3,2,56.25,4.5
M Morkel,2011,40,25,8,3,2,8,2,160.0,20.0
M Morkel,2012,3,5,2,0,0,3,1,60.0,3.0
M Morkel,2013,57,30,7,6,3,12,5,190.0,11.4
M Morkel,2014,4,4,0,0,0,2,0,100.0,inf
M Morkel,2015,4,3,0,0,0,2,0,133.33333333333331,inf
M Morkel,2016,1,1,0,0,0,1,0,100.0,inf
M Muralitharan,2007/08,0,3,3,0,0,0,1,0.0,0.0
M Muralitharan,2009,8,8,3,1,0,4,2,100.0,4.0
M Muralitharan,2009/10,1,2,1,0,0,1,1,50.0,1.0
M Muralitharan,2011,5,8,2,0,0,3,0,62.5,inf
M Muralitharan,2012,6,9,6,0,0,1,2,66.66666666666666,3.0
M Ntini,2007/08,11,19,14,2,0,1,1,57.89473684210527,11.0
M Prasidh Krishna,2018,1,5,4,0,0,1,0,20.0,inf
M Prasidh Krishna,2019,0,2,2,0,0,0,1,0.0,0.0
M Prasidh Krishna,2020/21,2,4,2,0,0,2,0,50.0,inf
M Prasidh Krishna,2021,0,1,1,0,0,0,0,0.0,
M Prasidh Krishna,2022,6,12,6,0,0,6,1,50.0,6.0
M Prasidh Krishna,2026,6,7,4,1,0,2,0,85.71428571428571,inf
M Rawat,2007/08,34,39,19,3,1,12,4,87.17948717948718,8.5
M Rawat,2009,16,20,5,1,0,12,0,80.0,inf
M Rawat,2013,5,11,6,0,0,5,1,45.45454545454545,5.0
M Shahrukh Khan,2021,153,118,42,9,10,47,6,129.66101694915255,25.5
M Shahrukh Khan,2022,117,118,51,4,9,39,7,99.15254237288136,16.714285714285715
M Shahrukh Khan,2023,156,100,28,13,9,34,7,156.0,22.285714285714285
M Shahrukh Khan,2024,127,77,21,9,9,31,5,164.93506493506493,25.4
M Shahrukh Khan,2025,179,104,25,11,13,43,6,172.1153846153846,29.833333333333332
M Shahrukh Khan,2026,43,34,11,3,2,15,3,126.47058823529412,14.333333333333334
M Theekshana,2022,7,7,4,0,1,1,1,100.0,7.0
M Theekshana,2025,10,27,16,0,0,10,2,37.03703703703704,5.0
M Tiwari,2025,3,4,2,0,0,1,1,75.0,3.0
M Tiwari,2026,18,8,1,2,1,4,0,225.0,inf
M Vijay,2009,60,69,31,4,2,24,4,86.95652173913044,15.0
M Vijay,2009/10,458,305,102,36,26,102,12,150.1639344262295,38.166666666666664
M Vijay,2011,434,349,144,34,20,102,16,124.35530085959886,27.125
M Vijay,2012,336,273,116,39,10,77,14,123.07692307692308,24.0
M Vijay,2013,312,293,125,27,8,95,12,106.48464163822527,26.0
M Vijay,2014,207,197,79,20,5,68,12,105.0761421319797,17.25
M Vijay,2015,251,233,112,27,8,59,9,107.72532188841201,27.88888888888889
M Vijay,2016,453,373,132,50,10,136,12,121.44772117962465,37.75
M Vijay,2018,12,11,3,0,1,4,1,109.09090909090908,12.0
M Vijay,2019,64,61,26,6,1,20,2,104.91803278688525,32.0
M Vijay,2020/21,32,44,23,4,0,14,3,72.72727272727273,10.666666666666666
M Vohra,2013,161,117,43,22,2,41,7,137.60683760683762,23.0
M Vohra,2014,324,244,97,27,16,66,7,132.78688524590163,46.285714285714285
M Vohra,2015,82,83,41,4,5,23,7,98.79518072289156,11.714285714285714
M Vohra,2016,161,136,56,19,3,36,8,118.38235294117648,20.125
M Vohra,2017,229,170,56,23,9,53,9,134.7058823529412,25.444444444444443
M Vohra,2018,55,50,21,2,4,15,4,110.00000000000001,13.75
M Vohra,2021,42,40,23,5,2,6,4,105.0,10.5
M Vohra,2022,19,12,4,1,2,3,1,158.33333333333331,19.0
M Vohra,2023,10,11,4,1,0,6,1,90.9090909090909,10.0
M de Lange,2014,1,2,1,0,0,1,1,50.0,1.0
MA Agarwal,2011,141,129,50,16,4,41,7,109.30232558139534,20.142857142857142
MA Agarwal,2012,225,164,68,19,15,49,11,137.19512195121953,20.454545454545453
MA Agarwal,2013,67,64,31,6,3,19,5,104.6875,13.4
MA Agarwal,2014,115,93,37,12,3,32,8,123.65591397849462,14.375
MA Agarwal,2015,213,187,70,23,7,69,10,113.90374331550801,21.3
MA Agarwal,2016,27,26,12,3,1,9,3,103.84615384615385,9.0
MA Agarwal,2017,26,29,12,3,0,8,3,89.65517241379311,8.666666666666666
MA Agarwal,2018,120,94,30,9,5,46,10,127.65957446808511,12.0
MA Agarwal,2019,332,241,70,26,14,101,11,137.75933609958506,30.181818181818183
MA Agarwal,2020/21,432,285,76,46,15,108,10,151.57894736842107,43.2
MA Agarwal,2021,441,324,107,42,18,120,12,136.11111111111111,36.75
MA Agarwal,2022,196,167,65,23,6,52,12,117.36526946107784,16.333333333333332
MA Agarwal,2023,270,219,65,29,6,93,10,123.28767123287672,27.0
MA Agarwal,2024,64,59,27,8,1,13,4,108.47457627118644,16.0
MA Agarwal,2025,95,65,18,10,2,26,3,146.15384615384613,31.666666666666668
MA Khote,2007/08,24,22,7,2,1,8,2,109.09090909090908,12.0
MA Starc,2014,85,84,30,9,0,31,5,101.19047619047619,17.0
MA Starc,2015,11,14,6,1,0,7,1,78.57142857142857,11.0
MA Starc,2024,9,11,5,1,0,5,2,81.81818181818183,4.5
MA Starc,2025,6,11,4,0,0,6,2,54.54545454545454,3.0
MA Starc,2026,0,2,2,0,0,0,1,0.0,0.0
MA Wood,2018,1,5,2,0,0,1,1,20.0,1.0
MA Wood,2023,11,5,2,1,1,1,1,220.00000000000003,11.0
MC Henriques,2009,38,40,19,2,1,13,2,95.0,19.0
MC Henriques,2009/10,11,5,1,2,0,1,1,220.00000000000003,11.0
MC Henriques,2013,165,127,43,20,3,45,4,129.92125984251967,41.25
MC Henriques,2014,9,14,6,1,0,5,2,64.28571428571429,4.5
MC Henriques,2015,287,216,64,19,13,93,7,132.87037037037038,41.0
MC Henriques,2016,182,162,59,15,6,64,13,112.34567901234568,14.0
MC Henriques,2017,277,205,53,28,4,89,6,135.1219512195122,46.166666666666664
MC Henriques,2021,31,32,11,0,1,13,3,96.875,10.333333333333334
MC Juneja,2013,125,134,45,11,1,61,7,93.28358208955224,17.857142857142858
MD Choudhary,2026,170,122,46,11,12,44,6,139.34426229508196,28.333333333333332
MD Mishra,2009/10,166,149,67,18,6,42,10,111.40939597315436,16.6
MD Mishra,2011,67,60,23,5,2,23,4,111.66666666666667,16.75
MD Mishra,2012,4,4,3,1,0,0,1,100.0,4.0
MD Shanaka,2023,26,26,12,2,1,10,2,100.0,13.0
MD Shanaka,2026,63,48,17,3,4,15,4,131.25,15.75
MDKJ Perera,2013,14,13,7,3,0,2,2,107.6923076923077,7.0
MEK Hussey,2007/08,168,100,29,12,11,38,3,168.0,56.0
MEK Hussey,2009/10,37,44,17,2,0,18,2,84.0909090909091,18.5
MEK Hussey,2011,492,423,130,53,6,185,12,116.31205673758865,41.0
MEK Hussey,2012,261,241,108,28,8,78,8,108.29875518672199,32.625
MEK Hussey,2013,733,580,191,81,17,225,15,126.37931034482759,48.86666666666667
MEK Hussey,2014,209,187,71,17,7,72,8,111.76470588235294,26.125
MEK Hussey,2015,77,73,26,5,3,32,4,105.47945205479452,19.25
MF Maharoof,2007/08,125,79,25,10,7,27,6,158.22784810126583,20.833333333333332
MF Maharoof,2009,21,21,7,0,0,7,1,100.0,21.0
MF Maharoof,2009/10,31,24,8,2,2,9,3,129.16666666666669,10.333333333333334
MG Bracewell,2023,58,49,12,6,1,22,2,118.36734693877551,29.0
MG Johnson,2013,39,37,15,2,2,15,4,105.40540540540539,9.75
MG Johnson,2014,56,51,23,4,3,12,3,109.80392156862746,18.666666666666668
MG Johnson,2015,31,38,14,1,1,15,5,81.57894736842105,6.2
MG Johnson,2016,5,14,9,0,0,3,2,35.714285714285715,2.5
MG Johnson,2017,20,17,6,1,1,7,0,117.64705882352942,inf
MG Johnson,2018,16,11,2,2,0,6,0,145.45454545454547,inf
MJ Clarke,2012,98,96,38,12,0,35,6,102.08333333333333,16.333333333333332
MJ Guptill,2016,57,55,26,3,3,19,3,103.63636363636364,19.0
MJ Guptill,2017,132,88,37,17,5,24,6,150.0,22.0
MJ Guptill,2019,82,54,24,4,7,17,3,151.85185185185185,27.333333333333332
MJ Henry,2026,7,10,6,1,0,3,2,70.0,3.5
MJ Lumb,2009/10,278,196,81,45,6,41,9,141.83673469387753,30.88888888888889
MJ Lumb,2011,0,2,2,0,0,0,1,0.0,0.0
MJ McClenaghan,2015,13,6,3,0,2,1,1,216.66666666666666,13.0
MJ McClenaghan,2016,34,23,10,2,3,8,3,147.82608695652172,11.333333333333334
MJ McClenaghan,2017,16,16,5,0,1,8,3,100.0,5.333333333333333
MJ McClenaghan,2018,11,12,6,1,1,1,2,91.66666666666666,5.5
MJ McClenaghan,2019,11,16,10,2,0,3,2,68.75,5.5
MJ Owen,2025,0,2,2,0,0,0,1,0.0,0.0
MJ Santner,2019,32,25,8,0,3,10,1,128.0,32.0
MJ Santner,2022,22,30,15,3,0,6,2,73.33333333333333,11.0
MJ Santner,2023,2,4,1,0,0,2,0,50.0,inf
MJ Santner,2024,14,18,6,1,0,10,3,77.77777777777779,4.666666666666667
MJ Santner,2025,40,34,13,2,3,12,2,117.64705882352942,20.0
MJ Santner,2026,26,21,3,3,0,12,0,123.80952380952381,inf
MJ Suthar,2024,1,2,1,0,0,1,1,50.0,1.0
MK Lomror,2018,20,21,8,1,0,8,1,95.23809523809523,20.0
MK Lomror,2019,8,3,1,2,0,0,1,266.66666666666663,8.0
MK Lomror,2020/21,59,54,17,2,3,27,3,109.25925925925925,19.666666666666668
MK Lomror,2021,94,76,22,3,6,36,3,123.6842105263158,31.333333333333332
MK Lomror,2022,86,60,14,7,4,26,5,143.33333333333334,17.2
MK Lomror,2023,135,101,28,9,8,43,8,133.66336633663366,16.875
MK Lomror,2024,125,74,16,9,9,25,9,168.91891891891893,13.88888888888889
MK Pandey,2007/08,3,10,6,0,0,3,2,30.0,1.5
MK Pandey,2009,168,120,38,17,4,40,2,140.0,84.0
MK Pandey,2009/10,249,233,104,27,7,70,11,106.86695278969958,22.636363636363637
MK Pandey,2011,246,233,101,28,6,82,10,105.5793991416309,24.6
MK Pandey,2012,143,115,43,12,6,42,7,124.34782608695652,20.428571428571427
MK Pandey,2013,136,139,55,11,3,59,6,97.84172661870504,22.666666666666668
MK Pandey,2014,409,359,121,35,11,143,13,113.9275766016713,31.46153846153846
MK Pandey,2015,225,187,68,22,7,78,10,120.32085561497325,22.5
MK Pandey,2016,248,190,43,17,9,96,8,130.5263157894737,31.0
MK Pandey,2017,396,315,82,28,12,159,8,125.71428571428571,49.5
MK Pandey,2018,284,257,80,22,5,108,11,110.50583657587549,25.818181818181817
MK Pandey,2019,345,268,72,34,6,128,9,128.73134328358208,38.333333333333336
MK Pandey,2020/21,425,350,123,35,18,137,13,121.42857142857142,32.69230769230769
MK Pandey,2021,292,246,79,21,10,104,6,118.69918699186992,48.666666666666664
MK Pandey,2022,88,84,35,9,2,28,6,104.76190476190477,14.666666666666666
MK Pandey,2023,160,149,54,15,3,65,10,107.38255033557047,16.0
MK Pandey,2024,42,33,7,2,2,16,1,127.27272727272727,42.0
MK Pandey,2025,92,67,18,5,5,28,2,137.3134328358209,46.0
MK Pandey,2026,70,51,15,8,2,22,2,137.2549019607843,35.0
MK Tiwary,2007/08,104,87,29,16,0,36,3,119.54022988505749,34.666666666666664
MK Tiwary,2009,9,13,7,1,0,5,1,69.23076923076923,9.0
MK Tiwary,2009/10,237,192,56,23,5,89,10,123.4375,23.7
MK Tiwary,2011,359,336,134,26,14,128,9,106.84523809523809,39.888888888888886
MK Tiwary,2012,260,251,84,21,3,115,10,103.58565737051792,26.0
MK Tiwary,2013,146,142,51,12,1,57,8,102.8169014084507,18.25
MK Tiwary,2014,152,123,35,14,4,54,6,123.57723577235772,25.333333333333332
MK Tiwary,2015,57,58,26,8,1,19,2,98.27586206896551,28.5
MK Tiwary,2017,324,242,67,31,11,112,9,133.88429752066116,36.0
MK Tiwary,2018,47,45,17,4,1,18,3,104.44444444444446,15.666666666666666
ML Hayden,2007/08,189,135,42,24,6,47,2,140.0,94.5
ML Hayden,2009,572,409,135,60,22,134,10,139.85330073349633,57.2
ML Hayden,2009/10,346,295,131,37,16,76,16,117.28813559322033,21.625
MM Ali,2018,77,46,13,4,6,21,4,167.3913043478261,19.25
MM Ali,2019,220,137,44,16,17,44,6,160.5839416058394,36.666666666666664
MM Ali,2020/21,12,16,6,1,0,8,3,75.0,4.0
MM Ali,2021,357,270,103,31,19,87,14,132.22222222222223,25.5
MM Ali,2022,244,183,68,24,11,64,10,133.33333333333331,24.4
MM Ali,2023,124,92,34,12,6,32,7,134.7826086956522,17.714285714285715
MM Ali,2024,128,105,32,7,8,46,5,121.90476190476191,25.6
MM Ali,2025,5,16,9,0,0,5,2,31.25,2.5
MM Patel,2007/08,0,1,1,0,0,0,0,0.0,
MM Patel,2009,33,26,8,5,0,13,3,126.92307692307692,11.0
MM Patel,2009/10,4,5,1,0,0,2,0,80.0,inf
MM Patel,2011,0,1,1,0,0,0,1,0.0,0.0
MM Patel,2012,2,7,5,0,0,2,0,28.57142857142857,inf
MM Patel,2017,0,1,1,0,0,0,1,0.0,0.0
MM Sharma,2013,0,5,5,0,0,0,1,0.0,0.0
MM Sharma,2014,1,3,2,0,0,1,0,33.33333333333333,inf
MM Sharma,2015,28,18,6,1,2,6,2,155.55555555555557,14.0
MM Sharma,2016,32,27,9,3,1,11,4,118.5185185185185,8.0
MM Sharma,2017,51,51,20,4,1,21,6,100.0,8.5
MM Sharma,2018,10,14,5,1,0,6,1,71.42857142857143,10.0
MM Sharma,2019,0,2,2,0,0,0,0,0.0,
MM Sharma,2023,0,1,0,0,0,0,0,0.0,
MM Sharma,2024,2,16,12,0,0,2,2,12.5,1.0
MM Sharma,2025,1,3,2,0,0,1,1,33.33333333333333,1.0
MN Samuels,2012,124,124,45,7,5,48,7,100.0,17.714285714285715
MN Samuels,2013,8,18,13,1,0,4,2,44.44444444444444,4.0
MN Samuels,2017,29,32,17,1,2,9,3,90.625,9.666666666666666
MN van Wyk,2009,167,135,37,19,1,58,3,123.7037037037037,55.666666666666664
MP Breetzke,2025,14,12,6,1,1,2,1,116.66666666666667,14.0
MP Stoinis,2016,146,111,33,13,4,42,4,131.53153153153156,36.5
MP Stoinis,2017,17,25,12,1,0,9,3,68.0,5.666666666666667
MP Stoinis,2018,99,78,23,6,4,34,4,126.92307692307692,24.75
MP Stoinis,2019,211,159,51,14,10,63,4,132.70440251572327,52.75
MP Stoinis,2020/21,352,250,66,31,16,104,15,140.79999999999998,23.466666666666665
MP Stoinis,2021,89,74,24,11,1,31,4,120.27027027027026,22.25
MP Stoinis,2022,156,116,38,7,13,44,7,134.48275862068965,22.285714285714285
MP Stoinis,2023,408,281,93,28,27,104,14,145.19572953736656,29.142857142857142
MP Stoinis,2024,388,272,88,39,16,101,12,142.64705882352942,32.333333333333336
MP Stoinis,2025,160,91,28,8,15,26,6,175.82417582417582,26.666666666666668
MP Stoinis,2026,216,131,33,23,11,46,6,164.8854961832061,36.0
MP Yadav,2026,5,6,3,1,0,1,1,83.33333333333334,5.0
MR Marsh,2009/10,28,31,10,1,1,16,2,90.32258064516128,14.0
MR Marsh,2011,50,50,23,2,3,18,2,100.0,25.0
MR Marsh,2013,140,109,37,6,10,46,7,128.44036697247708,20.0
MR Marsh,2016,7,11,6,0,0,3,1,63.63636363636363,7.0
MR Marsh,2020/21,0,1,1,0,0,0,1,0.0,0.0
MR Marsh,2022,251,192,72,19,14,74,7,130.72916666666669,35.857142857142854
MR Marsh,2023,128,97,40,11,7,31,8,131.95876288659792,16.0
MR Marsh,2024,61,41,17,9,3,7,4,148.78048780487805,15.25
MR Marsh,2025,627,401,120,56,37,141,13,156.35910224438902,48.23076923076923
MR Marsh,2026,563,358,114,51,36,125,14,157.26256983240222,40.214285714285715
MS Bhandage,2025,1,4,3,0,0,1,1,25.0,1.0
MS Bisla,2009/10,218,189,82,27,6,44,9,115.34391534391534,24.22222222222222
MS Bisla,2011,72,90,40,8,0,34,4,80.0,18.0
MS Bisla,2012,213,171,53,16,10,61,7,124.56140350877195,30.428571428571427
MS Bisla,2013,255,248,116,36,6,61,14,102.8225806451613,18.214285714285715
MS Bisla,2014,3,9,6,0,0,3,1,33.33333333333333,3.0
MS Bisla,2015,37,30,18,6,1,4,2,123.33333333333334,18.5
MS Dhoni,2007/08,414,319,105,38,15,114,11,129.7805642633229,37.63636363636363
MS Dhoni,2009,332,270,64,22,9,139,8,122.96296296296296,41.5
MS Dhoni,2009/10,287,215,55,26,8,95,9,133.48837209302326,31.88888888888889
MS Dhoni,2011,392,247,65,25,23,107,11,158.70445344129556,35.63636363636363
MS Dhoni,2012,358,283,78,26,9,123,11,126.50176678445231,32.54545454545455
MS Dhoni,2013,461,298,76,32,25,114,12,154.6979865771812,38.416666666666664
MS Dhoni,2014,371,258,62,22,20,101,6,143.7984496124031,61.833333333333336
MS Dhoni,2015,372,309,116,27,17,114,16,120.3883495145631,23.25
MS Dhoni,2016,284,220,67,18,14,85,8,129.0909090909091,35.5
MS Dhoni,2017,290,261,99,15,16,94,13,111.11111111111111,22.307692307692307
MS Dhoni,2018,455,321,84,24,30,137,7,141.74454828660436,65.0
MS Dhoni,2019,416,317,101,22,23,120,6,131.23028391167193,69.33333333333333
MS Dhoni,2020/21,200,175,68,16,7,66,8,114.28571428571428,25.0
MS Dhoni,2021,114,111,48,12,3,38,8,102.7027027027027,14.25
MS Dhoni,2022,232,198,80,21,10,62,8,117.17171717171718,29.0
MS Dhoni,2023,104,63,14,3,10,24,4,165.07936507936506,26.0
MS Dhoni,2024,161,82,21,14,13,21,3,196.34146341463415,53.666666666666664
MS Dhoni,2025,196,154,45,12,12,68,9,127.27272727272727,21.77777777777778
MS Gony,2007/08,35,25,9,2,3,7,1,140.0,35.0
MS Gony,2009,13,7,4,0,2,1,2,185.71428571428572,6.5
MS Gony,2009/10,2,7,4,0,0,2,1,28.57142857142857,2.0
MS Gony,2011,0,2,1,0,0,0,1,0.0,0.0
MS Gony,2012,4,8,4,0,0,4,1,50.0,4.0
MS Gony,2013,45,27,10,4,3,5,3,166.66666666666669,15.0
MS Wade,2011,22,33,14,0,0,14,3,66.66666666666666,7.333333333333333
MS Wade,2022,157,145,64,23,2,37,9,108.27586206896551,17.444444444444443
MS Wade,2024,4,7,2,0,0,4,1,57.14285714285714,4.0
MV Boucher,2007/08,225,181,59,24,6,74,8,124.30939226519338,28.125
MV Boucher,2009,150,121,37,8,6,44,5,123.96694214876034,30.0
MV Boucher,2009/10,13,10,2,0,1,7,1,130.0,13.0
MV Boucher,2011,6,6,1,0,0,2,1,100.0,6.0
MW Short,2023,117,99,43,15,4,23,6,118.18181818181819,19.5
MW Short,2026,60,54,19,6,1,20,3,111.11111111111111,20.0
Mandeep Singh,2009/10,4,11,10,1,0,0,2,36.36363636363637,2.0
Mandeep Singh,2011,47,42,14,4,1,19,4,111.90476190476191,11.75
Mandeep Singh,2012,432,349,128,53,7,116,18,123.78223495702005,24.0
Mandeep Singh,2013,260,228,84,36,0,78,12,114.03508771929825,21.666666666666668
Mandeep Singh,2014,24,28,12,2,0,9,3,85.71428571428571,8.0
Mandeep Singh,2015,157,102,29,17,6,35,7,153.921568627451,22.428571428571427
Mandeep Singh,2017,188,178,80,21,4,62,11,105.61797752808988,17.09090909090909
Mandeep Singh,2018,252,193,51,16,11,84,10,130.5699481865285,25.2
Mandeep Singh,2019,165,122,20,10,4,72,5,135.24590163934425,33.0
Mandeep Singh,2020/21,130,111,41,10,4,41,6,117.11711711711712,21.666666666666668
Mandeep Singh,2021,15,14,4,2,0,7,1,107.14285714285714,15.0
Mandeep Singh,2022,18,24,16,4,0,2,3,75.0,6.0
Mandeep Singh,2023,14,16,8,0,1,6,3,87.5,4.666666666666667
Mashrafe Mortaza,2009,2,2,1,0,0,0,0,100.0,inf
Mayank Dagar,2024,0,1,1,0,0,0,0,0.0,
Misbah-ul-Haq,2007/08,117,82,28,10,6,29,9,142.6829268292683,13.0
Mohammad Ashraful,2009,2,12,7,0,0,2,1,16.666666666666664,2.0
Mohammad Asif,2007/08,3,6,3,0,0,3,2,50.0,1.5
Mohammad Hafeez,2007/08,64,84,46,7,2,24,8,76.19047619047619,8.0
Mohammad Nabi,2017,2,3,2,0,0,0,1,66.66666666666666,2.0
Mohammad Nabi,2018,18,12,3,3,0,6,2,150.0,9.0
Mohammad Nabi,2019,121,81,27,8,8,28,6,149.3827160493827,20.166666666666668
Mohammad Nabi,2020/21,11,8,2,2,0,3,1,137.5,11.0
Mohammad Nabi,2021,34,22,5,3,2,8,3,154.54545454545453,11.333333333333334
Mohammad Nabi,2024,35,31,10,2,2,13,4,112.90322580645163,8.75
Mohammed Shami,2013,5,10,6,0,0,3,1,50.0,5.0
Mohammed Shami,2014,3,8,4,0,0,3,2,37.5,1.5
Mohammed Shami,2016,2,4,1,0,0,2,0,50.0,inf
Mohammed Shami,2017,36,24,10,4,2,6,4,150.0,9.0
Mohammed Shami,2018,7,6,2,1,0,3,1,116.66666666666667,7.0
Mohammed Shami,2019,1,2,1,0,0,1,1,50.0,1.0
Mohammed Shami,2020/21,2,3,1,0,0,2,1,66.66666666666666,2.0
Mohammed Shami,2021,13,17,7,0,0,7,1,76.47058823529412,13.0
Mohammed Shami,2023,5,8,4,1,0,1,2,62.5,2.5
Mohammed Shami,2025,10,11,4,1,0,4,1,90.9090909090909,10.0
Mohammed Shami,2026,31,23,10,2,3,5,5,134.7826086956522,6.2
Mohammed Siraj,2018,25,23,7,2,1,11,2,108.69565217391303,12.5
Mohammed Siraj,2019,4,15,8,0,0,4,2,26.666666666666668,2.0
Mohammed Siraj,2020/21,17,14,4,2,0,5,1,121.42857142857142,17.0
Mohammed Siraj,2021,20,26,15,1,1,6,1,76.92307692307693,20.0
Mohammed Siraj,2022,30,33,19,5,0,8,2,90.9090909090909,15.0
Mohammed Siraj,2023,1,2,1,0,0,1,1,50.0,1.0
Mohammed Siraj,2024,12,9,6,0,2,0,1,133.33333333333331,12.0
Mohammed Siraj,2025,3,5,1,0,0,1,0,60.0,inf
Mohammed Siraj,2026,5,17,14,1,0,1,2,29.411764705882355,2.5
Mohit Rathee,2023,1,2,1,0,0,1,0,50.0,inf
Mohsin Khan,2022,23,19,5,2,1,7,1,121.05263157894737,23.0
Mohsin Khan,2023,0,7,7,0,0,0,1,0.0,0.0
Mohsin Khan,2024,2,1,0,0,0,0,0,200.0,inf
Mohsin Khan,2026,0,4,4,0,0,0,2,0.0,0.0
Mujeeb Ur Rahman,2018,10,7,2,2,0,2,1,142.85714285714286,10.0
Mujeeb Ur Rahman,2019,0,4,3,0,0,0,1,0.0,0.0
Mujeeb Ur Rahman,2020/21,1,3,2,0,0,1,1,33.33333333333333,1.0
Mujeeb Ur Rahman,2021,1,1,0,0,0,1,0,100.0,inf
Mukesh Choudhary,2022,6,6,3,1,0,2,0,100.0,inf
Mukesh Choudhary,2026,2,2,1,0,0,0,0,100.0,inf
Mukesh Kumar,2023,7,10,2,0,0,7,0,70.0,inf
Mukesh Kumar,2024,3,10,6,0,0,3,1,30.0,3.0
Musheer Khan,2025,0,3,3,0,0,0,1,0.0,0.0
Mustafizur Rahman,2018,1,3,2,0,0,1,1,33.33333333333333,1.0
Mustafizur Rahman,2021,8,14,11,0,1,2,0,57.14285714285714,inf
Mustafizur Rahman,2022,3,5,2,0,0,3,0,60.0,inf
Mustafizur Rahman,2023,1,1,0,0,0,1,0,100.0,inf
Mustafizur Rahman,2025,0,1,1,0,0,0,1,0.0,0.0
N Burger,2026,14,9,2,0,1,5,1,155.55555555555557,14.0
N Jagadeesan,2020/21,33,31,10,4,0,13,2,106.4516129032258,16.5
N Jagadeesan,2022,40,40,12,3,1,20,1,100.0,40.0
N Jagadeesan,2023,89,84,42,14,1,19,6,105.95238095238095,14.833333333333334
N Pooran,2019,168,110,43,10,14,30,6,152.72727272727275,28.0
N Pooran,2020/21,353,215,68,23,25,70,13,164.18604651162792,27.153846153846153
N Pooran,2021,85,77,30,3,5,34,10,110.3896103896104,8.5
N Pooran,2022,306,228,66,16,21,90,8,134.21052631578948,38.25
N Pooran,2023,358,217,66,26,26,76,11,164.97695852534562,32.54545454545455
N Pooran,2024,499,296,79,35,36,111,8,168.58108108108107,62.375
N Pooran,2025,524,290,85,45,40,85,11,180.6896551724138,47.63636363636363
N Pooran,2026,234,196,82,11,19,58,15,119.38775510204083,15.6
N Rana,2016,104,78,33,7,8,24,3,133.33333333333331,34.666666666666664
N Rana,2017,333,277,98,24,17,110,12,120.21660649819495,27.75
N Rana,2018,304,238,85,26,14,94,15,127.73109243697478,20.266666666666666
N Rana,2019,344,240,91,27,21,79,10,143.33333333333334,34.4
N Rana,2020/21,352,260,99,43,12,88,13,135.3846153846154,27.076923076923077
N Rana,2021,383,325,122,34,17,125,13,117.84615384615384,29.46153846153846
N Rana,2022,361,259,93,29,22,87,13,139.3822393822394,27.76923076923077
N Rana,2023,413,303,105,39,20,110,13,136.3036303630363,31.76923076923077
N Rana,2024,42,35,12,5,1,12,2,120.0,21.0
N Rana,2025,217,141,46,27,9,45,10,153.90070921985816,21.7
N Rana,2026,225,158,59,27,10,47,9,142.40506329113924,25.0
N Saini,2012,140,143,63,16,0,43,11,97.9020979020979,12.727272727272727
N Sindhu,2026,63,51,22,7,2,15,5,123.52941176470588,12.6
N Wadhera,2023,241,171,59,23,12,61,9,140.93567251461988,26.77777777777778
N Wadhera,2024,109,90,33,9,6,33,6,121.1111111111111,18.166666666666668
N Wadhera,2025,369,261,86,28,21,98,11,141.3793103448276,33.54545454545455
N Wadhera,2026,65,61,25,4,4,23,6,106.55737704918033,10.833333333333334
ND Doshi,2011,0,13,13,0,0,0,1,0.0,0.0
NJ Maddinson,2014,16,14,9,3,0,1,2,114.28571428571428,8.0
NJ Maddinson,2015,4,7,6,1,0,0,1,57.14285714285714,4.0
NJ Rimmington,2011,1,1,0,0,0,1,0,100.0,inf
NK Patel,2007/08,103,83,29,13,1,28,3,124.09638554216869,34.333333333333336
NK Patel,2009,18,41,25,1,0,10,2,43.90243902439025,9.0
NL McCullum,2011,26,23,6,0,1,9,3,113.04347826086956,8.666666666666666
NLTC Perera,2011,23,29,17,4,0,5,2,79.3103448275862,11.5
NLTC Perera,2012,4,12,5,0,0,4,1,33.33333333333333,4.0
NLTC Perera,2013,235,173,47,12,14,72,12,135.83815028901734,19.583333333333332
NLTC Perera,2015,12,15,7,0,1,6,2,80.0,6.0
NLTC Perera,2016,150,97,28,7,11,34,7,154.63917525773198,21.428571428571427
NM Coulter-Nile,2013,9,6,2,0,1,3,1,150.0,9.0
NM Coulter-Nile,2015,20,20,10,2,1,4,3,100.0,6.666666666666667
NM Coulter-Nile,2016,9,14,8,1,0,5,0,64.28571428571429,inf
NM Coulter-Nile,2017,14,13,8,0,2,2,3,107.6923076923077,4.666666666666667
NM Coulter-Nile,2020/21,25,15,5,4,0,3,1,166.66666666666669,25.0
NM Coulter-Nile,2021,4,5,2,0,0,2,2,80.0,2.0
NM Coulter-Nile,2022,1,2,0,0,0,1,0,50.0,inf
NS Naik,2016,23,33,13,1,0,13,2,69.6969696969697,11.5
NS Naik,2019,7,17,12,1,0,3,1,41.17647058823529,7.0
NS Naik,2020/21,1,3,2,0,0,1,1,33.33333333333333,1.0
NT Ellis,2021,18,17,5,0,1,8,1,105.88235294117648,18.0
NT Ellis,2022,0,2,2,0,0,0,1,0.0,0.0
NT Ellis,2023,1,7,6,0,0,1,2,14.285714285714285,0.5
NV Ojha,2009,168,145,72,11,11,40,7,115.86206896551725,24.0
NV Ojha,2009/10,377,294,115,42,15,98,12,128.2312925170068,31.416666666666668
NV Ojha,2011,160,169,92,11,11,42,13,94.67455621301775,12.307692307692308
NV Ojha,2012,255,230,106,21,13,67,11,110.86956521739131,23.181818181818183
NV Ojha,2013,9,10,4,1,0,5,1,90.0,9.0
NV Ojha,2014,232,170,61,14,17,60,6,136.47058823529412,38.666666666666664
NV Ojha,2015,137,126,49,12,4,45,9,108.73015873015872,15.222222222222221
NV Ojha,2016,136,142,60,7,5,51,10,95.77464788732394,13.6
NV Ojha,2017,79,70,20,2,3,29,4,112.85714285714286,19.75
NV Ojha,2018,1,4,2,0,0,1,1,25.0,1.0
Naman Dhir,2024,140,84,27,12,10,22,6,166.66666666666669,23.333333333333332
Naman Dhir,2025,252,142,33,25,13,56,8,177.46478873239437,31.5
Naman Dhir,2026,318,218,63,31,13,93,12,145.87155963302752,26.5
Navdeep Saini,2019,2,4,1,0,0,2,1,50.0,2.0
Navdeep Saini,2020/21,27,27,11,3,0,11,1,100.0,27.0
Navdeep Saini,2021,2,5,2,0,0,2,1,40.0,2.0
Navdeep Saini,2022,2,2,1,0,0,0,1,100.0,2.0
Naveen-ul-Haq,2023,16,22,8,2,0,6,2,72.72727272727273,8.0
Naveen-ul-Haq,2024,2,4,3,0,0,0,0,50.0,inf
Nithish Kumar Reddy,2024,303,221,72,15,21,89,9,137.10407239819006,33.666666666666664
Nithish Kumar Reddy,2025,182,161,51,16,4,71,9,113.04347826086956,20.22222222222222
Nithish Kumar Reddy,2026,302,184,48,19,21,77,10,164.1304347826087,30.2
Noor Ahmad,2023,8,9,4,1,0,4,2,88.88888888888889,4.0
Noor Ahmad,2024,5,9,7,1,0,1,2,55.55555555555556,2.5
Noor Ahmad,2025,7,17,12,0,0,3,4,41.17647058823529,1.75
Noor Ahmad,2026,11,24,17,0,1,5,3,45.83333333333333,3.6666666666666665
OA Shah,2009/10,115,96,30,7,5,45,3,119.79166666666667,38.333333333333336
OA Shah,2011,26,16,2,1,2,8,1,162.5,26.0
OA Shah,2012,340,269,84,24,16,100,7,126.39405204460968,48.57142857142857
OA Shah,2013,25,24,5,2,0,15,2,104.16666666666667,12.5
OC McCoy,2022,8,5,2,0,1,2,0,160.0,inf
OF Smith,2022,51,50,23,1,5,13,3,102.0,17.0
P Awana,2012,4,5,1,0,0,4,0,80.0,inf
P Awana,2013,1,9,8,0,0,1,3,11.11111111111111,0.3333333333333333
P Chopra,2018,8,6,4,2,0,0,1,133.33333333333331,8.0
P Dogra,2009/10,107,108,45,4,5,44,6,99.07407407407408,17.833333333333332
P Dogra,2012,15,25,11,0,0,11,5,60.0,3.0
P Dogra,2013,5,8,3,0,0,3,1,62.5,5.0
P Dubey,2020/21,7,13,6,0,0,5,0,53.84615384615385,inf
P Dubey,2023,16,20,10,2,0,8,1,80.0,16.0
P Kumar,2007/08,112,100,48,10,6,26,9,112.00000000000001,12.444444444444445
P Kumar,2009,65,46,19,1,6,15,5,141.30434782608697,13.0
P Kumar,2009/10,4,8,4,0,0,2,2,50.0,2.0
P Kumar,2011,27,33,16,2,1,9,3,81.81818181818183,9.0
P Kumar,2012,35,32,11,2,1,9,2,109.375,17.5
P Kumar,2013,47,41,18,3,3,11,5,114.6341463414634,9.4
P Kumar,2014,1,2,1,0,0,1,1,50.0,1.0
P Kumar,2015,17,25,11,1,0,11,2,68.0,8.5
P Kumar,2016,24,27,12,3,0,10,4,88.88888888888889,6.0
P Kumar,2017,8,9,1,0,0,8,1,88.88888888888889,8.0
P Negi,2012,36,30,11,4,1,12,2,120.0,18.0
P Negi,2015,116,77,20,10,5,27,6,150.64935064935065,19.333333333333332
P Negi,2016,57,63,26,2,3,23,3,90.47619047619048,19.0
P Negi,2017,144,114,39,10,7,40,9,126.3157894736842,16.0
P Negi,2018,3,5,2,0,0,3,2,60.0,1.5
P Negi,2019,9,12,6,1,0,3,4,75.0,2.25
P Nissanka,2026,278,180,64,33,12,54,10,154.44444444444446,27.8
P Parameswaran,2011,1,1,0,0,0,1,0,100.0,inf
P Parameswaran,2012,0,2,1,0,0,0,0,0.0,
P Ray Barman,2019,19,25,11,2,0,11,1,76.0,19.0
P Sahu,2016,19,13,4,1,1,5,0,146.15384615384613,inf
P Simran Singh,2019,16,18,10,1,1,4,1,88.88888888888889,16.0
P Simran Singh,2020/21,15,15,7,2,0,5,2,100.0,7.5
P Simran Singh,2021,19,23,13,1,1,7,2,82.6086956521739,9.5
P Simran Singh,2022,14,11,5,2,0,2,1,127.27272727272727,14.0
P Simran Singh,2023,358,245,100,38,19,63,15,146.12244897959184,23.866666666666667
P Simran Singh,2024,334,216,87,34,20,58,14,154.62962962962962,23.857142857142858
P Simran Singh,2025,599,376,121,63,30,136,17,159.30851063829786,35.23529411764706
P Simran Singh,2026,510,316,89,55,23,115,12,161.39240506329114,42.5
PA Patel,2007/08,302,315,143,42,3,92,11,95.87301587301587,27.454545454545453
PA Patel,2009,142,131,53,19,2,43,8,108.3969465648855,17.75
PA Patel,2009/10,72,83,35,6,2,32,5,86.74698795180723,14.4
PA Patel,2011,202,189,76,25,2,67,9,106.87830687830689,22.444444444444443
PA Patel,2012,194,166,53,19,4,66,12,116.86746987951808,16.166666666666668
PA Patel,2013,294,261,101,37,4,94,13,112.64367816091954,22.615384615384617
PA Patel,2014,205,191,83,30,1,52,9,107.32984293193716,22.77777777777778
PA Patel,2015,339,255,92,47,5,79,12,132.94117647058823,28.25
PA Patel,2016,177,161,67,23,4,45,10,109.93788819875776,17.7
PA Patel,2017,395,308,98,49,8,107,18,128.24675324675326,21.944444444444443
PA Patel,2018,153,109,37,20,4,39,5,140.36697247706422,30.6
PA Patel,2019,373,273,90,48,10,95,15,136.63003663003664,24.866666666666667
PA Reddy,2012,73,63,21,6,2,23,3,115.87301587301589,24.333333333333332
PA Reddy,2013,91,104,44,9,0,42,7,87.5,13.0
PBB Rajapaksa,2022,206,137,42,16,13,46,9,150.36496350364962,22.88888888888889
PBB Rajapaksa,2023,71,64,22,6,2,23,3,110.9375,23.666666666666668
PC Valthaty,2009,6,12,9,1,0,2,2,50.0,3.0
PC Valthaty,2011,463,351,155,56,20,85,13,131.90883190883193,35.61538461538461
PC Valthaty,2012,30,52,34,4,0,10,6,57.692307692307686,5.0
PC Valthaty,2013,6,17,11,0,0,4,1,35.294117647058826,6.0
PD Collingwood,2009/10,203,159,54,9,13,66,4,127.67295597484276,50.75
PD Salt,2023,218,135,42,24,10,48,8,161.4814814814815,27.25
PD Salt,2024,435,250,78,50,24,65,12,174.0,36.25
PD Salt,2025,403,238,81,48,22,61,12,169.32773109243698,33.583333333333336
PD Salt,2026,202,123,36,16,11,39,6,164.22764227642276,33.666666666666664
PHKD Mendis,2025,92,72,20,7,2,24,4,127.77777777777777,23.0
PJ Cummins,2015,0,2,1,0,0,0,1,0.0,0.0
PJ Cummins,2017,77,54,17,5,4,19,5,142.59259259259258,15.4
PJ Cummins,2020/21,146,120,47,9,8,36,7,121.66666666666666,20.857142857142858
PJ Cummins,2021,93,60,19,5,8,15,5,155.0,18.6
PJ Cummins,2022,63,24,8,5,6,3,4,262.5,15.75
PJ Cummins,2024,136,99,34,9,8,33,7,137.37373737373736,19.428571428571427
PJ Cummins,2025,97,58,16,6,7,21,4,167.24137931034483,24.25
PJ Cummins,2026,30,20,8,1,3,6,3,150.0,10.0
PJ Sangwan,2007/08,2,5,3,0,0,0,2,40.0,1.0
PJ Sangwan,2009,6,10,5,0,0,4,2,60.0,3.0
PJ Sangwan,2009/10,10,15,5,0,0,8,0,66.66666666666666,inf
PJ Sangwan,2013,4,2,1,1,0,0,0,200.0,inf
PJ Sangwan,2017,2,4,2,0,0,2,2,50.0,1.0
PJ Sangwan,2018,0,5,4,0,0,0,1,0.0,0.0
PJ Sangwan,2022,2,6,3,0,0,2,1,33.33333333333333,2.0
PK Garg,2020/21,133,116,38,9,4,44,9,114.65517241379311,14.777777777777779
PK Garg,2021,72,75,26,2,3,38,5,96.0,14.4
PK Garg,2022,46,33,11,4,2,12,2,139.3939393939394,23.0
PK Garg,2023,22,23,8,1,0,9,3,95.65217391304348,7.333333333333333
PM Sarvesh Kumar,2007/08,1,2,1,0,0,1,0,50.0,inf
PN Mankad,2022,4,1,0,1,0,0,0,400.0,inf
PN Mankad,2023,93,74,28,12,2,23,3,125.67567567567568,31.0
PP Chawla,2007/08,90,61,23,10,3,14,4,147.54098360655738,22.5
PP Chawla,2009,31,39,14,3,0,11,3,79.48717948717949,10.333333333333334
PP Chawla,2009/10,62,63,22,7,0,24,5,98.4126984126984,12.4
PP Chawla,2011,48,55,24,2,2,22,4,87.27272727272727,12.0
PP Chawla,2012,106,88,32,9,4,38,8,120.45454545454545,13.25
PP Chawla,2013,64,60,23,5,3,20,6,106.66666666666667,10.666666666666666
PP Chawla,2014,31,20,5,4,1,7,3,155.0,10.333333333333334
PP Chawla,2015,54,49,17,5,2,18,5,110.20408163265304,10.8
PP Chawla,2016,27,26,12,4,0,7,3,103.84615384615385,9.0
PP Chawla,2017,2,6,4,0,0,2,1,33.33333333333333,2.0
PP Chawla,2018,27,36,16,1,1,15,4,75.0,6.75
PP Chawla,2019,42,38,19,4,2,11,4,110.5263157894737,10.5
PP Chawla,2021,0,2,2,0,0,0,1,0.0,0.0
PP Chawla,2023,25,22,6,1,1,9,2,113.63636363636364,12.5
PP Chawla,2024,15,15,7,1,1,5,4,100.0,3.75
PP Hinge,2026,3,9,6,0,0,1,1,33.33333333333333,3.0
PP Ojha,2007/08,2,4,1,0,0,2,1,50.0,2.0
PP Ojha,2009,1,7,5,0,0,1,3,14.285714285714285,0.3333333333333333
PP Ojha,2009/10,3,8,6,0,0,1,3,37.5,1.0
PP Ojha,2012,4,14,9,0,0,4,1,28.57142857142857,4.0
PP Ojha,2013,2,4,2,0,0,2,1,50.0,2.0
PP Ojha,2014,4,8,2,0,0,4,1,50.0,4.0
PP Shaw,2018,245,165,58,27,10,54,9,148.4848484848485,27.22222222222222
PP Shaw,2019,353,270,101,45,9,94,15,130.74074074074073,23.533333333333335
PP Shaw,2020/21,228,170,67,27,8,52,13,134.1176470588235,17.53846153846154
PP Shaw,2021,479,308,94,56,18,111,14,155.5194805194805,34.214285714285715
PP Shaw,2022,283,193,73,37,10,52,10,146.63212435233163,28.3
PP Shaw,2023,106,90,36,16,1,28,8,117.77777777777779,13.25
PP Shaw,2024,198,125,41,30,5,38,8,158.4,24.75
PR Shah,2007/08,34,38,13,4,0,12,4,89.47368421052632,8.5
PR Shah,2009,53,54,23,4,2,15,3,98.14814814814815,17.666666666666668
PR Shah,2011,5,5,3,1,0,1,1,100.0,5.0
PR Veer,2026,90,72,23,10,3,26,2,125.0,45.0
PSP Handscomb,2016,6,12,6,0,0,6,1,50.0,6.0
PV Tambe,2013,3,6,2,0,0,3,0,50.0,inf
PV Tambe,2014,5,9,4,0,0,5,1,55.55555555555556,5.0
PV Tambe,2015,3,5,2,0,0,3,0,60.0,inf
PV Tambe,2016,7,19,14,1,0,3,0,36.84210526315789,inf
PVD Chameera,2022,43,32,11,3,3,7,3,134.375,14.333333333333334
PVD Chameera,2025,10,14,3,0,0,10,0,71.42857142857143,inf
PVD Chameera,2026,0,3,3,0,0,0,0,0.0,
PVSN Raju,2025,1,1,0,0,0,1,0,100.0,inf
PWA Mulder,2025,9,12,5,1,0,5,1,75.0,9.0
PWH de Silva,2021,1,2,1,0,0,1,1,50.0,1.0
PWH de Silva,2022,38,48,24,4,1,12,7,79.16666666666666,5.428571428571429
PWH de Silva,2023,33,30,8,3,0,13,3,110.00000000000001,11.0
PWH de Silva,2025,9,15,8,0,0,5,5,60.0,1.8
Pankaj Singh,2007/08,5,8,4,0,0,3,0,62.5,inf
Pankaj Singh,2009,1,2,1,0,0,1,1,50.0,1.0
Pankaj Singh,2009/10,1,2,1,0,0,1,1,50.0,1.0
Parvez Rasool,2013,5,9,3,0,0,5,1,55.55555555555556,5.0
Parvez Rasool,2015,2,2,0,0,0,2,0,100.0,inf
Parvez Rasool,2016,10,9,3,1,0,4,1,111.11111111111111,10.0
Prince Yadav,2025,5,11,5,0,0,5,0,45.45454545454545,inf
Prince Yadav,2026,0,1,0,0,0,0,0,0.0,
Priyansh Arya,2025,545,310,101,60,31,83,18,175.80645161290323,30.27777777777778
Priyansh Arya,2026,364,181,55,27,32,46,13,201.10497237569064,28.0
Q de Kock,2013,6,16,12,1,0,2,3,37.5,2.0
Q de Kock,2014,153,132,59,19,4,41,6,115.90909090909092,25.5
Q de Kock,2015,122,78,29,18,4,24,3,156.4102564102564,40.666666666666664
Q de Kock,2016,445,340,118,52,13,121,13,130.88235294117646,34.23076923076923
Q de Kock,2018,201,164,65,20,8,55,7,122.5609756097561,28.714285714285715
Q de Kock,2019,529,404,143,45,25,150,14,130.94059405940595,37.785714285714285
Q de Kock,2020/21,506,368,130,46,22,130,15,137.5,33.733333333333334
Q de Kock,2021,297,261,93,29,7,103,10,113.79310344827587,29.7
Q de Kock,2022,508,350,111,47,23,131,15,145.14285714285714,33.86666666666667
Q de Kock,2023,143,103,31,10,8,45,4,138.83495145631068,35.75
Q de Kock,2024,250,194,77,29,9,62,11,128.8659793814433,22.727272727272727
Q de Kock,2025,152,123,44,9,11,48,7,123.57723577235772,21.714285714285715
Q de Kock,2026,132,85,25,9,9,32,2,155.29411764705884,66.0
R Ashwin,2009,8,15,10,1,0,4,1,53.333333333333336,8.0
R Ashwin,2009/10,30,40,15,2,0,20,3,75.0,10.0
R Ashwin,2011,2,6,4,0,0,2,2,33.33333333333333,1.0
R Ashwin,2012,18,15,4,2,0,6,3,120.0,6.0
R Ashwin,2013,35,50,26,4,0,17,4,70.0,8.75
R Ashwin,2014,45,48,13,4,0,23,2,93.75,22.5
R Ashwin,2015,52,34,7,6,1,14,3,152.94117647058823,17.333333333333332
R Ashwin,2016,41,38,14,3,1,17,2,107.89473684210526,20.5
R Ashwin,2018,102,76,20,7,5,32,8,134.21052631578948,12.75
R Ashwin,2019,42,28,9,3,3,12,5,150.0,8.4
R Ashwin,2020/21,37,34,15,3,1,11,3,108.8235294117647,12.333333333333334
R Ashwin,2021,44,43,12,2,1,20,3,102.32558139534885,14.666666666666666
R Ashwin,2022,191,140,38,14,9,65,9,136.42857142857144,21.22222222222222
R Ashwin,2023,67,55,18,5,3,19,5,121.81818181818183,13.4
R Ashwin,2024,86,76,25,5,4,34,6,113.1578947368421,14.333333333333334
R Ashwin,2025,33,30,10,3,1,11,4,110.00000000000001,8.25
R Bhatia,2007/08,34,28,8,2,2,12,2,121.42857142857142,17.0
R Bhatia,2009,8,18,13,1,0,4,5,44.44444444444444,1.6
R Bhatia,2009/10,24,17,6,1,2,6,3,141.1764705882353,8.0
R Bhatia,2011,25,23,5,3,0,13,2,108.69565217391303,12.5
R Bhatia,2012,35,30,7,4,0,15,3,116.66666666666667,11.666666666666666
R Bhatia,2013,99,81,32,8,3,26,6,122.22222222222223,16.5
R Bhatia,2014,67,55,16,4,3,25,5,121.81818181818183,13.4
R Bhatia,2015,0,1,1,0,0,0,1,0.0,0.0
R Bhatia,2016,34,20,3,1,2,10,1,170.0,34.0
R Bhatia,2017,16,17,6,0,1,8,1,94.11764705882352,16.0
R Bishnoi,2009,19,17,11,1,2,3,3,111.76470588235294,6.333333333333333
R Dhawan,2013,21,21,9,3,0,5,3,100.0,7.0
R Dhawan,2014,82,75,30,8,1,29,2,109.33333333333333,41.0
R Dhawan,2015,36,33,14,2,2,12,2,109.09090909090908,18.0
R Dhawan,2016,14,6,0,0,1,2,0,233.33333333333334,inf
R Dhawan,2022,37,41,25,4,2,9,2,90.2439024390244,18.5
R Dhawan,2023,20,12,3,1,1,4,1,166.66666666666669,20.0
R Dravid,2007/08,371,299,100,35,11,133,14,124.08026755852843,26.5
R Dravid,2009,271,239,81,28,3,95,11,113.38912133891212,24.636363636363637
R Dravid,2009/10,256,203,66,34,3,80,9,126.10837438423646,28.444444444444443
R Dravid,2011,343,320,130,45,2,110,11,107.18749999999999,31.181818181818183
R Dravid,2012,462,424,179,63,4,135,16,108.96226415094338,28.875
R Dravid,2013,471,433,190,64,5,128,16,108.77598152424943,29.4375
R McLaren,2009/10,66,71,25,7,0,29,3,92.95774647887323,22.0
R McLaren,2011,90,101,36,7,1,48,3,89.10891089108911,30.0
R McLaren,2013,3,6,4,0,0,1,2,50.0,1.5
R Minz,2025,6,16,10,0,0,4,2,37.5,3.0
R Minz,2026,6,4,1,1,0,2,1,150.0,6.0
R Ninan,2011,3,6,2,0,0,3,1,50.0,3.0
R Parag,2019,160,133,47,17,5,50,4,120.30075187969925,40.0
R Parag,2020/21,86,81,29,6,3,34,6,106.17283950617285,14.333333333333334
R Parag,2021,93,84,32,6,4,35,8,110.71428571428572,11.625
R Parag,2022,183,136,40,11,10,57,11,134.55882352941177,16.636363636363637
R Parag,2023,78,68,25,4,5,26,6,114.70588235294117,13.0
R Parag,2024,573,407,117,40,33,164,12,140.78624078624077,47.75
R Parag,2025,397,247,74,28,27,93,13,160.72874493927125,30.53846153846154
R Parag,2026,309,203,72,24,21,65,13,152.2167487684729,23.76923076923077
R Powell,2022,250,174,63,10,22,62,11,143.67816091954023,22.727272727272727
R Powell,2023,7,9,6,1,0,1,3,77.77777777777779,2.3333333333333335
R Powell,2024,103,71,29,10,6,17,6,145.07042253521126,17.166666666666668
R Powell,2025,5,7,3,1,0,1,1,71.42857142857143,5.0
R Powell,2026,190,148,50,16,10,56,4,128.3783783783784,47.5
R Rampaul,2013,38,39,16,3,1,10,4,97.43589743589743,9.5
R Rampaul,2014,13,13,6,0,1,5,1,100.0,13.0
R Ravindra,2024,222,146,47,22,12,50,9,152.05479452054794,24.666666666666668
R Ravindra,2025,191,152,45,18,4,64,7,125.6578947368421,27.285714285714285
R Sai Kishore,2024,13,6,2,0,2,1,1,216.66666666666666,13.0
R Sai Kishore,2025,5,10,5,0,0,5,2,50.0,2.5
R Sanjay Yadav,2022,0,2,2,0,0,0,1,0.0,0.0
R Sathish,2009/10,112,98,28,11,0,39,6,114.28571428571428,18.666666666666668
R Sathish,2011,25,35,16,1,0,12,2,71.42857142857143,12.5
R Sathish,2013,109,79,26,9,5,28,5,137.9746835443038,21.8
R Sathish,2016,24,24,9,1,1,10,3,100.0,8.0
R Sharma,2009/10,29,26,15,3,1,3,3,111.53846153846155,9.666666666666666
R Sharma,2011,24,23,11,1,2,6,2,104.34782608695652,12.0
R Sharma,2012,2,11,8,0,0,0,3,18.181818181818183,0.6666666666666666
R Sharma,2013,11,17,9,1,0,5,3,64.70588235294117,3.6666666666666665
R Shepherd,2022,58,43,16,2,5,10,3,134.88372093023256,19.333333333333332
R Shepherd,2023,0,1,1,0,0,0,1,0.0,0.0
R Shepherd,2024,57,24,4,5,5,7,2,237.5,28.5
R Shepherd,2025,70,25,5,5,7,6,2,280.0,35.0
R Shepherd,2026,83,68,23,6,5,25,4,122.05882352941177,20.75
R Shukla,2013,1,2,1,0,0,1,0,50.0,inf
R Shukla,2014,18,21,9,2,0,10,2,85.71428571428571,9.0
R Smaran,2026,19,25,15,3,0,7,3,76.0,6.333333333333333
R Tewatia,2014,16,13,2,0,1,4,1,123.07692307692308,16.0
R Tewatia,2017,19,11,3,4,0,3,1,172.72727272727272,19.0
R Tewatia,2018,50,47,13,5,1,18,4,106.38297872340425,12.5
R Tewatia,2019,26,22,7,2,1,10,1,118.18181818181819,26.0
R Tewatia,2020/21,255,187,61,13,17,75,6,136.36363636363635,42.5
R Tewatia,2021,155,152,61,11,6,57,11,101.9736842105263,14.090909090909092
R Tewatia,2022,217,156,47,22,9,59,7,139.1025641025641,31.0
R Tewatia,2023,87,61,16,3,7,27,4,142.62295081967213,21.75
R Tewatia,2024,188,139,41,24,5,46,8,135.25179856115108,23.5
R Tewatia,2025,99,63,17,6,7,23,6,157.14285714285714,16.5
R Tewatia,2026,190,143,45,20,8,52,7,132.86713286713288,27.142857142857142
R Vinay Kumar,2007/08,25,28,9,2,1,7,3,89.28571428571429,8.333333333333334
R Vinay Kumar,2009,47,44,19,4,1,13,4,106.81818181818181,11.75
R Vinay Kumar,2009/10,27,35,11,1,0,15,3,77.14285714285715,9.0
R Vinay Kumar,2011,50,48,16,4,1,24,6,104.16666666666667,8.333333333333334
R Vinay Kumar,2012,68,65,19,3,2,30,5,104.61538461538463,13.6
R Vinay Kumar,2013,70,44,14,6,3,12,1,159.0909090909091,70.0
R Vinay Kumar,2014,4,7,2,0,0,2,2,57.14285714285714,2.0
R Vinay Kumar,2015,0,2,1,0,0,0,1,0.0,0.0
R Vinay Kumar,2016,13,12,5,0,1,5,1,108.33333333333333,13.0
R Vinay Kumar,2018,6,4,0,1,0,2,0,150.0,inf
RA Bawa,2022,11,14,7,1,0,5,2,78.57142857142857,5.5
RA Bawa,2025,8,4,0,0,0,1,0,200.0,inf
RA Bawa,2026,16,14,6,1,0,2,1,114.28571428571428,16.0
RA Jadeja,2007/08,135,108,34,11,6,36,7,125.0,19.285714285714285
RA Jadeja,2009,295,276,89,21,6,121,12,106.8840579710145,24.583333333333332
RA Jadeja,2011,283,234,84,20,14,97,9,120.94017094017093,31.444444444444443
RA Jadeja,2012,191,153,49,13,9,65,12,124.83660130718954,15.916666666666666
RA Jadeja,2013,201,139,34,17,6,57,9,144.6043165467626,22.333333333333332
RA Jadeja,2014,146,113,25,9,5,56,5,129.20353982300884,29.2
RA Jadeja,2015,132,128,40,7,3,63,8,103.125,16.5
RA Jadeja,2016,191,189,62,14,4,78,10,101.05820105820106,19.1
RA Jadeja,2017,158,118,28,13,4,52,4,133.89830508474577,39.5
RA Jadeja,2018,89,80,21,3,4,35,5,111.25,17.8
RA Jadeja,2019,106,94,31,7,4,32,2,112.7659574468085,53.0
RA Jadeja,2020/21,232,142,34,22,11,52,5,163.38028169014086,46.4
RA Jadeja,2021,227,170,42,19,9,67,4,133.52941176470588,56.75
RA Jadeja,2022,116,105,30,6,5,46,8,110.47619047619048,14.5
RA Jadeja,2023,190,138,29,11,9,66,8,137.68115942028984,23.75
RA Jadeja,2024,267,191,43,22,8,90,6,139.79057591623035,44.5
RA Jadeja,2025,301,229,62,25,10,105,9,131.4410480349345,33.44444444444444
RA Jadeja,2026,266,209,52,24,5,82,4,127.27272727272727,66.5
RA Tripathi,2017,391,275,99,43,17,88,12,142.1818181818182,32.583333333333336
RA Tripathi,2018,226,173,54,18,8,68,9,130.635838150289,25.11111111111111
RA Tripathi,2019,141,122,37,13,2,54,6,115.57377049180329,23.5
RA Tripathi,2020/21,230,186,71,21,10,62,10,123.65591397849462,23.0
RA Tripathi,2021,397,285,86,41,11,114,15,139.29824561403507,26.466666666666665
RA Tripathi,2022,413,271,83,40,20,100,12,152.39852398523985,34.416666666666664
RA Tripathi,2023,273,217,83,29,10,78,12,125.80645161290323,22.75
RA Tripathi,2024,165,121,36,18,6,43,5,136.36363636363635,33.0
RA Tripathi,2025,55,57,26,6,1,21,5,96.49122807017544,11.0
RD Chahar,2017,3,2,0,0,0,1,0,150.0,inf
RD Chahar,2019,12,11,6,2,0,2,2,109.09090909090908,6.0
RD Chahar,2020/21,2,4,2,0,0,2,0,50.0,inf
RD Chahar,2021,14,15,7,1,0,4,4,93.33333333333333,3.5
RD Chahar,2022,77,70,35,7,4,19,7,110.00000000000001,11.0
RD Chahar,2023,0,10,9,0,0,0,2,0.0,0.0
RD Chahar,2024,21,15,8,3,1,3,1,140.0,21.0
RD Gaikwad,2020/21,204,173,56,16,6,77,3,117.91907514450868,68.0
RD Gaikwad,2021,635,474,163,64,23,183,15,133.9662447257384,42.333333333333336
RD Gaikwad,2022,368,298,105,33,14,119,14,123.48993288590604,26.285714285714285
RD Gaikwad,2023,590,411,128,46,30,156,13,143.5523114355231,45.38461538461539
RD Gaikwad,2024,583,425,126,58,18,175,11,137.1764705882353,53.0
RD Gaikwad,2025,122,82,30,14,4,25,5,148.78048780487805,24.4
RD Gaikwad,2026,337,291,101,29,12,109,12,115.80756013745706,28.083333333333332
RD Rickelton,2025,388,266,103,47,17,74,13,145.86466165413535,29.846153846153847
RD Rickelton,2026,448,247,82,31,38,78,11,181.3765182186235,40.72727272727273
RE Levi,2012,83,74,36,10,4,19,6,112.16216216216218,13.833333333333334
RE van der Merwe,2009,122,101,45,8,8,32,8,120.79207920792079,15.25
RE van der Merwe,2009/10,1,2,1,0,0,1,1,50.0,1.0
RE van der Merwe,2011,14,16,5,1,0,10,1,87.5,14.0
RE van der Merwe,2013,22,25,10,2,0,10,2,88.0,11.0
RG More,2015,2,2,0,0,0,2,0,100.0,inf
RG Sharma,2007/08,404,276,90,38,19,101,11,146.3768115942029,36.72727272727273
RG Sharma,2009,362,323,117,22,18,136,13,112.07430340557276,27.846153846153847
RG Sharma,2009/10,404,310,95,36,14,128,18,130.32258064516128,22.444444444444443
RG Sharma,2011,372,304,101,32,13,133,10,122.36842105263158,37.2
RG Sharma,2012,433,350,125,39,18,139,14,123.71428571428571,30.928571428571427
RG Sharma,2013,538,415,132,35,28,192,14,129.63855421686748,38.42857142857143
RG Sharma,2014,390,307,104,31,16,128,14,127.0358306188925,27.857142857142858
RG Sharma,2015,482,339,100,41,21,146,15,142.18289085545723,32.13333333333333
RG Sharma,2016,489,372,127,49,17,158,12,131.4516129032258,40.75
RG Sharma,2017,333,278,95,31,9,118,14,119.78417266187051,23.785714285714285
RG Sharma,2018,286,223,78,25,12,82,13,128.25112107623318,22.0
RG Sharma,2019,405,319,127,52,10,115,14,126.95924764890283,28.928571428571427
RG Sharma,2020/21,334,275,112,27,19,89,15,121.45454545454545,22.266666666666666
RG Sharma,2021,381,307,108,33,14,117,12,124.10423452768731,31.75
RG Sharma,2022,268,234,112,28,13,55,14,114.52991452991452,19.142857142857142
RG Sharma,2023,332,258,110,35,17,80,16,128.68217054263567,20.75
RG Sharma,2024,417,293,119,45,23,79,13,142.320819112628,32.07692307692308
RG Sharma,2025,418,292,104,41,22,100,14,143.15068493150685,29.857142857142858
RG Sharma,2026,283,184,66,21,21,62,9,153.80434782608697,31.444444444444443
RJ Gleeson,2024,2,2,0,0,0,0,0,100.0,inf
RJ Harris,2009,21,18,5,0,0,4,1,116.66666666666667,21.0
RJ Harris,2009/10,45,39,15,2,2,15,4,115.38461538461537,11.25
RJ Harris,2011,31,39,19,3,0,15,5,79.48717948717949,6.2
RJ Harris,2012,18,11,3,1,1,4,1,163.63636363636365,18.0
RJ Harris,2013,2,5,3,0,0,2,1,40.0,2.0
RJ Peterson,2012,32,32,11,3,1,12,3,100.0,10.666666666666666
RJ Quiney,2009,103,105,49,12,3,30,7,98.09523809523809,14.714285714285714
RJW Topley,2024,3,6,3,0,0,3,0,50.0,inf
RK Bhui,2018,0,5,5,0,0,0,1,0.0,0.0
RK Bhui,2019,7,13,7,0,0,3,1,53.84615384615385,7.0
RK Bhui,2024,3,9,6,0,0,3,2,33.33333333333333,1.5
RK Singh,2018,29,34,15,4,0,11,4,85.29411764705883,7.25
RK Singh,2019,37,34,12,1,2,17,2,108.8235294117647,18.5
RK Singh,2020/21,11,11,3,1,0,7,1,100.0,11.0
RK Singh,2022,174,125,37,17,7,44,5,139.2,34.8
RK Singh,2023,474,333,97,31,29,136,8,142.34234234234233,59.25
RK Singh,2024,168,117,35,13,8,45,9,143.5897435897436,18.666666666666668
RK Singh,2025,206,139,46,20,10,48,7,148.20143884892084,29.428571428571427
RK Singh,2026,299,212,55,28,11,88,7,141.03773584905662,42.714285714285715
RM Patidar,2021,71,65,16,3,3,33,4,109.23076923076923,17.75
RM Patidar,2022,333,232,66,27,18,88,6,143.5344827586207,55.5
RM Patidar,2024,395,237,65,21,33,87,14,166.66666666666669,28.214285714285715
RM Patidar,2025,312,225,61,25,14,98,12,138.66666666666669,26.0
RM Patidar,2026,501,276,63,30,42,111,12,181.52173913043478,41.75
RN ten Doeschate,2011,107,76,22,9,5,31,3,140.78947368421052,35.666666666666664
RN ten Doeschate,2012,21,21,8,1,1,9,2,100.0,10.5
RN ten Doeschate,2013,85,63,17,9,2,31,3,134.92063492063494,28.333333333333332
RN ten Doeschate,2014,52,33,10,3,4,12,4,157.57575757575756,13.0
RN ten Doeschate,2015,61,45,14,4,3,19,5,135.55555555555557,12.2
RP Meredith,2022,0,1,1,0,0,0,1,0.0,0.0
RP Meredith,2023,0,2,2,0,0,0,0,0.0,
RP Singh,2007/08,27,25,7,2,1,13,5,108.0,5.4
RP Singh,2009,8,17,9,0,0,6,4,47.05882352941176,2.0
RP Singh,2009/10,9,20,11,0,0,4,2,45.0,4.5
RP Singh,2011,2,4,1,0,0,2,2,50.0,1.0
RP Singh,2012,6,12,6,0,0,6,2,50.0,3.0
RR Bhatkal,2012,0,2,2,0,0,0,2,0.0,0.0
RR Pant,2016,198,155,55,19,6,57,7,127.74193548387096,28.285714285714285
RR Pant,2017,366,226,67,28,24,88,14,161.94690265486727,26.142857142857142
RR Pant,2018,684,412,114,68,37,145,15,166.01941747572815,45.6
RR Pant,2019,494,311,80,37,27,127,13,158.84244372990352,38.0
RR Pant,2020/21,345,319,107,32,9,135,10,108.15047021943573,34.5
RR Pant,2021,424,343,112,43,10,132,13,123.61516034985422,32.61538461538461
RR Pant,2022,340,234,75,35,16,84,13,145.2991452991453,26.153846153846153
RR Pant,2024,446,296,89,36,25,120,11,150.67567567567568,40.54545454545455
RR Pant,2025,269,208,89,23,16,63,11,129.3269230769231,24.454545454545453
RR Pant,2026,313,235,76,30,11,91,9,133.19148936170214,34.77777777777778
RR Powar,2007/08,28,21,9,4,1,6,0,133.33333333333331,inf
RR Powar,2009,23,22,7,2,0,11,0,104.54545454545455,inf
RR Powar,2009/10,5,8,5,0,0,1,1,62.5,5.0
RR Powar,2011,11,13,5,0,0,5,2,84.61538461538461,5.5
RR Raje,2007/08,8,9,4,1,0,4,0,88.88888888888889,inf
RR Raje,2009,12,9,2,0,1,6,1,133.33333333333331,12.0
RR Rossouw,2014,39,41,20,2,2,15,4,95.1219512195122,9.75
RR Rossouw,2015,14,10,4,1,1,2,2,140.0,7.0
RR Rossouw,2023,209,148,51,17,11,49,7,141.2162162162162,29.857142857142858
RR Rossouw,2024,211,122,38,25,11,35,8,172.95081967213116,26.375
RR Sarwan,2007/08,73,78,30,6,1,31,3,93.58974358974359,24.333333333333332
RS Bopara,2009,138,124,42,8,7,54,6,111.29032258064515,23.0
RS Bopara,2009/10,248,223,74,25,3,91,8,111.21076233183858,31.0
RS Bopara,2015,145,121,37,6,6,59,5,119.83471074380165,29.0
RS Gavaskar,2009/10,2,8,6,0,0,2,1,25.0,2.0
RS Sodhi,2009/10,4,2,1,1,0,0,0,200.0,inf
RT Ponting,2007/08,39,53,24,2,1,23,3,73.58490566037736,13.0
RT Ponting,2013,52,76,39,3,1,24,5,68.42105263157895,10.4
RV Gomez,2011,46,52,22,4,1,16,7,88.46153846153845,6.571428571428571
RV Gomez,2013,4,1,0,1,0,0,0,400.0,inf
RV Patel,2021,25,29,14,3,0,8,1,86.20689655172413,25.0
RV Patel,2022,6,3,2,0,1,0,1,200.0,6.0
RV Patel,2023,49,44,9,3,1,27,3,111.36363636363636,16.333333333333332
RV Uthappa,2007/08,320,291,110,34,9,101,12,109.96563573883162,26.666666666666668
RV Uthappa,2009,175,177,75,18,3,58,11,98.87005649717514,15.909090909090908
RV Uthappa,2009/10,374,224,60,21,27,82,12,166.96428571428572,31.166666666666668
RV Uthappa,2011,264,215,82,27,10,72,10,122.79069767441861,26.4
RV Uthappa,2012,405,357,126,38,10,132,14,113.4453781512605,28.928571428571427
RV Uthappa,2013,434,385,149,42,12,135,16,112.72727272727272,27.125
RV Uthappa,2014,660,485,155,74,18,191,16,136.08247422680412,41.25
RV Uthappa,2015,364,287,97,42,7,100,12,126.82926829268293,30.333333333333332
RV Uthappa,2016,394,300,89,45,8,119,16,131.33333333333331,24.625
RV Uthappa,2017,388,239,63,36,21,97,12,162.34309623430963,32.333333333333336
RV Uthappa,2018,351,274,114,30,21,91,17,128.1021897810219,20.647058823529413
RV Uthappa,2019,284,256,103,28,10,95,9,110.9375,31.555555555555557
RV Uthappa,2020/21,196,170,65,19,7,60,12,115.29411764705881,16.333333333333332
RV Uthappa,2021,115,86,25,8,5,37,4,133.72093023255815,28.75
RV Uthappa,2022,230,181,75,19,14,48,11,127.0718232044199,20.90909090909091
Rahmanullah Gurbaz,2023,227,178,76,17,15,46,11,127.52808988764043,20.636363636363637
Rahmanullah Gurbaz,2024,62,50,24,7,4,8,2,124.0,31.0
Rahmanullah Gurbaz,2025,74,55,25,10,3,14,4,134.54545454545453,18.5
Ramandeep Singh,2022,45,42,12,3,1,16,2,107.14285714285714,22.5
Ramandeep Singh,2024,125,64,17,5,12,21,4,195.3125,31.25
Ramandeep Singh,2025,47,36,11,1,4,17,5,130.55555555555557,9.4
Ramandeep Singh,2026,82,70,23,8,2,30,5,117.14285714285715,16.4
Rashid Khan,2017,11,9,3,0,1,3,2,122.22222222222223,5.5
Rashid Khan,2018,59,32,12,3,6,7,5,184.375,11.8
Rashid Khan,2019,34,26,8,2,2,8,5,130.76923076923077,6.8
Rashid Khan,2020/21,35,32,14,3,2,7,4,109.375,8.75
Rashid Khan,2021,83,71,28,9,2,23,8,116.90140845070422,10.375
Rashid Khan,2022,91,44,10,3,9,16,4,206.81818181818184,22.75
Rashid Khan,2023,130,66,22,8,13,10,4,196.96969696969697,32.5
Rashid Khan,2024,102,75,23,11,3,24,5,136.0,20.4
Rashid Khan,2025,40,32,13,2,3,6,5,125.0,8.0
Rashid Khan,2026,50,45,16,4,2,14,5,111.11111111111111,10.0
Rasikh Salam,2019,5,4,1,0,0,1,0,125.0,inf
Rasikh Salam,2022,7,6,4,1,0,0,1,116.66666666666667,7.0
Rasikh Salam,2024,28,30,13,4,0,12,4,93.33333333333333,7.0
Rasikh Salam,2026,3,3,0,0,0,1,0,100.0,inf
Ravi Bishnoi,2020/21,7,12,8,1,0,3,1,58.333333333333336,7.0
Ravi Bishnoi,2021,1,5,3,0,0,1,1,20.0,1.0
Ravi Bishnoi,2022,0,1,1,0,0,0,0,0.0,
Ravi Bishnoi,2023,20,28,13,1,0,9,3,71.42857142857143,6.666666666666667
Ravi Bishnoi,2024,4,6,2,0,0,4,2,66.66666666666666,2.0
Ravi Bishnoi,2025,13,16,13,0,2,1,2,81.25,6.5
Ravi Bishnoi,2026,0,3,3,0,0,0,2,0.0,0.0
Ravi Singh,2026,4,2,1,1,0,0,1,200.0,4.0
S Anirudha,2007/08,1,8,5,0,0,1,1,12.5,1.0
S Anirudha,2009/10,30,19,5,2,2,6,1,157.89473684210526,30.0
S Anirudha,2011,83,78,27,6,3,31,4,106.41025641025641,20.75
S Anirudha,2012,19,9,0,1,2,3,0,211.11111111111111,inf
S Anirudha,2013,0,2,2,0,0,0,1,0.0,0.0
S Anirudha,2014,3,5,2,0,0,3,1,60.0,3.0
S Aravind,2011,13,10,1,2,0,5,0,130.0,inf
S Aravind,2012,14,8,3,3,0,2,0,175.0,inf
S Aravind,2015,0,1,1,0,0,0,0,0.0,
S Aravind,2017,32,40,16,2,0,14,3,80.0,10.666666666666666
S Arora,2026,121,81,28,9,9,29,7,149.3827160493827,17.285714285714285
S Badree,2017,13,25,12,0,0,9,5,52.0,2.6
S Badrinath,2007/08,192,138,49,21,8,41,6,139.1304347826087,32.0
S Badrinath,2009,177,166,72,20,4,55,9,106.62650602409639,19.666666666666668
S Badrinath,2009/10,356,310,100,41,5,126,12,114.83870967741936,29.666666666666668
S Badrinath,2011,396,320,95,38,9,140,6,123.75,66.0
S Badrinath,2012,196,188,74,23,2,70,8,104.25531914893618,24.5
S Badrinath,2013,124,123,41,11,0,52,7,100.8130081300813,17.714285714285715
S Chanderpaul,2007/08,25,33,18,4,0,9,3,75.75757575757575,8.333333333333334
S Dhawan,2007/08,340,308,114,35,8,111,10,110.3896103896104,34.0
S Dhawan,2009,40,46,18,3,0,20,4,86.95652173913044,10.0
S Dhawan,2009/10,191,180,74,23,3,57,10,106.11111111111111,19.1
S Dhawan,2011,400,315,98,47,7,135,12,126.98412698412697,33.333333333333336
S Dhawan,2012,569,448,159,58,18,176,13,127.00892857142858,43.76923076923077
S Dhawan,2013,311,262,94,37,5,95,8,118.70229007633588,38.875
S Dhawan,2014,377,332,131,49,7,106,12,113.55421686746988,31.416666666666668
S Dhawan,2015,353,293,109,45,6,108,13,120.47781569965869,27.153846153846153
S Dhawan,2016,501,438,158,51,8,164,13,114.3835616438356,38.53846153846154
S Dhawan,2017,479,383,119,53,9,165,13,125.06527415143603,36.84615384615385
S Dhawan,2018,497,379,119,59,14,152,14,131.13456464379948,35.5
S Dhawan,2019,521,391,126,64,11,152,16,133.24808184143222,32.5625
S Dhawan,2020/21,618,433,112,67,13,196,14,142.72517321016167,44.142857142857146
S Dhawan,2021,587,480,169,63,16,193,15,122.29166666666667,39.13333333333333
S Dhawan,2022,460,395,129,47,12,151,12,116.45569620253164,38.333333333333336
S Dhawan,2023,373,275,102,49,12,79,10,135.63636363636365,37.3
S Dhawan,2024,152,125,48,18,4,42,5,121.6,30.4
S Dube,2019,40,33,12,1,3,16,4,121.21212121212122,10.0
S Dube,2020/21,129,109,42,5,9,41,7,118.34862385321101,18.428571428571427
S Dube,2021,230,205,71,18,10,82,8,112.19512195121952,28.75
S Dube,2022,289,194,58,22,16,71,9,148.96907216494844,32.111111111111114
S Dube,2023,418,277,74,12,35,120,11,150.90252707581226,38.0
S Dube,2024,396,259,78,28,28,91,11,152.8957528957529,36.0
S Dube,2025,357,289,93,22,21,121,11,123.52941176470588,32.45454545454545
S Dube,2026,270,189,54,24,15,64,7,142.85714285714286,38.57142857142857
S Gopal,2014,11,10,2,1,0,7,1,110.00000000000001,11.0
S Gopal,2015,1,1,0,0,0,1,0,100.0,inf
S Gopal,2016,2,16,14,0,0,2,1,12.5,2.0
S Gopal,2018,50,47,14,5,0,20,2,106.38297872340425,25.0
S Gopal,2019,63,46,15,8,1,17,4,136.95652173913044,15.75
S Gopal,2020/21,37,41,13,3,0,21,4,90.2439024390244,9.25
S Gopal,2021,7,5,3,0,1,1,1,140.0,7.0
S Gopal,2022,9,7,4,2,0,1,0,128.57142857142858,inf
S Kaul,2013,7,9,5,0,0,1,0,77.77777777777779,inf
S Kaul,2014,2,2,0,0,0,2,0,100.0,inf
S Kaul,2017,0,2,2,0,0,0,0,0.0,
S Kaul,2018,3,14,12,0,0,1,2,21.428571428571427,1.5
S Kaul,2019,0,1,1,0,0,0,1,0.0,0.0
S Kaul,2021,8,8,3,1,0,4,0,100.0,inf
S Kaushik,2016,0,1,1,0,0,0,1,0.0,0.0
S Ladda,2009/10,0,10,9,0,0,0,2,0.0,0.0
S Lamichhane,2019,0,1,1,0,0,0,1,0.0,0.0
S Nadeem,2011,0,1,1,0,0,0,1,0.0,0.0
S Nadeem,2012,0,2,2,0,0,0,2,0.0,0.0
S Nadeem,2013,14,27,19,1,0,4,5,51.85185185185185,2.8
S Nadeem,2014,7,20,12,0,0,7,2,35.0,3.5
S Nadeem,2015,2,7,5,0,0,2,1,28.57142857142857,2.0
S Nadeem,2016,1,5,3,0,0,1,0,20.0,inf
S Nadeem,2017,2,9,6,0,0,2,3,22.22222222222222,0.6666666666666666
S Nadeem,2018,6,8,2,0,0,6,0,75.0,inf
S Nadeem,2020/21,7,8,4,1,0,3,1,87.5,7.0
S Nadeem,2021,0,1,1,0,0,0,1,0.0,0.0
S Narwal,2009/10,14,13,5,2,0,4,3,107.6923076923077,4.666666666666667
S Narwal,2013,23,16,5,4,0,5,1,143.75,23.0
S Rana,2011,18,16,4,2,0,8,1,112.5,18.0
S Rana,2014,73,66,26,7,1,21,4,110.6060606060606,18.25
S Randiv,2011,2,4,3,0,0,0,1,50.0,2.0
S Sohal,2007/08,4,8,5,0,0,2,2,50.0,2.0
S Sohal,2009,115,102,49,9,8,19,7,112.74509803921569,16.428571428571427
S Sohal,2011,249,201,76,25,10,61,9,123.88059701492537,27.666666666666668
S Sreesanth,2007/08,0,3,2,0,0,0,1,0.0,0.0
S Sreesanth,2009,5,19,15,1,0,1,0,26.31578947368421,inf
S Sreesanth,2009/10,27,22,10,5,0,3,0,122.72727272727273,inf
S Sreesanth,2011,1,9,7,0,0,1,1,11.11111111111111,1.0
S Sreesanth,2013,1,4,2,0,0,1,1,25.0,1.0
S Sriram,2009/10,27,31,11,3,0,13,1,87.09677419354838,27.0
S Sriram,2011,4,7,4,0,0,2,1,57.14285714285714,4.0
S Tyagi,2009/10,3,4,1,0,0,3,0,75.0,inf
S Vidyut,2007/08,145,115,48,21,3,30,8,126.08695652173914,18.125
SA Abbott,2015,15,13,6,1,1,3,1,115.38461538461537,15.0
SA Abbott,2022,7,5,3,0,1,1,1,140.0,7.0
SA Asnodkar,2007/08,311,241,81,43,6,79,9,129.04564315352698,34.55555555555556
SA Asnodkar,2009,98,98,52,11,4,22,8,100.0,12.25
SA Asnodkar,2009/10,5,4,2,1,0,1,1,125.0,5.0
SA Asnodkar,2011,9,9,4,1,0,3,1,100.0,9.0
SA Yadav,2012,0,4,4,0,0,0,1,0.0,0.0
SA Yadav,2014,164,123,34,16,5,40,6,133.33333333333331,27.333333333333332
SA Yadav,2015,157,115,38,12,8,45,9,136.52173913043478,17.444444444444443
SA Yadav,2016,182,148,47,18,5,64,7,122.97297297297298,26.0
SA Yadav,2017,105,89,25,8,3,47,6,117.97752808988764,17.5
SA Yadav,2018,512,391,151,61,16,130,14,130.9462915601023,36.57142857142857
SA Yadav,2019,424,327,101,45,10,145,14,129.66360856269114,30.285714285714285
SA Yadav,2020/21,480,340,106,61,11,131,9,141.1764705882353,53.333333333333336
SA Yadav,2021,317,226,77,40,10,84,14,140.26548672566372,22.642857142857142
SA Yadav,2022,303,210,65,23,16,82,8,144.28571428571428,37.875
SA Yadav,2023,605,340,89,65,28,121,14,177.94117647058823,43.214285714285715
SA Yadav,2024,345,209,75,36,18,58,10,165.07177033492823,34.5
SA Yadav,2025,717,439,129,69,38,163,11,163.3257403189066,65.18181818181819
SA Yadav,2026,270,193,59,28,10,74,13,139.89637305699483,20.76923076923077
SB Bangar,2007/08,47,49,20,1,3,23,5,95.91836734693877,9.4
SB Bangar,2009,2,9,5,0,0,2,1,22.22222222222222,2.0
SB Dubey,2024,33,21,5,3,2,9,2,157.14285714285714,16.5
SB Dubey,2025,106,66,21,6,8,26,5,160.6060606060606,21.2
SB Dubey,2026,81,61,18,8,3,23,4,132.78688524590163,20.25
SB Jakati,2009,20,16,5,3,0,6,2,125.0,10.0
SB Jakati,2012,7,12,5,0,0,7,0,58.333333333333336,inf
SB Jakati,2016,1,2,1,0,0,1,0,50.0,inf
SB Joshi,2007/08,6,16,8,0,0,6,2,37.5,3.0
SB Styris,2007/08,112,124,47,9,2,58,6,90.32258064516128,18.666666666666668
SB Styris,2009,14,8,1,0,1,4,1,175.0,14.0
SB Styris,2011,5,2,0,1,0,1,0,250.0,inf
SB Wagh,2011,2,3,2,0,0,0,2,66.66666666666666,1.0
SC Ganguly,2007/08,349,324,142,33,15,95,14,107.71604938271604,24.928571428571427
SC Ganguly,2009,189,213,97,13,6,77,11,88.73239436619718,17.181818181818183
SC Ganguly,2009/10,493,440,183,58,15,131,13,112.04545454545453,37.92307692307692
SC Ganguly,2011,50,61,29,3,2,20,2,81.9672131147541,25.0
SC Ganguly,2012,268,288,116,30,4,104,14,93.05555555555556,19.142857142857142
SD Chitnis,2007/08,18,10,1,1,1,6,2,180.0,9.0
SD Chitnis,2009,6,9,5,1,0,2,1,66.66666666666666,6.0
SD Chitnis,2011,9,9,3,1,0,5,1,100.0,9.0
SD Chitnis,2012,66,64,25,7,1,24,3,103.125,22.0
SD Hope,2024,183,125,45,12,12,43,8,146.4,22.875
SD Lad,2019,15,13,8,1,1,2,1,115.38461538461537,15.0
SE Bond,2009/10,1,2,1,0,0,1,1,50.0,1.0
SE Marsh,2007/08,616,452,151,59,26,170,10,136.28318584070794,61.6
SE Marsh,2009/10,147,117,42,14,6,45,3,125.64102564102564,49.0
SE Marsh,2011,504,349,105,52,20,137,12,144.41260744985672,42.0
SE Marsh,2012,336,288,108,39,7,107,10,116.66666666666667,33.6
SE Marsh,2013,300,256,90,39,4,99,8,117.1875,37.5
SE Marsh,2014,70,54,22,7,3,12,2,129.62962962962962,35.0
SE Marsh,2015,93,65,21,10,3,20,6,143.07692307692307,15.5
SE Marsh,2016,159,134,41,13,4,62,6,118.65671641791045,26.5
SE Marsh,2017,264,198,67,36,5,72,8,133.33333333333331,33.0
SE Rutherford,2019,73,55,23,2,7,17,5,132.72727272727275,14.6
SE Rutherford,2022,33,52,24,1,1,21,2,63.46153846153846,16.5
SE Rutherford,2025,291,203,57,22,18,77,11,143.34975369458127,26.454545454545453
SE Rutherford,2026,123,83,28,5,12,25,5,148.19277108433735,24.6
SH Johnson,2024,6,7,3,1,0,2,0,85.71428571428571,inf
SH Johnson,2025,2,4,2,0,0,2,0,50.0,inf
SH Johnson,2026,0,1,1,0,0,0,1,0.0,0.0
SJ Srivastava,2009/10,1,2,1,0,0,1,1,50.0,1.0
SJ Srivastava,2011,4,3,0,0,0,2,0,133.33333333333331,inf
SK Raina,2007/08,421,304,84,35,18,133,9,138.48684210526315,46.77777777777778
SK Raina,2009,434,318,105,37,21,118,15,136.47798742138363,28.933333333333334
SK Raina,2009/10,528,387,106,45,23,157,13,136.43410852713177,40.61538461538461
SK Raina,2011,438,335,107,36,17,137,14,130.7462686567164,31.285714285714285
SK Raina,2012,441,335,109,36,19,130,17,131.6417910447761,25.941176470588236
SK Raina,2013,548,370,88,50,18,167,12,148.1081081081081,45.666666666666664
SK Raina,2014,523,370,117,51,19,132,12,141.35135135135135,43.583333333333336
SK Raina,2015,374,319,118,31,16,113,15,117.24137931034481,24.933333333333334
SK Raina,2016,399,321,97,39,10,140,15,124.29906542056075,26.6
SK Raina,2017,442,310,72,42,13,150,11,142.5806451612903,40.18181818181818
SK Raina,2018,445,354,103,46,12,156,12,125.70621468926552,37.083333333333336
SK Raina,2019,383,321,115,45,9,133,16,119.31464174454828,23.9375
SK Raina,2021,160,133,55,13,9,42,7,120.30075187969925,22.857142857142858
SK Rasheed,2025,71,67,33,9,2,13,5,105.97014925373134,14.2
SK Trivedi,2007/08,5,12,7,0,0,5,1,41.66666666666667,5.0
SK Trivedi,2009,9,19,9,0,0,7,2,47.368421052631575,4.5
SK Trivedi,2009/10,20,15,8,3,1,2,3,133.33333333333331,6.666666666666667
SK Trivedi,2011,0,2,2,0,0,0,1,0.0,0.0
SK Trivedi,2012,5,6,3,0,0,1,0,83.33333333333334,inf
SK Trivedi,2013,3,7,5,0,0,1,1,42.857142857142854,3.0
SK Warne,2007/08,70,60,22,7,2,22,7,116.66666666666667,10.0
SK Warne,2009,108,118,49,6,4,48,7,91.52542372881356,15.428571428571429
SK Warne,2009/10,10,21,11,0,0,6,3,47.61904761904761,3.3333333333333335
SK Warne,2011,10,20,13,1,0,6,2,50.0,5.0
SL Malinga,2009,0,1,1,0,0,0,1,0.0,0.0
SL Malinga,2009/10,1,1,0,0,0,1,0,100.0,inf
SL Malinga,2011,8,9,6,0,1,2,2,88.88888888888889,4.0
SL Malinga,2012,55,55,23,4,3,21,5,100.0,11.0
SL Malinga,2013,9,19,13,1,0,3,3,47.368421052631575,3.0
SL Malinga,2014,2,4,2,0,0,2,0,50.0,inf
SL Malinga,2015,6,11,6,1,0,2,0,54.54545454545454,inf
SL Malinga,2017,7,3,1,0,1,1,1,233.33333333333334,7.0
SM Curran,2019,95,55,21,13,3,11,4,172.72727272727272,23.75
SM Curran,2020/21,186,145,59,12,12,50,8,128.2758620689655,23.25
SM Curran,2021,56,30,6,5,3,12,3,186.66666666666666,18.666666666666668
SM Curran,2023,276,213,67,20,13,84,10,129.5774647887324,27.6
SM Curran,2024,270,230,65,24,6,100,11,117.3913043478261,24.545454545454547
SM Curran,2025,114,88,26,11,4,36,5,129.54545454545453,22.8
SM Harwood,2009,9,14,4,0,0,5,0,64.28571428571429,inf
SM Katich,2007/08,96,72,22,11,2,21,1,133.33333333333331,96.0
SM Katich,2009,145,119,51,15,6,35,9,121.84873949579831,16.11111111111111
SM Pollock,2007/08,147,116,40,12,8,47,8,126.72413793103448,18.375
SMSM Senanayake,2013,10,17,7,0,0,8,1,58.82352941176471,10.0
SN Khan,2015,111,72,15,12,2,33,6,154.16666666666669,18.5
SN Khan,2016,66,31,8,7,4,8,2,212.9032258064516,33.0
SN Khan,2018,51,43,16,7,1,13,5,118.6046511627907,10.2
SN Khan,2019,180,145,46,19,4,68,5,124.13793103448276,36.0
SN Khan,2020/21,33,30,11,5,0,11,2,110.00000000000001,16.5
SN Khan,2021,0,4,4,0,0,0,2,0.0,0.0
SN Khan,2022,91,69,19,9,2,29,3,131.8840579710145,30.333333333333332
SN Khan,2023,53,62,27,4,1,25,4,85.48387096774194,13.25
SN Khan,2026,161,100,34,23,6,25,7,161.0,23.0
SN Thakur,2015,7,6,2,1,0,3,0,116.66666666666667,inf
SN Thakur,2017,0,3,3,0,0,0,3,0.0,0.0
SN Thakur,2018,15,5,0,3,0,1,0,300.0,inf
SN Thakur,2019,14,7,2,1,1,2,1,200.0,14.0
SN Thakur,2020/21,12,21,10,0,0,10,1,57.14285714285714,12.0
SN Thakur,2021,5,6,2,0,0,2,1,83.33333333333334,5.0
SN Thakur,2022,120,90,29,7,7,36,8,133.33333333333331,15.0
SN Thakur,2023,113,72,20,13,4,27,8,156.94444444444443,14.125
SN Thakur,2024,21,18,7,2,1,7,1,116.66666666666667,21.0
SN Thakur,2025,18,15,5,3,0,2,3,120.0,6.0
SN Thakur,2026,24,33,12,2,0,14,2,72.72727272727273,12.0
SO Hetmyer,2019,90,76,31,4,7,30,5,118.42105263157893,18.0
SO Hetmyer,2020/21,185,127,41,11,12,47,8,145.6692913385827,23.125
SO Hetmyer,2021,242,153,33,19,12,58,6,158.16993464052288,40.333333333333336
SO Hetmyer,2022,314,221,68,21,21,75,7,142.0814479638009,44.857142857142854
SO Hetmyer,2023,299,205,62,12,23,77,9,145.85365853658536,33.22222222222222
SO Hetmyer,2024,113,72,19,9,7,29,5,156.94444444444443,22.6
SO Hetmyer,2025,245,182,50,18,11,69,13,134.6153846153846,18.846153846153847
SO Hetmyer,2026,78,74,28,5,3,24,6,105.40540540540539,13.0
SP Fleming,2007/08,196,171,74,27,3,42,9,114.61988304093566,21.77777777777778
SP Goswami,2007/08,82,86,41,9,1,28,3,95.34883720930233,27.333333333333332
SP Goswami,2009,53,64,30,6,0,20,2,82.8125,26.5
SP Goswami,2009/10,8,10,8,2,0,0,1,80.0,8.0
SP Goswami,2011,29,31,16,5,0,7,3,93.54838709677419,9.666666666666666
SP Goswami,2012,69,69,19,4,1,37,6,100.0,11.5
SP Goswami,2018,52,42,11,6,1,18,3,123.80952380952381,17.333333333333332
SP Goswami,2020/21,0,5,4,0,0,0,2,0.0,0.0
SP Jackson,2017,38,31,10,5,0,14,2,122.58064516129032,19.0
SP Jackson,2022,23,26,10,0,1,13,4,88.46153846153845,5.75
SP Narine,2012,9,8,4,2,0,1,1,112.5,9.0
SP Narine,2013,21,20,7,0,2,9,3,105.0,7.0
SP Narine,2014,10,15,4,0,0,8,1,66.66666666666666,10.0
SP Narine,2015,0,1,0,0,0,0,0,0.0,
SP Narine,2016,7,14,7,0,0,5,0,50.0,inf
SP Narine,2017,224,135,56,34,10,24,12,165.92592592592592,18.666666666666668
SP Narine,2018,357,198,72,40,23,40,16,180.3030303030303,22.3125
SP Narine,2019,143,90,41,17,9,10,7,158.88888888888889,20.428571428571427
SP Narine,2020/21,121,92,36,10,8,21,9,131.52173913043478,13.444444444444445
SP Narine,2021,62,51,17,3,5,14,8,121.56862745098039,7.75
SP Narine,2022,71,40,18,6,6,9,7,177.5,10.142857142857142
SP Narine,2023,21,28,14,2,1,7,7,75.0,3.0
SP Narine,2024,488,292,98,50,33,66,13,167.12328767123287,37.53846153846154
SP Narine,2025,246,160,63,25,19,26,11,153.75,22.363636363636363
SP Narine,2026,40,34,19,2,4,6,3,117.64705882352942,13.333333333333334
SPD Smith,2012,362,272,64,24,14,137,10,133.08823529411765,36.2
SPD Smith,2013,159,134,47,15,4,55,5,118.65671641791045,31.8
SPD Smith,2014,152,115,32,13,4,45,5,132.17391304347825,30.4
SPD Smith,2015,298,228,62,34,3,101,12,130.70175438596493,24.833333333333332
SPD Smith,2016,270,184,48,27,8,67,6,146.73913043478262,45.0
SPD Smith,2017,472,400,117,38,12,187,12,118.0,39.333333333333336
SPD Smith,2019,319,283,86,30,4,126,9,112.72084805653711,35.44444444444444
SPD Smith,2020/21,311,247,81,32,9,98,13,125.91093117408907,23.923076923076923
SPD Smith,2021,152,136,40,13,2,66,6,111.76470588235294,25.333333333333332
SR Dubey,2026,4,2,1,1,0,0,0,200.0,inf
SR Tendulkar,2007/08,188,189,79,26,2,56,6,99.47089947089947,31.333333333333332
SR Tendulkar,2009,364,315,117,39,10,117,11,115.55555555555554,33.09090909090909
SR Tendulkar,2009/10,618,489,149,86,3,178,13,126.38036809815951,47.53846153846154
SR Tendulkar,2011,553,511,173,67,5,189,15,108.21917808219179,36.86666666666667
SR Tendulkar,2012,324,297,111,39,4,106,12,109.09090909090908,27.0
SR Tendulkar,2013,287,243,96,39,5,75,14,118.10699588477367,20.5
SR Watson,2007/08,472,322,95,47,19,115,10,146.58385093167703,47.2
SR Watson,2009/10,185,117,37,18,9,39,5,158.1196581196581,37.0
SR Watson,2011,330,256,114,31,17,75,10,128.90625,33.0
SR Watson,2012,255,171,65,26,14,55,6,149.12280701754386,42.5
SR Watson,2013,543,393,134,59,22,138,14,138.1679389312977,38.785714285714285
SR Watson,2014,246,205,97,20,14,51,12,120.0,20.5
SR Watson,2015,347,270,105,37,14,87,9,128.51851851851853,38.55555555555556
SR Watson,2016,179,135,60,14,12,45,13,132.5925925925926,13.76923076923077
SR Watson,2017,71,80,32,6,1,33,6,88.75,11.833333333333334
SR Watson,2018,555,368,130,44,35,128,13,150.81521739130434,42.69230769230769
SR Watson,2019,398,321,147,42,20,84,18,123.98753894080996,22.11111111111111
SR Watson,2020/21,299,254,113,33,13,83,10,117.71653543307086,29.9
SS Cottrell,2020/21,0,2,2,0,0,0,1,0.0,0.0
SS Iyer,2015,439,360,146,41,21,115,13,121.94444444444446,33.76923076923077
SS Iyer,2016,30,46,24,2,1,14,6,65.21739130434783,5.0
SS Iyer,2017,338,249,75,36,10,99,11,135.7429718875502,30.727272727272727
SS Iyer,2018,411,317,105,29,21,138,12,129.65299684542586,34.25
SS Iyer,2019,467,399,131,42,14,177,16,117.04260651629073,29.1875
SS Iyer,2020/21,519,433,134,40,16,196,16,119.86143187066975,32.4375
SS Iyer,2021,175,181,55,7,5,89,6,96.68508287292818,29.166666666666668
SS Iyer,2022,401,310,98,41,11,118,13,129.3548387096774,30.846153846153847
SS Iyer,2024,351,250,70,34,14,103,9,140.39999999999998,39.0
SS Iyer,2025,604,360,84,43,39,154,12,167.77777777777777,50.333333333333336
SS Iyer,2026,498,306,77,39,30,130,9,162.7450980392157,55.333333333333336
SS Mishra,2026,1,3,2,0,0,1,0,33.33333333333333,inf
SS Prabhudessai,2022,67,62,26,7,2,19,5,108.06451612903226,13.4
SS Prabhudessai,2023,35,32,12,1,2,7,3,109.375,11.666666666666666
SS Prabhudessai,2024,24,19,7,3,0,2,1,126.3157894736842,24.0
SS Shaikh,2009,6,7,4,1,0,2,0,85.71428571428571,inf
SS Tiwary,2007/08,26,20,8,3,1,8,2,130.0,13.0
SS Tiwary,2009,13,12,3,0,0,5,1,108.33333333333333,13.0
SS Tiwary,2009/10,419,319,90,29,18,140,13,131.34796238244516,32.23076923076923
SS Tiwary,2011,187,196,75,13,5,79,8,95.40816326530613,23.375
SS Tiwary,2012,191,173,58,9,8,79,9,110.40462427745665,21.22222222222222
SS Tiwary,2013,109,113,39,4,4,47,4,96.46017699115043,27.25
SS Tiwary,2015,109,83,22,9,5,32,0,131.32530120481925,inf
SS Tiwary,2016,170,149,51,17,4,58,6,114.09395973154362,28.333333333333332
SS Tiwary,2017,52,46,16,9,0,16,0,113.04347826086956,inf
SS Tiwary,2020/21,103,81,24,8,3,37,5,127.16049382716051,20.6
SS Tiwary,2021,115,99,27,10,2,53,2,116.16161616161615,57.5
ST Jayasuriya,2007/08,514,333,127,57,31,69,13,154.35435435435437,39.53846153846154
ST Jayasuriya,2009,221,205,93,23,7,51,12,107.8048780487805,18.416666666666668
ST Jayasuriya,2009/10,33,35,16,4,1,8,4,94.28571428571428,8.25
STR Binny,2009/10,8,5,1,1,0,2,1,160.0,8.0
STR Binny,2011,37,31,10,2,1,14,1,119.35483870967742,37.0
STR Binny,2012,90,70,24,9,3,25,4,128.57142857142858,22.5
STR Binny,2013,293,204,60,25,12,78,8,143.62745098039215,36.625
STR Binny,2014,123,122,48,4,5,48,9,100.81967213114753,13.666666666666666
STR Binny,2015,74,69,18,7,1,34,5,107.24637681159422,14.8
STR Binny,2016,63,41,14,5,4,11,4,153.65853658536585,15.75
STR Binny,2017,78,77,34,6,3,29,5,101.29870129870129,15.6
STR Binny,2018,44,39,16,2,2,14,4,112.82051282051282,11.0
STR Binny,2019,70,42,14,5,4,8,3,166.66666666666669,23.333333333333332
SU Parakh,2026,46,33,14,5,2,10,4,139.3939393939394,11.5
SV Samson,2013,206,179,65,19,5,78,8,115.08379888268156,25.75
SV Samson,2014,339,280,109,25,17,103,13,121.07142857142857,26.076923076923077
SV Samson,2015,204,166,62,16,8,57,10,122.89156626506023,20.4
SV Samson,2016,291,265,88,20,8,115,10,109.81132075471697,29.1
SV Samson,2017,386,275,92,32,19,103,14,140.36363636363635,27.571428571428573
SV Samson,2018,441,325,95,30,19,141,14,135.69230769230768,31.5
SV Samson,2019,342,238,61,28,13,99,10,143.69747899159663,34.2
SV Samson,2020/21,375,242,72,21,26,95,12,154.95867768595042,31.25
SV Samson,2021,484,372,105,45,17,158,12,130.10752688172042,40.333333333333336
SV Samson,2022,458,321,124,43,26,99,16,142.6791277258567,28.625
SV Samson,2023,362,240,79,25,24,92,12,150.83333333333334,30.166666666666668
SV Samson,2024,531,367,97,48,24,158,11,144.68664850136238,48.27272727272727
SV Samson,2025,285,205,69,27,13,84,9,139.02439024390242,31.666666666666668
SV Samson,2026,477,295,97,53,24,101,12,161.6949152542373,39.75
SW Billings,2016,88,66,15,4,4,26,4,133.33333333333331,22.0
SW Billings,2017,138,107,31,19,1,47,6,128.97196261682242,23.0
SW Billings,2018,108,78,27,8,5,26,8,138.46153846153845,13.5
SW Billings,2019,0,5,4,0,0,0,1,0.0,0.0
SW Billings,2022,169,143,52,9,10,53,7,118.18181818181819,24.142857142857142
SW Tait,2009/10,12,13,6,0,1,6,1,92.3076923076923,12.0
SW Tait,2011,10,10,3,1,0,6,1,100.0,10.0
SW Tait,2013,1,3,2,0,0,1,1,33.33333333333333,1.0
SZ Mulani,2024,1,1,0,0,0,1,0,100.0,inf
Sachin Baby,2013,3,7,4,0,0,1,1,42.857142857142854,3.0
Sachin Baby,2016,119,82,22,9,5,31,5,145.1219512195122,23.8
Sachin Baby,2017,15,17,7,2,0,5,3,88.23529411764706,5.0
Sachin Baby,2021,7,17,10,0,0,7,1,41.17647058823529,7.0
Sakib Hussain,2026,5,7,5,1,0,1,0,71.42857142857143,inf
Salil Arora,2026,35,25,5,2,2,10,1,140.0,35.0
Salman Butt,2007/08,193,172,70,30,2,47,7,112.20930232558139,27.571428571428573
Sameer Rizvi,2024,51,43,19,4,2,13,4,118.6046511627907,12.75
Sameer Rizvi,2025,121,83,26,11,7,33,3,145.78313253012047,40.333333333333336
Sameer Rizvi,2026,252,178,59,15,17,64,7,141.57303370786516,36.0
Sandeep Sharma,2013,0,1,1,0,0,0,0,0.0,
Sandeep Sharma,2014,2,5,2,0,0,2,0,40.0,inf
Sandeep Sharma,2015,9,14,8,1,0,5,1,64.28571428571429,9.0
Sandeep Sharma,2016,8,9,1,0,0,8,0,88.88888888888889,inf
Sandeep Sharma,2017,7,7,0,0,0,5,0,100.0,inf
Sandeep Sharma,2018,0,4,4,0,0,0,2,0.0,0.0
Sandeep Sharma,2019,6,4,0,1,0,2,0,150.0,inf
Sandeep Sharma,2020/21,12,15,7,1,0,6,2,80.0,6.0
Sandeep Sharma,2021,8,7,1,1,0,4,0,114.28571428571428,inf
Sandeep Sharma,2023,2,7,4,0,0,2,0,28.57142857142857,inf
Sandeep Sharma,2025,6,6,0,0,0,4,0,100.0,inf
Sanvir Singh,2023,11,9,5,1,1,1,1,122.22222222222223,11.0
Sanvir Singh,2024,14,13,2,1,0,8,1,107.6923076923077,14.0
Saurav Chauhan,2024,18,16,6,1,1,6,3,112.5,6.0
Sediqullah Atal,2025,22,16,5,0,2,6,1,137.5,22.0
Shahbaz Ahmed,2020/21,1,1,0,0,0,1,0,100.0,inf
Shahbaz Ahmed,2021,59,55,19,4,2,22,7,107.27272727272728,8.428571428571429
Shahbaz Ahmed,2022,219,197,63,14,9,72,8,111.16751269035532,27.375
Shahbaz Ahmed,2023,42,41,10,3,1,18,4,102.4390243902439,10.5
Shahbaz Ahmed,2024,215,173,51,7,13,79,10,124.27745664739885,21.5
Shahbaz Ahmed,2025,9,8,2,1,0,5,1,112.5,9.0
Shahbaz Ahmed,2026,58,41,12,4,3,20,0,141.46341463414635,inf
Shahid Afridi,2007/08,81,46,19,7,6,12,8,176.08695652173913,10.125
Shakib Al Hasan,2011,29,23,6,4,0,9,2,126.08695652173914,14.5
Shakib Al Hasan,2012,91,77,19,6,3,33,6,118.18181818181819,15.166666666666666
Shakib Al Hasan,2014,229,160,39,22,7,69,9,143.125,25.444444444444443
Shakib Al Hasan,2015,36,32,9,5,0,10,3,112.5,12.0
Shakib Al Hasan,2016,114,108,40,7,5,48,5,105.55555555555556,22.8
Shakib Al Hasan,2017,1,1,0,0,0,1,0,100.0,inf
Shakib Al Hasan,2018,239,203,72,26,5,81,9,117.73399014778325,26.555555555555557
Shakib Al Hasan,2019,9,11,2,0,0,7,1,81.81818181818183,9.0
Shakib Al Hasan,2021,47,50,14,3,1,29,5,94.0,9.4
Shashank Singh,2022,69,47,17,5,4,15,4,146.80851063829786,17.25
Shashank Singh,2024,354,225,55,28,21,94,7,157.33333333333331,50.57142857142857
Shashank Singh,2025,350,238,55,23,18,105,7,147.05882352941177,50.0
Shashank Singh,2026,132,78,15,11,8,30,6,169.23076923076923,22.0
Shivam Mavi,2018,13,15,7,1,0,5,3,86.66666666666667,4.333333333333333
Shivam Mavi,2020/21,10,14,7,1,0,4,2,71.42857142857143,5.0
Shivam Mavi,2021,25,21,11,2,2,5,2,119.04761904761905,12.5
Shivam Mavi,2022,3,8,4,0,0,3,2,37.5,1.5
Shivam Sharma,2014,5,3,1,1,0,1,1,166.66666666666669,5.0
Shivam Singh,2024,2,3,1,0,0,2,0,66.66666666666666,inf
Shivang Kumar,2026,53,50,19,6,1,17,6,106.0,8.833333333333334
Shoaib Ahmed,2009,1,6,5,0,0,1,2,16.666666666666664,0.5
Shoaib Akhtar,2007/08,2,8,5,0,0,2,1,25.0,2.0
Shoaib Malik,2007/08,52,49,13,5,0,24,4,106.12244897959184,13.0
Shubman Gill,2018,203,142,35,22,5,65,5,142.95774647887325,40.6
Shubman Gill,2019,296,242,74,21,10,112,9,122.31404958677685,32.888888888888886
Shubman Gill,2020/21,440,382,134,44,9,162,13,115.18324607329843,33.84615384615385
Shubman Gill,2021,478,415,160,50,12,152,17,115.18072289156626,28.11764705882353
Shubman Gill,2022,483,374,113,51,11,159,15,129.14438502673798,32.2
Shubman Gill,2023,890,582,144,85,33,244,16,152.9209621993127,55.625
Shubman Gill,2024,426,295,80,37,15,118,11,144.40677966101697,38.72727272727273
Shubman Gill,2025,650,435,108,62,24,183,12,149.42528735632183,54.166666666666664
Shubman Gill,2026,732,472,134,74,33,172,16,155.08474576271186,45.75
Sikandar Raza,2023,139,104,35,10,6,31,5,133.65384615384613,27.8
Sikandar Raza,2024,43,39,15,2,2,13,2,110.25641025641026,21.5
Simarjeet Singh,2022,7,8,3,0,0,3,1,87.5,7.0
Simarjeet Singh,2025,3,7,4,0,0,3,2,42.857142857142854,1.5
Sohail Tanvir,2007/08,36,31,9,3,1,14,3,116.12903225806453,12.0
Sumit Kumar,2024,18,26,14,2,1,4,2,69.23076923076923,9.0
Sunny Gupta,2012,0,1,1,0,0,0,1,0.0,0.0
Sunny Singh,2011,43,31,11,6,1,11,4,138.70967741935485,10.75
Suryansh Shedge,2025,7,12,4,0,0,5,3,58.333333333333336,2.3333333333333335
Suryansh Shedge,2026,158,92,25,9,12,38,4,171.73913043478262,39.5
Swapnil Singh,2016,0,1,1,0,0,0,1,0.0,0.0
Swapnil Singh,2017,12,19,9,0,0,8,2,63.1578947368421,6.0
Swapnil Singh,2023,2,4,2,0,0,2,0,50.0,inf
Swapnil Singh,2024,37,22,7,3,3,7,2,168.1818181818182,18.5
T Banton,2020/21,18,22,11,1,1,6,2,81.81818181818183,9.0
T Dahiya,2026,12,15,9,2,0,4,2,80.0,6.0
T Henderson,2009,11,16,10,0,1,3,1,68.75,11.0
T Kohler-Cadmore,2024,48,54,32,7,1,12,3,88.88888888888889,16.0
T Kohli,2007/08,10,16,10,0,1,4,2,62.5,5.0
T Kohli,2009,1,4,3,0,0,1,1,25.0,1.0
T Natarajan,2020/21,3,5,2,0,0,3,0,60.0,inf
T Natarajan,2026,1,2,1,0,0,1,0,50.0,inf
T Shamsi,2021,2,4,2,0,0,2,0,50.0,inf
T Stubbs,2022,2,4,2,0,0,2,1,50.0,2.0
T Stubbs,2023,25,31,14,2,0,13,2,80.64516129032258,12.5
T Stubbs,2024,378,204,38,24,26,88,6,185.29411764705884,63.0
T Stubbs,2025,306,203,40,25,12,110,8,150.73891625615764,38.25
T Stubbs,2026,275,225,61,18,9,108,6,122.22222222222223,45.833333333333336
T Taibu,2007/08,31,26,9,3,0,9,3,119.23076923076923,10.333333333333334
T Thushara,2009,2,8,5,0,0,2,1,25.0,2.0
T Thushara,2009/10,10,11,4,0,0,4,1,90.9090909090909,10.0
TA Boult,2017,5,8,5,0,0,1,0,62.5,inf
TA Boult,2018,0,2,2,0,0,0,1,0.0,0.0
TA Boult,2019,7,4,2,0,1,1,1,175.0,7.0
TA Boult,2020/21,0,1,1,0,0,0,1,0.0,0.0
TA Boult,2021,1,4,3,0,0,1,0,25.0,inf
TA Boult,2022,40,30,6,2,1,14,2,133.33333333333331,20.0
TA Boult,2023,16,17,6,1,1,6,1,94.11764705882352,16.0
TA Boult,2024,14,16,9,2,0,4,1,87.5,14.0
TA Boult,2025,2,4,1,0,0,2,1,50.0,2.0
TA Boult,2026,8,4,1,0,1,2,1,200.0,8.0
TD Paine,2011,10,29,14,0,0,10,2,34.48275862068966,5.0
TG Southee,2014,4,4,3,1,0,0,1,100.0,4.0
TG Southee,2015,13,9,1,1,0,5,0,144.44444444444443,inf
TG Southee,2016,30,20,4,1,2,8,3,150.0,10.0
TG Southee,2017,7,3,1,0,1,1,0,233.33333333333334,inf
TG Southee,2018,52,46,21,5,1,15,2,113.04347826086956,26.0
TG Southee,2019,9,9,2,0,0,5,0,100.0,inf
TG Southee,2021,3,5,3,0,0,1,1,60.0,3.0
TG Southee,2022,2,12,10,0,0,2,4,16.666666666666664,0.5
TH David,2021,1,3,2,0,0,1,1,33.33333333333333,1.0
TH David,2022,186,91,22,12,16,30,6,204.39560439560438,31.0
TH David,2023,231,155,38,12,15,67,8,149.03225806451613,28.875
TH David,2024,241,168,42,14,15,59,8,143.45238095238096,30.125
TH David,2025,187,107,38,16,14,27,3,174.76635514018693,62.333333333333336
TH David,2026,305,173,42,22,23,65,9,176.30057803468208,33.888888888888886
TK Curran,2018,23,28,13,3,0,11,3,82.14285714285714,7.666666666666667
TK Curran,2020/21,83,63,16,5,3,29,1,131.74603174603175,83.0
TK Curran,2021,21,17,5,2,0,7,1,123.52941176470588,21.0
TL Seifert,2021,2,5,1,0,0,2,1,40.0,2.0
TL Seifert,2022,24,21,10,4,0,3,2,114.28571428571428,12.0
TL Seifert,2026,19,18,10,2,1,5,3,105.55555555555556,6.333333333333333
TL Suman,2009,237,193,69,18,8,67,9,122.79792746113989,26.333333333333332
TL Suman,2009/10,307,264,94,23,12,102,8,116.28787878787878,38.375
TL Suman,2011,65,53,25,5,5,13,6,122.64150943396226,10.833333333333334
TL Suman,2012,15,19,11,1,1,5,2,78.94736842105263,7.5
TL Suman,2013,52,58,31,8,0,18,5,89.65517241379311,10.4
TM Dilshan,2007/08,104,79,33,14,3,26,4,131.64556962025316,26.0
TM Dilshan,2009,418,357,133,42,13,121,10,117.08683473389357,41.8
TM Dilshan,2009/10,44,55,26,6,0,18,6,80.0,7.333333333333333
TM Dilshan,2011,226,185,69,33,3,60,8,122.16216216216216,28.25
TM Dilshan,2012,285,274,105,33,5,90,8,104.01459854014598,35.625
TM Dilshan,2013,76,97,55,12,0,20,5,78.35051546391753,15.2
TM Head,2016,54,42,12,3,2,16,2,128.57142857142858,27.0
TM Head,2017,151,109,27,9,6,51,4,138.5321100917431,37.75
TM Head,2024,567,307,87,64,32,97,14,184.69055374592833,40.5
TM Head,2025,374,248,79,50,15,66,13,150.80645161290323,28.76923076923077
TM Head,2026,410,253,95,46,23,62,15,162.05533596837944,27.333333333333332
TM Srivastava,2007/08,8,10,4,0,0,5,1,80.0,8.0
TM Srivastava,2009,0,1,1,0,0,0,0,0.0,
TR Birt,2011,75,59,24,9,2,15,5,127.11864406779661,15.0
TS Mills,2017,8,11,7,0,1,2,3,72.72727272727273,2.6666666666666665
TS Mills,2022,0,3,3,0,0,0,1,0.0,0.0
TU Deshpande,2020/21,21,12,3,2,1,5,1,175.0,21.0
TU Deshpande,2023,0,1,0,0,0,0,0,0.0,
TU Deshpande,2024,0,2,1,0,0,0,0,0.0,
TU Deshpande,2025,7,9,1,0,0,3,1,77.77777777777779,7.0
TU Deshpande,2026,26,14,5,0,3,4,2,185.71428571428572,13.0
Tanush Kotian,2024,24,32,17,3,0,10,1,75.0,24.0
Tilak Varma,2022,397,313,87,29,16,144,10,126.83706070287539,39.7
Tilak Varma,2023,343,226,70,26,23,75,8,151.76991150442478,42.875
Tilak Varma,2024,416,291,78,35,19,121,10,142.9553264604811,41.6
Tilak Varma,2025,343,259,72,23,16,113,10,132.43243243243242,34.3
Tilak Varma,2026,359,255,74,30,17,105,12,140.7843137254902,29.916666666666668
U Kaul,2007/08,0,1,1,0,0,0,0,0.0,
UA Birla,2013,7,15,10,1,0,3,1,46.666666666666664,7.0
UBT Chand,2011,2,12,9,0,0,2,2,16.666666666666664,1.0
UBT Chand,2012,36,35,20,2,3,8,2,102.85714285714285,18.0
UBT Chand,2013,158,163,76,17,4,48,9,96.93251533742331,17.555555555555557
UBT Chand,2014,2,10,7,0,0,2,1,20.0,2.0
UBT Chand,2015,102,89,32,13,2,28,5,114.6067415730337,20.4
UBT Chand,2016,0,5,4,0,0,0,1,0.0,0.0
UT Khawaja,2016,127,105,36,14,3,38,5,120.95238095238095,25.4
UT Yadav,2009/10,3,4,1,0,0,3,0,75.0,inf
UT Yadav,2011,1,6,4,0,0,1,1,16.666666666666664,1.0
UT Yadav,2012,2,7,5,0,0,2,2,28.57142857142857,1.0
UT Yadav,2013,38,39,16,3,1,16,1,97.43589743589743,38.0
UT Yadav,2014,2,4,2,0,0,2,1,50.0,2.0
UT Yadav,2015,29,16,5,5,1,3,1,181.25,29.0
UT Yadav,2016,9,6,1,0,1,3,2,150.0,4.5
UT Yadav,2017,10,13,4,0,0,8,0,76.92307692307693,inf
UT Yadav,2018,3,12,7,0,0,3,4,25.0,0.75
UT Yadav,2019,25,26,14,3,1,5,1,96.15384615384616,25.0
UT Yadav,2020/21,0,2,2,0,0,0,1,0.0,0.0
UT Yadav,2022,55,41,18,4,4,11,4,134.14634146341464,13.75
UT Yadav,2023,19,20,6,1,0,7,2,95.0,9.5
UT Yadav,2024,12,15,8,0,1,6,1,80.0,12.0
Umar Gul,2007/08,39,19,6,1,5,5,3,205.26315789473685,13.0
Umran Malik,2022,4,8,4,0,0,2,1,50.0,4.0
Umran Malik,2023,19,8,3,1,2,1,0,237.5,inf
Urvil Patel,2025,68,34,11,5,6,9,3,200.0,22.666666666666668
Urvil Patel,2026,129,68,27,6,14,13,7,189.70588235294116,18.428571428571427
V Kohli,2007/08,165,168,67,18,4,59,12,98.21428571428571,13.75
V Kohli,2009,246,225,89,22,8,84,11,109.33333333333333,22.363636363636363
V Kohli,2009/10,307,216,56,26,12,103,13,142.12962962962962,23.615384615384617
V Kohli,2011,557,473,171,55,16,178,13,117.75898520084567,42.84615384615385
V Kohli,2012,364,333,126,33,10,137,12,109.30930930930931,30.333333333333332
V Kohli,2013,639,471,158,65,22,171,14,135.66878980891718,45.642857142857146
V Kohli,2014,359,301,103,23,16,127,14,119.26910299003322,25.642857142857142
V Kohli,2015,505,395,139,35,23,153,14,127.84810126582278,36.07142857142857
V Kohli,2016,973,655,165,84,38,291,12,148.54961832061068,81.08333333333333
V Kohli,2017,308,257,89,23,11,107,11,119.8443579766537,28.0
V Kohli,2018,530,385,117,52,18,166,12,137.66233766233768,44.166666666666664
V Kohli,2019,464,332,89,46,13,150,14,139.75903614457832,33.142857142857146
V Kohli,2020/21,471,402,98,24,11,195,11,117.16417910447761,42.81818181818182
V Kohli,2021,405,347,119,43,9,145,14,116.71469740634006,28.928571428571427
V Kohli,2022,341,306,113,32,8,117,16,111.43790849673204,21.3125
V Kohli,2023,639,473,127,65,16,210,12,135.0951374207188,53.25
V Kohli,2024,741,497,141,62,38,198,13,149.09456740442658,57.0
V Kohli,2025,657,466,115,66,19,217,13,140.9871244635193,50.53846153846154
V Kohli,2026,675,425,98,73,25,176,12,158.8235294117647,56.25
V Nigam,2025,142,82,24,16,8,26,5,173.17073170731706,28.4
V Nigam,2026,15,10,2,2,0,5,1,150.0,15.0
V Pratap Singh,2012,0,1,1,0,0,0,1,0.0,0.0
V Sehwag,2007/08,406,229,58,46,21,75,12,177.29257641921396,33.833333333333336
V Sehwag,2009,198,146,52,24,7,40,10,135.6164383561644,19.8
V Sehwag,2009/10,356,227,75,47,14,66,14,156.8281938325991,25.428571428571427
V Sehwag,2011,424,247,76,51,18,70,9,171.65991902834008,47.111111111111114
V Sehwag,2012,495,317,89,57,19,115,16,156.15141955835963,30.9375
V Sehwag,2013,295,244,95,41,6,72,12,120.9016393442623,24.583333333333332
V Sehwag,2014,455,334,121,56,18,87,18,136.22754491017963,25.27777777777778
V Sehwag,2015,99,89,35,12,3,33,7,111.23595505617978,14.142857142857142
V Shankar,2017,101,77,20,12,1,37,2,131.1688311688312,50.5
V Shankar,2018,212,156,36,11,11,75,4,135.8974358974359,53.0
V Shankar,2019,244,196,59,11,12,88,11,124.48979591836735,22.181818181818183
V Shankar,2020/21,97,99,38,10,1,41,4,97.97979797979798,24.25
V Shankar,2021,58,52,18,1,3,20,5,111.53846153846155,11.6
V Shankar,2022,19,36,19,1,0,11,4,52.77777777777778,4.75
V Shankar,2023,301,199,52,27,15,73,8,151.25628140703517,37.625
V Shankar,2024,83,75,23,7,2,37,5,110.66666666666667,16.6
V Shankar,2025,118,95,22,8,3,46,3,124.21052631578948,39.333333333333336
V Suryavanshi,2025,252,129,44,18,24,32,7,195.3488372093023,36.0
V Suryavanshi,2026,776,344,107,63,72,76,16,225.58139534883722,48.5
V Viyaskanth,2024,7,5,0,0,0,4,0,140.0,inf
VG Arora,2022,5,14,8,0,0,5,2,35.714285714285715,2.5
VG Arora,2023,3,2,0,0,0,1,0,150.0,inf
VG Arora,2024,1,1,0,0,0,1,0,100.0,inf
VG Arora,2025,0,8,8,0,0,0,2,0.0,0.0
VG Arora,2026,1,3,1,0,0,1,0,33.33333333333333,inf
VH Zol,2014,29,26,13,3,1,7,2,111.53846153846155,14.5
VR Aaron,2011,0,5,5,0,0,0,0,0.0,
VR Aaron,2012,1,3,2,0,0,1,1,33.33333333333333,1.0
VR Aaron,2014,35,34,13,2,1,15,0,102.94117647058823,inf
VR Aaron,2015,6,3,2,0,1,0,1,200.0,6.0
VR Aaron,2017,4,11,7,0,0,2,1,36.36363636363637,4.0
VR Aaron,2019,3,7,4,0,0,3,0,42.857142857142854,inf
VR Aaron,2020/21,1,10,9,0,0,1,1,10.0,1.0
VR Iyer,2021,370,299,111,37,14,110,9,123.74581939799332,41.111111111111114
VR Iyer,2022,182,175,79,17,7,48,11,104.0,16.545454545454547
VR Iyer,2023,404,288,86,32,21,119,14,140.27777777777777,28.857142857142858
VR Iyer,2024,370,238,79,35,19,74,9,155.46218487394958,41.111111111111114
VR Iyer,2025,142,107,35,15,4,35,7,132.71028037383178,20.285714285714285
VR Iyer,2026,209,116,36,21,13,33,4,180.17241379310346,52.25
VRV Singh,2007/08,4,3,1,1,0,0,1,133.33333333333331,4.0
VS Malik,2009/10,6,5,1,1,0,2,1,120.0,6.0
VS Malik,2014,1,2,1,0,0,1,0,50.0,inf
VS Yeligati,2007/08,2,2,1,0,0,0,1,100.0,2.0
VVS Laxman,2007/08,155,134,49,22,1,55,5,115.67164179104476,31.0
VVS Laxman,2009,19,33,22,1,1,9,5,57.57575757575758,3.8
VVS Laxman,2009/10,64,62,24,7,1,24,4,103.2258064516129,16.0
VVS Laxman,2011,44,42,18,3,2,12,2,104.76190476190477,22.0
VY Mahesh,2007/08,15,28,13,0,0,11,2,53.57142857142857,7.5
Vijaykumar Vyshak,2023,13,10,2,0,1,5,1,130.0,13.0
Vijaykumar Vyshak,2024,1,3,2,0,0,1,1,33.33333333333333,1.0
Vijaykumar Vyshak,2026,2,4,2,0,0,2,0,50.0,inf
Virat Singh,2021,15,26,13,1,0,11,3,57.692307692307686,5.0
Vishnu Vinod,2017,19,26,15,1,1,9,3,73.07692307692307,6.333333333333333
Vishnu Vinod,2023,37,32,10,2,2,15,3,115.625,12.333333333333334
Vishnu Vinod,2026,15,8,2,1,1,3,0,187.5,inf
Vivrant Sharma,2023,69,49,14,9,2,19,1,140.81632653061226,69.0
W Jaffer,2007/08,115,110,45,12,3,38,5,104.54545454545455,23.0
W Jaffer,2009,15,19,10,2,0,3,2,78.94736842105263,7.5
WA Mota,2007/08,26,28,9,2,0,14,1,92.85714285714286,26.0
WA Mota,2009,30,48,18,0,0,26,4,62.5,7.5
WD Parnell,2011,37,42,16,2,1,15,3,88.09523809523809,12.333333333333334
WD Parnell,2012,19,29,12,2,0,11,4,65.51724137931035,4.75
WD Parnell,2013,5,7,2,0,0,5,1,71.42857142857143,5.0
WD Parnell,2014,2,2,1,0,0,0,1,100.0,2.0
WD Parnell,2023,2,6,3,0,0,2,1,33.33333333333333,2.0
WG Jacks,2024,230,133,43,16,18,44,6,172.93233082706766,38.333333333333336
WG Jacks,2025,233,173,62,22,11,71,10,134.68208092485548,23.3
WG Jacks,2026,139,79,22,12,9,29,5,175.9493670886076,27.8
WP Saha,2007/08,159,119,44,12,7,39,6,133.61344537815125,26.5
WP Saha,2009,72,41,5,3,4,20,3,175.609756097561,24.0
WP Saha,2009/10,67,53,18,9,1,19,3,126.41509433962264,22.333333333333332
WP Saha,2011,68,67,22,2,4,30,1,101.49253731343283,68.0
WP Saha,2012,6,14,7,0,0,6,1,42.857142857142854,6.0
WP Saha,2013,70,57,25,6,4,18,3,122.80701754385966,23.333333333333332
WP Saha,2014,362,255,90,33,18,85,12,141.9607843137255,30.166666666666668
WP Saha,2015,249,205,66,16,10,79,13,121.46341463414633,19.153846153846153
WP Saha,2016,270,214,60,29,1,92,11,126.16822429906543,24.545454545454547
WP Saha,2017,234,194,61,20,8,84,10,120.61855670103093,23.4
WP Saha,2018,122,108,40,17,1,36,8,112.96296296296295,15.25
WP Saha,2019,86,55,13,13,1,21,5,156.36363636363637,17.2
WP Saha,2020/21,214,159,46,24,5,61,2,134.59119496855345,107.0
WP Saha,2021,131,144,61,7,5,53,9,90.97222222222221,14.555555555555555
WP Saha,2022,317,266,100,40,7,99,9,119.17293233082707,35.22222222222222
WP Saha,2023,371,297,108,47,8,96,16,124.91582491582491,23.1875
WP Saha,2024,136,120,46,18,3,40,9,113.33333333333333,15.11111111111111
WPUJC Vaas,2007/08,21,18,6,0,1,5,2,116.66666666666667,10.5
WPUJC Vaas,2009,30,21,3,1,1,12,1,142.85714285714286,30.0
WPUJC Vaas,2009/10,30,34,13,1,1,16,4,88.23529411764706,7.5
Washington Sundar,2017,9,12,3,0,0,3,0,75.0,inf
Washington Sundar,2018,65,40,13,5,4,10,4,162.5,16.25
Washington Sundar,2019,1,4,2,0,0,1,2,25.0,0.5
Washington Sundar,2020/21,111,98,29,10,2,47,6,113.26530612244898,18.5
Washington Sundar,2021,31,48,24,2,0,17,4,64.58333333333334,7.75
Washington Sundar,2022,101,76,20,9,3,27,7,132.89473684210526,14.428571428571429
Washington Sundar,2023,60,62,20,6,0,32,3,96.7741935483871,20.0
Washington Sundar,2024,0,1,1,0,0,0,1,0.0,0.0
Washington Sundar,2025,133,85,19,10,7,38,5,156.47058823529412,26.6
Washington Sundar,2026,377,263,69,40,12,111,10,143.34600760456274,37.7
X Thalaivan Sargunam,2013,10,17,9,0,0,6,1,58.82352941176471,10.0
XC Bartlett,2025,11,15,7,1,0,7,1,73.33333333333333,11.0
XC Bartlett,2026,29,14,1,2,2,3,1,207.14285714285717,29.0
Y Gnaneswara Rao,2011,19,18,8,3,0,5,1,105.55555555555556,19.0
Y Nagar,2009,20,22,7,1,0,9,1,90.9090909090909,20.0
Y Nagar,2009/10,1,7,3,0,0,1,1,14.285714285714285,1.0
Y Nagar,2011,111,108,40,6,6,36,8,102.77777777777777,13.875
Y Nagar,2012,153,134,41,13,3,63,5,114.17910447761194,30.6
Y Prithvi Raj,2019,0,1,1,0,0,0,0,0.0,
Y Venugopal Rao,2007/08,288,217,73,22,15,79,8,132.7188940092166,36.0
Y Venugopal Rao,2009,124,118,35,6,3,56,10,105.08474576271188,12.4
Y Venugopal Rao,2009/10,34,44,23,3,1,16,4,77.27272727272727,8.5
Y Venugopal Rao,2011,336,292,108,30,13,109,12,115.06849315068493,28.0
Y Venugopal Rao,2012,132,129,47,8,5,56,5,102.32558139534885,26.4
Y Venugopal Rao,2014,71,65,18,8,0,25,3,109.23076923076923,23.666666666666668
YA Abdulla,2009/10,0,1,0,0,0,0,0,0.0,
YBK Jaiswal,2020/21,40,44,20,2,2,20,3,90.9090909090909,13.333333333333334
YBK Jaiswal,2021,249,168,69,32,10,48,10,148.21428571428572,24.9
YBK Jaiswal,2022,258,198,77,28,10,65,10,130.3030303030303,25.8
YBK Jaiswal,2023,625,397,144,83,26,107,12,157.43073047858942,52.083333333333336
YBK Jaiswal,2024,435,288,103,54,16,84,14,151.04166666666669,31.071428571428573
YBK Jaiswal,2025,559,359,122,60,28,124,13,155.71030640668525,43.0
YBK Jaiswal,2026,427,296,108,52,18,90,14,144.25675675675674,30.5
YK Pathan,2007/08,435,253,75,43,25,79,12,171.93675889328063,36.25
YK Pathan,2009,261,192,82,25,14,46,12,135.9375,21.75
YK Pathan,2009/10,333,210,67,22,24,75,11,158.57142857142856,30.272727272727273
YK Pathan,2011,283,205,65,24,13,81,9,138.04878048780486,31.444444444444443
YK Pathan,2012,194,179,50,10,7,79,11,108.37988826815644,17.636363636363637
YK Pathan,2013,332,247,85,30,15,91,12,134.41295546558706,27.666666666666668
YK Pathan,2014,268,168,52,15,20,66,9,159.52380952380955,29.77777777777778
YK Pathan,2015,312,243,76,29,12,97,7,128.39506172839506,44.57142857142857
YK Pathan,2016,361,256,60,33,13,121,7,141.015625,51.57142857142857
YK Pathan,2017,143,123,41,9,6,46,9,116.26016260162602,15.88888888888889
YK Pathan,2018,260,211,74,22,11,76,9,123.22274881516589,28.88888888888889
YK Pathan,2019,40,47,17,1,1,20,3,85.1063829787234,13.333333333333334
YS Chahal,2014,1,2,0,0,0,1,0,50.0,inf
YS Chahal,2015,1,1,0,0,0,1,0,100.0,inf
YS Chahal,2017,13,26,14,0,0,11,2,50.0,6.5
YS Chahal,2018,0,4,3,0,0,0,0,0.0,
YS Chahal,2019,6,16,12,0,0,3,2,37.5,3.0
YS Chahal,2020/21,1,5,2,0,0,1,1,20.0,1.0
YS Chahal,2021,10,27,17,0,0,8,0,37.03703703703704,inf
YS Chahal,2022,5,8,4,0,0,3,1,62.5,5.0
YV Dhull,2023,16,23,10,1,0,12,3,69.56521739130434,5.333333333333333
YV Takawale,2007/08,70,69,32,7,2,15,2,101.44927536231884,35.0
YV Takawale,2009,18,22,12,2,0,6,1,81.81818181818183,18.0
YV Takawale,2014,104,92,45,17,1,20,5,113.04347826086956,20.8
Yash Dayal,2022,0,1,1,0,0,0,1,0.0,0.0
Yash Dayal,2025,4,8,5,0,0,2,2,50.0,2.0
Yashpal Singh,2009,47,67,37,5,0,20,4,70.1492537313433,11.75
Younis Khan,2007/08,3,7,4,0,0,3,1,42.857142857142854,3.0
Yudhvir Singh,2023,1,2,1,0,0,1,2,50.0,0.5
Yudhvir Singh,2024,21,14,7,1,2,3,2,150.0,10.5
Yuvraj Singh,2007/08,299,191,60,24,19,72,12,156.54450261780104,24.916666666666668
Yuvraj Singh,2009,340,317,119,25,16,114,12,107.25552050473186,28.333333333333332
Yuvraj Singh,2009/10,259,206,80,21,14,71,12,125.72815533980584,21.583333333333332
Yuvraj Singh,2011,343,269,104,24,18,87,9,127.5092936802974,38.111111111111114
Yuvraj Singh,2013,238,193,84,14,15,59,12,123.3160621761658,19.833333333333332
Yuvraj Singh,2014,376,288,117,22,28,91,10,130.55555555555557,37.6
Yuvraj Singh,2015,248,215,89,23,10,74,13,115.34883720930233,19.076923076923077
Yuvraj Singh,2016,236,183,78,22,13,58,10,128.96174863387978,23.6
Yuvraj Singh,2017,252,188,64,30,8,64,10,134.04255319148936,25.2
Yuvraj Singh,2018,65,74,40,6,2,21,5,87.83783783783784,13.0
Yuvraj Singh,2019,98,83,29,7,6,30,4,118.07228915662651,24.5
Z Khan,2007/08,34,43,21,4,0,16,4,79.06976744186046,8.5
Z Khan,2009,8,11,3,0,0,8,1,72.72727272727273,8.0
Z Khan,2009/10,24,13,5,3,1,2,2,184.6153846153846,12.0
Z Khan,2011,21,24,12,2,0,7,2,87.5,10.5
Z Khan,2012,12,17,9,1,0,6,2,70.58823529411765,6.0
Z Khan,2014,8,7,2,0,1,2,1,114.28571428571428,8.0
Z Khan,2016,6,13,10,1,0,2,2,46.15384615384615,3.0
Z Khan,2017,4,13,9,0,0,4,1,30.76923076923077,4.0
