batter,venue,runs,balls_faced,strike_rate
A Ashish Reddy,Dr. Y.S. Rajasekhara Reddy ACA-VDCA Cricket Stadium,28,17,164.70588235294116
A Ashish Reddy,Eden Gardens,4,5,80.0
A Ashish Reddy,Feroz Shah Kotla,16,9,177.77777777777777
A Ashish Reddy,M Chinnaswamy Stadium,35,22,159.0909090909091
A Ashish Reddy,MA Chidambaram Stadium,39,19,205.26315789473685
A Ashish Reddy,Maharashtra Cricket Association Stadium,19,15,126.66666666666666
A Ashish Reddy,"Punjab Cricket Association Stadium, Mohali",22,8,275.0
A Ashish Reddy,Rajiv Gandhi International Stadium,93,80,116.25000000000001
A Ashish Reddy,Sawai Mansingh Stadium,14,11,127.27272727272727
A Ashish Reddy,Wankhede Stadium,10,10,100.0
A Badoni,Arun Jaitley Stadium,6,9,66.66666666666666
A Badoni,"Bharat Ratna Shri Atal Bihari Vajpayee Ekana Cricket Stadium, Lucknow",452,336,134.52380952380955
A Badoni,"Brabourne Stadium, Mumbai",19,15,126.66666666666666
A Badoni,"Dr DY Patil Sports Academy, Mumbai",42,29,144.82758620689654
A Badoni,"Dr. Y.S. Rajasekhara Reddy ACA-VDCA Cricket Stadium, Visakhapatnam",4,5,80.0
A Badoni,Eden Gardens,108,84,128.57142857142858
A Badoni,"Himachal Pradesh Cricket Association Stadium, Dharamsala",74,45,164.44444444444443
A Badoni,M Chinnaswamy Stadium,68,56,121.42857142857142
A Badoni,MA Chidambaram Stadium,24,26,92.3076923076923
A Badoni,"Maharaja Yadavindra Singh International Cricket Stadium, New Chandigarh",35,22,159.0909090909091
A Badoni,"Maharashtra Cricket Association Stadium, Pune",27,35,77.14285714285715
A Badoni,"Narendra Modi Stadium, Ahmedabad",21,12,175.0
A Badoni,"Punjab Cricket Association IS Bindra Stadium, Mohali, Chandigarh",43,25,172.0
A Badoni,Rajiv Gandhi International Stadium,73,47,155.3191489361702
A Badoni,"Sawai Mansingh Stadium, Jaipur",52,47,110.63829787234043
A Badoni,Wankhede Stadium,130,92,141.30434782608697
A Chandila,M Chinnaswamy Stadium,4,6,66.66666666666666
A Chandila,Rajiv Gandhi International Stadium,0,1,0.0
A Chopra,Eden Gardens,17,26,65.38461538461539
A Chopra,Newlands,11,20,55.00000000000001
A Chopra,Rajiv Gandhi International Stadium,24,25,96.0
A Chopra,Wankhede Stadium,1,4,25.0
A Choudhary,M Chinnaswamy Stadium,19,18,105.55555555555556
A Choudhary,Rajiv Gandhi International Stadium,6,2,300.0
A Dananjaya,Wankhede Stadium,4,5,80.0
A Flintoff,Kingsmead,16,18,88.88888888888889
A Flintoff,Newlands,24,25,96.0
A Flintoff,St George's Park,22,14,157.14285714285714
A Kamboj,Arun Jaitley Stadium,5,3,166.66666666666669
A Kamboj,"Barsapara Cricket Stadium, Guwahati",7,10,70.0
A Kamboj,Eden Gardens,6,3,200.0
A Kamboj,M Chinnaswamy Stadium,19,13,146.15384615384613
A Kamboj,MA Chidambaram Stadium,5,9,55.55555555555556
A Kamboj,"Narendra Modi Stadium, Ahmedabad",19,8,237.5
A Kamboj,Rajiv Gandhi International Stadium,13,9,144.44444444444443
A Kumble,Dr DY Patil Sports Academy,1,3,33.33333333333333
A Kumble,Feroz Shah Kotla,1,1,100.0
A Kumble,Kingsmead,6,7,85.71428571428571
A Kumble,M Chinnaswamy Stadium,5,11,45.45454545454545
A Kumble,MA Chidambaram Stadium,2,1,200.0
A Kumble,New Wanderers Stadium,1,1,100.0
A Kumble,Newlands,1,1,100.0
A Kumble,"Punjab Cricket Association Stadium, Mohali",0,1,0.0
A Kumble,Sawai Mansingh Stadium,8,8,100.0
A Kumble,St George's Park,8,11,72.72727272727273
A Kumble,"Vidarbha Cricket Association Stadium, Jamtha",2,4,50.0
A Manohar,"Bharat Ratna Shri Atal Bihari Vajpayee Ekana Cricket Stadium, Lucknow",15,17,88.23529411764706
A Manohar,"Dr DY Patil Sports Academy, Mumbai",80,56,142.85714285714286
A Manohar,"Dr. Y.S. Rajasekhara Reddy ACA-VDCA Cricket Stadium, Visakhapatnam",4,6,66.66666666666666
A Manohar,"Maharashtra Cricket Association Stadium, Pune",13,14,92.85714285714286
A Manohar,"Narendra Modi Stadium, Ahmedabad",117,92,127.17391304347827
A Manohar,Rajiv Gandhi International Stadium,45,44,102.27272727272727
A Manohar,"Sawai Mansingh Stadium, Jaipur",1,2,50.0
A Manohar,Wankhede Stadium,17,12,141.66666666666669
A Mhatre,Arun Jaitley Stadium,43,20,215.0
A Mhatre,"Barsapara Cricket Stadium, Guwahati",0,1,0.0
A Mhatre,Eden Gardens,0,2,0.0
A Mhatre,M Chinnaswamy Stadium,95,51,186.27450980392157
A Mhatre,MA Chidambaram Stadium,207,125,165.6
A Mhatre,"Narendra Modi Stadium, Ahmedabad",34,18,188.88888888888889
A Mhatre,Rajiv Gandhi International Stadium,30,16,187.5
A Mhatre,Wankhede Stadium,32,17,188.23529411764704
A Mishra,Arun Jaitley Stadium,7,11,63.63636363636363
A Mishra,Barabati Stadium,1,2,50.0
A Mishra,"Bharat Ratna Shri Atal Bihari Vajpayee Ekana Cricket Stadium, Lucknow",19,30,63.33333333333333
A Mishra,Brabourne Stadium,13,20,65.0
A Mishra,Dr. Y.S. Rajasekhara Reddy ACA-VDCA Cricket Stadium,8,13,61.53846153846154
A Mishra,Eden Gardens,51,54,94.44444444444444
A Mishra,Feroz Shah Kotla,77,85,90.58823529411765
A Mishra,Green Park,8,2,400.0
A Mishra,Kingsmead,2,3,66.66666666666666
A Mishra,M Chinnaswamy Stadium,8,14,57.14285714285714
A Mishra,MA Chidambaram Stadium,29,42,69.04761904761905
A Mishra,Maharashtra Cricket Association Stadium,30,26,115.38461538461537
A Mishra,Nehru Stadium,0,1,0.0
A Mishra,New Wanderers Stadium,11,8,137.5
A Mishra,"Punjab Cricket Association IS Bindra Stadium, Mohali",4,11,36.36363636363637
A Mishra,Rajiv Gandhi International Stadium,50,46,108.69565217391303
A Mishra,"Sardar Patel Stadium, Motera",0,2,0.0
A Mishra,Sawai Mansingh Stadium,25,38,65.78947368421053
A Mishra,Sharjah Cricket Stadium,4,5,80.0
A Mishra,SuperSport Park,13,9,144.44444444444443
A Mishra,Wankhede Stadium,21,18,116.66666666666667
A Mithun,Feroz Shah Kotla,5,6,83.33333333333334
A Mithun,Himachal Pradesh Cricket Association Stadium,10,7,142.85714285714286
A Mithun,JSCA International Stadium Complex,2,2,100.0
A Mithun,M Chinnaswamy Stadium,6,3,200.0
A Mithun,MA Chidambaram Stadium,11,8,137.5
A Mukund,MA Chidambaram Stadium,0,1,0.0
A Mukund,Sawai Mansingh Stadium,19,22,86.36363636363636
A Nehra,Eden Gardens,1,5,20.0
A Nehra,Feroz Shah Kotla,23,20,114.99999999999999
A Nehra,M Chinnaswamy Stadium,0,1,0.0
A Nehra,MA Chidambaram Stadium,1,4,25.0
A Nehra,OUTsurance Oval,1,1,100.0
A Nehra,"Punjab Cricket Association Stadium, Mohali",4,15,26.666666666666668
A Nehra,Rajiv Gandhi International Stadium,1,2,50.0
A Nehra,Sawai Mansingh Stadium,9,8,112.5
A Nehra,Wankhede Stadium,1,7,14.285714285714285
A Nortje,Arun Jaitley Stadium,9,8,112.5
A Nortje,"Barsapara Cricket Stadium, Guwahati",0,1,0.0
A Nortje,"Bharat Ratna Shri Atal Bihari Vajpayee Ekana Cricket Stadium, Lucknow",0,1,0.0
A Nortje,"Dr DY Patil Sports Academy, Mumbai",1,7,14.285714285714285
A Nortje,"Dr. Y.S. Rajasekhara Reddy ACA-VDCA Cricket Stadium, Visakhapatnam",4,7,57.14285714285714
A Nortje,Dubai International Cricket Stadium,4,4,100.0
A Nortje,M Chinnaswamy Stadium,23,14,164.28571428571428
A Nortje,"Narendra Modi Stadium, Ahmedabad",3,6,50.0
A Nortje,Rajiv Gandhi International Stadium,2,2,100.0
A Nortje,Sheikh Zayed Stadium,3,2,150.0
A Raghuvanshi,Arun Jaitley Stadium,59,54,109.25925925925925
A Raghuvanshi,"Barsapara Cricket Stadium, Guwahati",22,17,129.41176470588235
A Raghuvanshi,"Bharat Ratna Shri Atal Bihari Vajpayee Ekana Cricket Stadium, Lucknow",41,36,113.88888888888889
A Raghuvanshi,"Dr. Y.S. Rajasekhara Reddy ACA-VDCA Cricket Stadium, Visakhapatnam",54,28,192.85714285714286
A Raghuvanshi,Eden Gardens,393,272,144.48529411764704
A Raghuvanshi,MA Chidambaram Stadium,51,37,137.83783783783784
A Raghuvanshi,"Maharaja Yadavindra Singh International Cricket Stadium, Mullanpur",37,29,127.58620689655173
A Raghuvanshi,"Narendra Modi Stadium, Ahmedabad",8,5,160.0
A Raghuvanshi,Rajiv Gandhi International Stadium,59,50,118.0
A Raghuvanshi,"Shaheed Veer Narayan Singh International Stadium, Raipur",71,47,151.06382978723406
A Raghuvanshi,Wankhede Stadium,90,53,169.81132075471697
A Singh,Eden Gardens,0,2,0.0
A Singh,Kingsmead,1,2,50.0
A Singh,OUTsurance Oval,0,1,0.0
A Singh,Sawai Mansingh Stadium,1,2,50.0
A Singh,Wankhede Stadium,0,3,0.0
A Symonds,Barabati Stadium,88,62,141.93548387096774
A Symonds,Brabourne Stadium,21,19,110.5263157894737
A Symonds,De Beers Diamond Oval,90,56,160.71428571428572
A Symonds,Dr DY Patil Sports Academy,34,50,68.0
A Symonds,Eden Gardens,77,80,96.25
A Symonds,Feroz Shah Kotla,54,30,180.0
A Symonds,Himachal Pradesh Cricket Association Stadium,4,7,57.14285714285714
A Symonds,Kingsmead,41,23,178.26086956521738
A Symonds,M Chinnaswamy Stadium,53,25,212.0
A Symonds,MA Chidambaram Stadium,50,46,108.69565217391303
A Symonds,New Wanderers Stadium,76,60,126.66666666666666
A Symonds,"Punjab Cricket Association Stadium, Mohali",8,7,114.28571428571428
A Symonds,Rajiv Gandhi International Stadium,173,103,167.96116504854368
A Symonds,"Sardar Patel Stadium, Motera",22,15,146.66666666666666
A Symonds,Sawai Mansingh Stadium,17,27,62.96296296296296
A Symonds,SuperSport Park,42,32,131.25
A Symonds,"Vidarbha Cricket Association Stadium, Jamtha",61,66,92.42424242424242
A Symonds,Wankhede Stadium,63,73,86.3013698630137
A Tomar,"Dr DY Patil Sports Academy, Mumbai",4,8,50.0
A Uniyal,Brabourne Stadium,0,1,0.0
A Uniyal,"Sardar Patel Stadium, Motera",4,6,66.66666666666666
A Zampa,Dr. Y.S. Rajasekhara Reddy ACA-VDCA Cricket Stadium,0,1,0.0
A Zampa,MA Chidambaram Stadium,1,1,100.0
A Zampa,Maharashtra Cricket Association Stadium,5,7,71.42857142857143
A Zampa,"Sawai Mansingh Stadium, Jaipur",9,16,56.25
AA Bilakhia,Kingsmead,12,14,85.71428571428571
AA Bilakhia,New Wanderers Stadium,6,8,75.0
AA Bilakhia,St George's Park,1,5,20.0
AA Bilakhia,SuperSport Park,48,57,84.21052631578947
AA Bilakhia,"Vidarbha Cricket Association Stadium, Jamtha",2,4,50.0
AA Chavan,Holkar Cricket Stadium,1,3,33.33333333333333
AA Chavan,Sawai Mansingh Stadium,7,6,116.66666666666667
AA Chavan,Wankhede Stadium,4,2,200.0
AA Jhunjhunwala,Brabourne Stadium,14,11,127.27272727272727
AA Jhunjhunwala,Dr DY Patil Sports Academy,10,16,62.5
AA Jhunjhunwala,Feroz Shah Kotla,6,12,50.0
AA Jhunjhunwala,M Chinnaswamy Stadium,5,7,71.42857142857143
AA Jhunjhunwala,MA Chidambaram Stadium,8,5,160.0
AA Jhunjhunwala,"Punjab Cricket Association Stadium, Mohali",0,3,0.0
AA Jhunjhunwala,Rajiv Gandhi International Stadium,19,20,95.0
AA Jhunjhunwala,"Sardar Patel Stadium, Motera",109,91,119.78021978021978
AA Jhunjhunwala,Sawai Mansingh Stadium,35,45,77.77777777777779
AA Jhunjhunwala,"Vidarbha Cricket Association Stadium, Jamtha",11,8,137.5
AA Kulkarni,"Bharat Ratna Shri Atal Bihari Vajpayee Ekana Cricket Stadium, Lucknow",26,33,78.78787878787878
AA Noffke,M Chinnaswamy Stadium,9,12,75.0
AB Agarkar,Eden Gardens,15,14,107.14285714285714
AB Agarkar,Feroz Shah Kotla,29,29,100.0
AB Agarkar,Kingsmead,19,25,76.0
AB Agarkar,M Chinnaswamy Stadium,6,7,85.71428571428571
AB Agarkar,MA Chidambaram Stadium,20,14,142.85714285714286
AB Agarkar,New Wanderers Stadium,39,29,134.48275862068965
AB Agarkar,Newlands,8,4,200.0
AB Agarkar,"Punjab Cricket Association Stadium, Mohali",1,2,50.0
AB Agarkar,Sawai Mansingh Stadium,20,15,133.33333333333331
AB Agarkar,Wankhede Stadium,22,21,104.76190476190477
AB Barath,Barabati Stadium,7,10,70.0
AB Barath,Feroz Shah Kotla,2,5,40.0
AB Barath,"Punjab Cricket Association Stadium, Mohali",33,28,117.85714285714286
AB Dinda,Dubai International Cricket Stadium,2,5,40.0
AB Dinda,Feroz Shah Kotla,0,5,0.0
AB Dinda,M Chinnaswamy Stadium,1,2,50.0
AB Dinda,Maharashtra Cricket Association Stadium,7,9,77.77777777777779
AB Dinda,Newlands,2,2,100.0
AB Dinda,"Punjab Cricket Association Stadium, Mohali",2,5,40.0
AB Dinda,Rajiv Gandhi International Stadium,0,2,0.0
AB Dinda,Sawai Mansingh Stadium,1,3,33.33333333333333
AB Dinda,Sheikh Zayed Stadium,0,3,0.0
AB Dinda,St George's Park,0,1,0.0
AB Dinda,Subrata Roy Sahara Stadium,8,7,114.28571428571428
AB Dinda,Wankhede Stadium,3,6,50.0
AB McDonald,Brabourne Stadium,33,31,106.4516129032258
AB McDonald,Feroz Shah Kotla,14,9,155.55555555555557
AB McDonald,M Chinnaswamy Stadium,57,46,123.91304347826086
AB McDonald,MA Chidambaram Stadium,8,7,114.28571428571428
AB McDonald,New Wanderers Stadium,3,4,75.0
AB McDonald,"Punjab Cricket Association Stadium, Mohali",8,6,133.33333333333331
AB de Villiers,Arun Jaitley Stadium,89,56,158.92857142857142
AB de Villiers,Barabati Stadium,27,26,103.84615384615385
AB de Villiers,Brabourne Stadium,4,7,57.14285714285714
AB de Villiers,Buffalo Park,50,38,131.57894736842107
AB de Villiers,Dr DY Patil Sports Academy,21,17,123.52941176470588
AB de Villiers,Dubai International Cricket Stadium,346,242,142.97520661157023
AB de Villiers,Eden Gardens,159,100,159.0
AB de Villiers,Feroz Shah Kotla,50,34,147.05882352941177
AB de Villiers,Himachal Pradesh Cricket Association Stadium,34,27,125.92592592592592
AB de Villiers,Holkar Cricket Stadium,89,49,181.6326530612245
AB de Villiers,JSCA International Stadium Complex,57,40,142.5
AB de Villiers,Kingsmead,149,90,165.55555555555554
AB de Villiers,M Chinnaswamy Stadium,1973,1251,157.71382893685052
AB de Villiers,MA Chidambaram Stadium,353,223,158.29596412556052
AB de Villiers,Maharashtra Cricket Association Stadium,153,98,156.12244897959184
AB de Villiers,"Narendra Modi Stadium, Ahmedabad",78,52,150.0
AB de Villiers,Nehru Stadium,54,41,131.70731707317074
AB de Villiers,New Wanderers Stadium,68,63,107.93650793650794
AB de Villiers,OUTsurance Oval,90,67,134.32835820895522
AB de Villiers,Punjab Cricket Association IS Bindra Stadium,59,38,155.26315789473685
AB de Villiers,"Punjab Cricket Association IS Bindra Stadium, Mohali",64,35,182.85714285714286
AB de Villiers,"Punjab Cricket Association Stadium, Mohali",107,86,124.4186046511628
AB de Villiers,Rajiv Gandhi International Stadium,86,81,106.17283950617285
AB de Villiers,"Sardar Patel Stadium, Motera",62,60,103.33333333333334
AB de Villiers,Saurashtra Cricket Association Stadium,20,16,125.0
AB de Villiers,Sawai Mansingh Stadium,166,104,159.6153846153846
AB de Villiers,Shaheed Veer Narayan Singh International Stadium,6,9,66.66666666666666
AB de Villiers,Sharjah Cricket Stadium,156,114,136.8421052631579
AB de Villiers,Sheikh Zayed Stadium,118,88,134.0909090909091
AB de Villiers,St George's Park,21,23,91.30434782608695
AB de Villiers,Subrata Roy Sahara Stadium,59,27,218.5185185185185
AB de Villiers,SuperSport Park,87,78,111.53846153846155
AB de Villiers,Wankhede Stadium,307,193,159.06735751295338
AB de Villiers,"Zayed Cricket Stadium, Abu Dhabi",19,14,135.71428571428572
AC Blizzard,Dr DY Patil Sports Academy,6,6,100.0
AC Blizzard,Feroz Shah Kotla,0,3,0.0
AC Blizzard,MA Chidambaram Stadium,10,11,90.9090909090909
AC Blizzard,"Punjab Cricket Association Stadium, Mohali",15,10,150.0
AC Blizzard,Wankhede Stadium,89,61,145.9016393442623
AC Gilchrist,Barabati Stadium,57,27,211.11111111111111
AC Gilchrist,Brabourne Stadium,19,14,135.71428571428572
AC Gilchrist,Buffalo Park,0,1,0.0
AC Gilchrist,De Beers Diamond Oval,30,29,103.44827586206897
AC Gilchrist,Dr DY Patil Sports Academy,183,118,155.08474576271186
AC Gilchrist,Eden Gardens,90,94,95.74468085106383
AC Gilchrist,Feroz Shah Kotla,72,55,130.9090909090909
AC Gilchrist,Himachal Pradesh Cricket Association Stadium,295,204,144.6078431372549
AC Gilchrist,Holkar Cricket Stadium,9,17,52.94117647058824
AC Gilchrist,Kingsmead,143,76,188.1578947368421
AC Gilchrist,M Chinnaswamy Stadium,127,91,139.56043956043956
AC Gilchrist,MA Chidambaram Stadium,92,57,161.4035087719298
AC Gilchrist,New Wanderers Stadium,66,48,137.5
AC Gilchrist,Newlands,84,56,150.0
AC Gilchrist,"Punjab Cricket Association Stadium, Mohali",277,236,117.37288135593221
AC Gilchrist,Rajiv Gandhi International Stadium,202,178,113.48314606741575
AC Gilchrist,"Sardar Patel Stadium, Motera",1,3,33.33333333333333
AC Gilchrist,Sawai Mansingh Stadium,88,70,125.71428571428571
AC Gilchrist,St George's Park,39,36,108.33333333333333
AC Gilchrist,Subrata Roy Sahara Stadium,21,21,100.0
AC Gilchrist,SuperSport Park,133,91,146.15384615384613
AC Gilchrist,"Vidarbha Cricket Association Stadium, Jamtha",41,31,132.25806451612902
AC Gilchrist,Wankhede Stadium,0,2,0.0
AC Thomas,MA Chidambaram Stadium,1,2,50.0
AC Thomas,Subrata Roy Sahara Stadium,19,15,126.66666666666666
AC Thomas,Wankhede Stadium,0,2,0.0
AC Voges,Eden Gardens,8,7,114.28571428571428
AC Voges,Feroz Shah Kotla,15,17,88.23529411764706
AC Voges,"Punjab Cricket Association Stadium, Mohali",45,24,187.5
AC Voges,"Sardar Patel Stadium, Motera",57,41,139.02439024390242
AC Voges,Sawai Mansingh Stadium,56,54,103.7037037037037
AD Hales,Arun Jaitley Stadium,14,10,140.0
AD Hales,M Chinnaswamy Stadium,37,24,154.16666666666669
AD Hales,Maharashtra Cricket Association Stadium,2,9,22.22222222222222
AD Hales,Rajiv Gandhi International Stadium,50,37,135.13513513513513
AD Hales,Sawai Mansingh Stadium,45,39,115.38461538461537
AD Mascarenhas,Brabourne Stadium,9,8,112.5
AD Mascarenhas,Eden Gardens,0,1,0.0
AD Mascarenhas,Newlands,31,31,100.0
AD Mascarenhas,"Punjab Cricket Association Stadium, Mohali",9,10,90.0
AD Mascarenhas,Rajiv Gandhi International Stadium,5,5,100.0
AD Mascarenhas,"Sardar Patel Stadium, Motera",3,3,100.0
AD Mascarenhas,Sawai Mansingh Stadium,9,8,112.5
AD Mascarenhas,Subrata Roy Sahara Stadium,5,5,100.0
AD Mascarenhas,SuperSport Park,8,8,100.0
AD Mathews,Brabourne Stadium,19,22,86.36363636363636
AD Mathews,Dr DY Patil Sports Academy,65,49,132.6530612244898
AD Mathews,Dr. Y.S. Rajasekhara Reddy ACA-VDCA Cricket Stadium,15,11,136.36363636363635
AD Mathews,Eden Gardens,130,102,127.45098039215685
AD Mathews,Feroz Shah Kotla,103,73,141.0958904109589
AD Mathews,M Chinnaswamy Stadium,12,12,100.0
AD Mathews,MA Chidambaram Stadium,75,74,101.35135135135135
AD Mathews,Maharashtra Cricket Association Stadium,26,28,92.85714285714286
AD Mathews,"Punjab Cricket Association Stadium, Mohali",30,22,136.36363636363635
AD Mathews,Rajiv Gandhi International Stadium,39,30,130.0
AD Mathews,Sawai Mansingh Stadium,41,34,120.58823529411764
AD Mathews,Subrata Roy Sahara Stadium,122,99,123.23232323232322
AD Mathews,SuperSport Park,16,14,114.28571428571428
AD Mathews,Wankhede Stadium,31,29,106.89655172413792
AD Nath,Eden Gardens,13,16,81.25
AD Nath,M Chinnaswamy Stadium,49,45,108.88888888888889
AD Nath,Saurashtra Cricket Association Stadium,5,11,45.45454545454545
AD Nath,Sawai Mansingh Stadium,9,13,69.23076923076923
AD Nath,Wankhede Stadium,14,14,100.0
AD Russell,Arun Jaitley Stadium,165,112,147.32142857142858
AD Russell,"Bharat Ratna Shri Atal Bihari Vajpayee Ekana Cricket Stadium, Lucknow",12,11,109.09090909090908
AD Russell,Brabourne Stadium,37,22,168.1818181818182
AD Russell,"Brabourne Stadium, Mumbai",73,49,148.9795918367347
AD Russell,"Dr DY Patil Sports Academy, Mumbai",87,60,145.0
AD Russell,Dr. Y.S. Rajasekhara Reddy ACA-VDCA Cricket Stadium,19,10,190.0
AD Russell,"Dr. Y.S. Rajasekhara Reddy ACA-VDCA Cricket Stadium, Visakhapatnam",41,24,170.83333333333331
AD Russell,Dubai International Cricket Stadium,49,26,188.46153846153845
AD Russell,Eden Gardens,1084,616,175.97402597402598
AD Russell,Feroz Shah Kotla,55,37,148.64864864864865
AD Russell,Holkar Cricket Stadium,31,15,206.66666666666669
AD Russell,JSCA International Stadium Complex,1,5,20.0
AD Russell,M Chinnaswamy Stadium,133,63,211.11111111111111
AD Russell,MA Chidambaram Stadium,215,153,140.52287581699346
AD Russell,"Maharaja Yadavindra Singh International Cricket Stadium, Mullanpur",17,11,154.54545454545453
AD Russell,Maharashtra Cricket Association Stadium,83,48,172.91666666666669
AD Russell,"Maharashtra Cricket Association Stadium, Pune",105,55,190.9090909090909
AD Russell,"Narendra Modi Stadium, Ahmedabad",56,38,147.36842105263156
AD Russell,Punjab Cricket Association IS Bindra Stadium,24,17,141.1764705882353
AD Russell,"Punjab Cricket Association IS Bindra Stadium, Mohali, Chandigarh",35,19,184.21052631578948
AD Russell,Rajiv Gandhi International Stadium,45,34,132.35294117647058
AD Russell,"Sardar Patel Stadium, Motera",1,3,33.33333333333333
AD Russell,Sharjah Cricket Stadium,29,18,161.11111111111111
AD Russell,Sheikh Zayed Stadium,39,38,102.63157894736842
AD Russell,Wankhede Stadium,199,127,156.69291338582678
AD Russell,"Zayed Cricket Stadium, Abu Dhabi",20,15,133.33333333333331
AF Milne,Arun Jaitley Stadium,2,2,100.0
AF Milne,Dubai International Cricket Stadium,15,18,83.33333333333334
AF Milne,M Chinnaswamy Stadium,2,3,66.66666666666666
AF Milne,Maharashtra Cricket Association Stadium,5,8,62.5
AF Milne,Wankhede Stadium,0,1,0.0
AF Milne,"Zayed Cricket Stadium, Abu Dhabi",1,1,100.0
AG Murtaza,M Chinnaswamy Stadium,5,4,125.0
AG Murtaza,Sawai Mansingh Stadium,2,5,40.0
AG Murtaza,Subrata Roy Sahara Stadium,3,5,60.0
AG Paunikar,Eden Gardens,15,15,100.0
AG Paunikar,Rajiv Gandhi International Stadium,20,19,105.26315789473684
AG Paunikar,Sawai Mansingh Stadium,14,27,51.85185185185185
AJ Finch,Arun Jaitley Stadium,2,4,50.0
AJ Finch,"Brabourne Stadium, Mumbai",65,39,166.66666666666669
AJ Finch,Dr DY Patil Sports Academy,25,14,178.57142857142858
AJ Finch,Dubai International Cricket Stadium,249,205,121.46341463414633
AJ Finch,Eden Gardens,116,79,146.8354430379747
AJ Finch,Feroz Shah Kotla,92,78,117.94871794871796
AJ Finch,Green Park,97,71,136.61971830985914
AJ Finch,Holkar Cricket Stadium,60,45,133.33333333333331
AJ Finch,JSCA International Stadium Complex,55,35,157.14285714285714
AJ Finch,M Chinnaswamy Stadium,169,132,128.03030303030303
AJ Finch,MA Chidambaram Stadium,67,46,145.65217391304347
AJ Finch,Maharashtra Cricket Association Stadium,33,26,126.92307692307692
AJ Finch,"Maharashtra Cricket Association Stadium, Pune",14,15,93.33333333333333
AJ Finch,Punjab Cricket Association IS Bindra Stadium,14,7,200.0
AJ Finch,"Punjab Cricket Association IS Bindra Stadium, Mohali",76,50,152.0
AJ Finch,"Punjab Cricket Association Stadium, Mohali",64,43,148.8372093023256
AJ Finch,Rajiv Gandhi International Stadium,169,158,106.9620253164557
AJ Finch,"Sardar Patel Stadium, Motera",19,24,79.16666666666666
AJ Finch,Saurashtra Cricket Association Stadium,136,110,123.63636363636363
AJ Finch,Sawai Mansingh Stadium,56,49,114.28571428571428
AJ Finch,Shaheed Veer Narayan Singh International Stadium,37,34,108.8235294117647
AJ Finch,Sharjah Cricket Stadium,130,117,111.11111111111111
AJ Finch,Sheikh Zayed Stadium,58,67,86.56716417910447
AJ Finch,Subrata Roy Sahara Stadium,161,127,126.77165354330708
AJ Finch,Wankhede Stadium,128,121,105.78512396694215
AJ Hosein,Arun Jaitley Stadium,16,11,145.45454545454547
AJ Hosein,MA Chidambaram Stadium,3,1,300.0
AJ Hosein,Wankhede Stadium,2,2,100.0
AJ Turner,"Bharat Ratna Shri Atal Bihari Vajpayee Ekana Cricket Stadium, Lucknow",21,20,105.0
AJ Turner,Punjab Cricket Association IS Bindra Stadium,0,2,0.0
AJ Turner,Sawai Mansingh Stadium,3,9,33.33333333333333
AJ Tye,Arun Jaitley Stadium,3,9,33.33333333333333
AJ Tye,Holkar Cricket Stadium,14,14,100.0
AJ Tye,M Chinnaswamy Stadium,7,8,87.5
AJ Tye,Maharashtra Cricket Association Stadium,0,2,0.0
AJ Tye,Punjab Cricket Association IS Bindra Stadium,3,6,50.0
AJ Tye,Rajiv Gandhi International Stadium,4,2,200.0
AJ Tye,Saurashtra Cricket Association Stadium,53,30,176.66666666666666
AJ Tye,Sawai Mansingh Stadium,1,1,100.0
AJ Tye,Sharjah Cricket Stadium,6,7,85.71428571428571
AK Markram,Arun Jaitley Stadium,9,16,56.25
AK Markram,"Bharat Ratna Shri Atal Bihari Vajpayee Ekana Cricket Stadium, Lucknow",331,235,140.85106382978722
AK Markram,"Brabourne Stadium, Mumbai",110,62,177.41935483870967
AK Markram,"Dr DY Patil Sports Academy, Mumbai",65,49,132.6530612244898
AK Markram,"Dr. Y.S. Rajasekhara Reddy ACA-VDCA Cricket Stadium, Visakhapatnam",15,13,115.38461538461537
AK Markram,Dubai International Cricket Stadium,57,47,121.27659574468086
AK Markram,Eden Gardens,137,84,163.0952380952381
AK Markram,"Himachal Pradesh Cricket Association Stadium, Dharamsala",13,10,130.0
AK Markram,M Chinnaswamy Stadium,44,26,169.23076923076923
AK Markram,MA Chidambaram Stadium,71,73,97.26027397260275
AK Markram,"Maharaja Yadavindra Singh International Cricket Stadium, Mullanpur",0,2,0.0
AK Markram,"Maharaja Yadavindra Singh International Cricket Stadium, New Chandigarh",42,23,182.6086956521739
AK Markram,"Maharashtra Cricket Association Stadium, Pune",106,77,137.66233766233768
AK Markram,"Narendra Modi Stadium, Ahmedabad",63,54,116.66666666666667
AK Markram,Rajiv Gandhi International Stadium,294,234,125.64102564102564
AK Markram,"Sawai Mansingh Stadium, Jaipur",72,51,141.1764705882353
AK Markram,Sharjah Cricket Stadium,47,46,102.17391304347827
AK Markram,Wankhede Stadium,153,132,115.90909090909092
AK Markram,"Zayed Cricket Stadium, Abu Dhabi",42,30,140.0
AL Menaria,Eden Gardens,22,25,88.0
AL Menaria,Feroz Shah Kotla,1,2,50.0
AL Menaria,Holkar Cricket Stadium,31,30,103.33333333333334
AL Menaria,MA Chidambaram Stadium,38,42,90.47619047619048
AL Menaria,"Punjab Cricket Association Stadium, Mohali",68,54,125.92592592592592
AL Menaria,Rajiv Gandhi International Stadium,20,17,117.64705882352942
AL Menaria,Sawai Mansingh Stadium,183,160,114.375
AL Menaria,Subrata Roy Sahara Stadium,18,21,85.71428571428571
AL Menaria,Wankhede Stadium,20,16,125.0
AM Ghazanfar,Wankhede Stadium,2,3,66.66666666666666
AM Nayar,Buffalo Park,28,41,68.29268292682927
AM Nayar,Dr DY Patil Sports Academy,109,102,106.86274509803921
AM Nayar,Dubai International Cricket Stadium,5,8,62.5
AM Nayar,Eden Gardens,0,2,0.0
AM Nayar,Feroz Shah Kotla,18,16,112.5
AM Nayar,Himachal Pradesh Cricket Association Stadium,3,7,42.857142857142854
AM Nayar,Kingsmead,60,42,142.85714285714286
AM Nayar,M Chinnaswamy Stadium,12,14,85.71428571428571
AM Nayar,MA Chidambaram Stadium,45,21,214.28571428571428
AM Nayar,Maharashtra Cricket Association Stadium,0,2,0.0
AM Nayar,New Wanderers Stadium,29,20,145.0
AM Nayar,Newlands,35,14,250.0
AM Nayar,"Punjab Cricket Association Stadium, Mohali",14,17,82.35294117647058
AM Nayar,Rajiv Gandhi International Stadium,70,48,145.83333333333331
AM Nayar,Sawai Mansingh Stadium,35,29,120.6896551724138
AM Nayar,Sharjah Cricket Stadium,23,21,109.52380952380953
AM Nayar,Sheikh Zayed Stadium,15,21,71.42857142857143
AM Nayar,St George's Park,36,30,120.0
AM Nayar,Subrata Roy Sahara Stadium,63,75,84.0
AM Nayar,SuperSport Park,5,8,62.5
AM Nayar,Wankhede Stadium,67,50,134.0
AM Rahane,Arun Jaitley Stadium,56,36,155.55555555555557
AM Rahane,"Barsapara Cricket Stadium, Guwahati",18,15,120.0
AM Rahane,"Bharat Ratna Shri Atal Bihari Vajpayee Ekana Cricket Stadium, Lucknow",46,40,114.99999999999999
AM Rahane,Brabourne Stadium,136,84,161.9047619047619
AM Rahane,"Brabourne Stadium, Mumbai",8,14,57.14285714285714
AM Rahane,Buffalo Park,22,20,110.00000000000001
AM Rahane,Dr DY Patil Sports Academy,0,7,0.0
AM Rahane,"Dr DY Patil Sports Academy, Mumbai",34,35,97.14285714285714
AM Rahane,Dr. Y.S. Rajasekhara Reddy ACA-VDCA Cricket Stadium,123,112,109.82142857142858
AM Rahane,"Dr. Y.S. Rajasekhara Reddy ACA-VDCA Cricket Stadium, Visakhapatnam",45,31,145.16129032258064
AM Rahane,Dubai International Cricket Stadium,45,51,88.23529411764706
AM Rahane,Eden Gardens,669,499,134.06813627254508
AM Rahane,Feroz Shah Kotla,252,213,118.30985915492957
AM Rahane,"Himachal Pradesh Cricket Association Stadium, Dharamsala",9,8,112.5
AM Rahane,Holkar Cricket Stadium,32,31,103.2258064516129
AM Rahane,JSCA International Stadium Complex,4,7,57.14285714285714
AM Rahane,Kingsmead,3,7,42.857142857142854
AM Rahane,M Chinnaswamy Stadium,351,235,149.36170212765958
AM Rahane,MA Chidambaram Stadium,299,253,118.18181818181819
AM Rahane,"Maharaja Yadavindra Singh International Cricket Stadium, Mullanpur",17,17,100.0
AM Rahane,Maharashtra Cricket Association Stadium,404,352,114.77272727272727
AM Rahane,"Maharashtra Cricket Association Stadium, Pune",35,36,97.22222222222221
AM Rahane,"Narendra Modi Stadium, Ahmedabad",28,20,140.0
AM Rahane,New Wanderers Stadium,0,1,0.0
AM Rahane,Punjab Cricket Association IS Bindra Stadium,26,21,123.80952380952381
AM Rahane,"Punjab Cricket Association IS Bindra Stadium, Mohali",9,11,81.81818181818183
AM Rahane,"Punjab Cricket Association Stadium, Mohali",87,86,101.16279069767442
AM Rahane,Rajiv Gandhi International Stadium,245,226,108.4070796460177
AM Rahane,"Sardar Patel Stadium, Motera",308,237,129.957805907173
AM Rahane,Saurashtra Cricket Association Stadium,21,20,105.0
AM Rahane,Sawai Mansingh Stadium,1100,923,119.1765980498375
AM Rahane,"Sawai Mansingh Stadium, Jaipur",15,13,115.38461538461537
AM Rahane,"Shaheed Veer Narayan Singh International Stadium, Raipur",19,13,146.15384615384613
AM Rahane,Sharjah Cricket Stadium,21,18,116.66666666666667
AM Rahane,Sheikh Zayed Stadium,229,199,115.07537688442211
AM Rahane,St George's Park,62,52,119.23076923076923
AM Rahane,Subrata Roy Sahara Stadium,30,30,100.0
AM Rahane,SuperSport Park,57,48,118.75
AM Rahane,Wankhede Stadium,502,370,135.67567567567568
AN Ahmed,Eden Gardens,5,2,250.0
AN Ahmed,JSCA International Stadium Complex,4,1,400.0
AN Ahmed,M Chinnaswamy Stadium,5,3,166.66666666666669
AN Ahmed,MA Chidambaram Stadium,22,21,104.76190476190477
AN Ghosh,St George's Park,0,1,0.0
AN Ghosh,SuperSport Park,7,7,100.0
AP Dole,Sawai Mansingh Stadium,30,19,157.89473684210526
AP Dole,"Vidarbha Cricket Association Stadium, Jamtha",4,4,100.0
AP Majumdar,Sawai Mansingh Stadium,9,8,112.5
AP Majumdar,Subrata Roy Sahara Stadium,78,69,113.04347826086956
AP Tare,Barabati Stadium,2,3,66.66666666666666
AP Tare,Brabourne Stadium,32,29,110.34482758620689
AP Tare,Dubai International Cricket Stadium,47,44,106.81818181818181
AP Tare,Eden Gardens,43,39,110.25641025641026
AP Tare,Feroz Shah Kotla,24,17,141.1764705882353
AP Tare,Himachal Pradesh Cricket Association Stadium,22,12,183.33333333333331
AP Tare,M Chinnaswamy Stadium,18,18,100.0
AP Tare,Maharashtra Cricket Association Stadium,0,6,0.0
AP Tare,Rajiv Gandhi International Stadium,8,15,53.333333333333336
AP Tare,Sharjah Cricket Stadium,8,12,66.66666666666666
AP Tare,Sheikh Zayed Stadium,24,22,109.09090909090908
AP Tare,Wankhede Stadium,111,68,163.23529411764704
AR Bawne,Eden Gardens,12,12,100.0
AR Patel,Arun Jaitley Stadium,525,368,142.66304347826087
AR Patel,Barabati Stadium,1,1,100.0
AR Patel,"Barsapara Cricket Stadium, Guwahati",2,7,28.57142857142857
AR Patel,"Bharat Ratna Shri Atal Bihari Vajpayee Ekana Cricket Stadium, Lucknow",50,34,147.05882352941177
AR Patel,"Brabourne Stadium, Mumbai",60,31,193.5483870967742
AR Patel,"Dr DY Patil Sports Academy, Mumbai",18,24,75.0
AR Patel,Dr. Y.S. Rajasekhara Reddy ACA-VDCA Cricket Stadium,4,12,33.33333333333333
AR Patel,"Dr. Y.S. Rajasekhara Reddy ACA-VDCA Cricket Stadium, Visakhapatnam",29,20,145.0
AR Patel,Dubai International Cricket Stadium,80,81,98.76543209876543
AR Patel,Eden Gardens,77,58,132.75862068965517
AR Patel,Feroz Shah Kotla,119,115,103.47826086956522
AR Patel,"Himachal Pradesh Cricket Association Stadium, Dharamsala",56,38,147.36842105263156
AR Patel,Holkar Cricket Stadium,82,80,102.49999999999999
AR Patel,M Chinnaswamy Stadium,218,144,151.38888888888889
AR Patel,MA Chidambaram Stadium,61,49,124.48979591836735
AR Patel,"Maharaja Yadavindra Singh International Cricket Stadium, Mullanpur",21,13,161.53846153846155
AR Patel,Maharashtra Cricket Association Stadium,75,75,100.0
AR Patel,"Maharashtra Cricket Association Stadium, Pune",8,4,200.0
AR Patel,"Narendra Modi Stadium, Ahmedabad",66,65,101.53846153846153
AR Patel,"Punjab Cricket Association IS Bindra Stadium, Mohali",55,38,144.73684210526315
AR Patel,"Punjab Cricket Association Stadium, Mohali",75,66,113.63636363636364
AR Patel,Rajiv Gandhi International Stadium,114,98,116.3265306122449
AR Patel,"Sardar Patel Stadium, Motera",12,7,171.42857142857142
AR Patel,Saurashtra Cricket Association Stadium,34,20,170.0
AR Patel,Sawai Mansingh Stadium,9,5,180.0
AR Patel,"Sawai Mansingh Stadium, Jaipur",15,15,100.0
AR Patel,Sharjah Cricket Stadium,51,36,141.66666666666669
AR Patel,Sheikh Zayed Stadium,23,28,82.14285714285714
AR Patel,Wankhede Stadium,137,93,147.31182795698925
AR Patel,"Zayed Cricket Stadium, Abu Dhabi",12,10,120.0
AS Joseph,"Dr DY Patil Sports Academy, Mumbai",5,6,83.33333333333334
AS Joseph,"Maharashtra Cricket Association Stadium, Pune",0,1,0.0
AS Joseph,Wankhede Stadium,22,25,88.0
AS Rajpoot,Dubai International Cricket Stadium,7,5,140.0
AS Rajpoot,Holkar Cricket Stadium,1,5,20.0
AS Rajpoot,M Chinnaswamy Stadium,4,7,57.14285714285714
AS Rajpoot,MA Chidambaram Stadium,2,6,33.33333333333333
AS Rajpoot,Maharashtra Cricket Association Stadium,2,4,50.0
AS Rajpoot,Rajiv Gandhi International Stadium,8,9,88.88888888888889
AS Rajpoot,Sheikh Zayed Stadium,2,5,40.0
AS Raut,De Beers Diamond Oval,8,7,114.28571428571428
AS Raut,Eden Gardens,13,19,68.42105263157895
AS Raut,Kingsmead,1,1,100.0
AS Raut,MA Chidambaram Stadium,2,4,50.0
AS Raut,Newlands,22,21,104.76190476190477
AS Raut,OUTsurance Oval,11,13,84.61538461538461
AS Raut,"Punjab Cricket Association Stadium, Mohali",25,21,119.04761904761905
AS Raut,Sawai Mansingh Stadium,76,60,126.66666666666666
AS Raut,St George's Park,36,23,156.52173913043478
AS Raut,"Vidarbha Cricket Association Stadium, Jamtha",0,3,0.0
AS Roy,Arun Jaitley Stadium,0,2,0.0
AS Roy,"Bharat Ratna Shri Atal Bihari Vajpayee Ekana Cricket Stadium, Lucknow",0,1,0.0
AS Roy,Eden Gardens,48,38,126.3157894736842
AS Roy,MA Chidambaram Stadium,4,4,100.0
AS Roy,"Maharashtra Cricket Association Stadium, Pune",0,2,0.0
AS Roy,"Narendra Modi Stadium, Ahmedabad",9,7,128.57142857142858
AS Roy,"Punjab Cricket Association IS Bindra Stadium, Mohali, Chandigarh",4,5,80.0
AS Roy,Rajiv Gandhi International Stadium,13,7,185.71428571428572
AS Yadav,Eden Gardens,10,10,100.0
AS Yadav,M Chinnaswamy Stadium,3,4,75.0
AS Yadav,Rajiv Gandhi International Stadium,36,26,138.46153846153845
AT Carey,Dubai International Cricket Stadium,14,13,107.6923076923077
AT Carey,Sharjah Cricket Stadium,4,7,57.14285714285714
AT Carey,Sheikh Zayed Stadium,14,9,155.55555555555557
AT Rayudu,Arun Jaitley Stadium,127,62,204.83870967741936
AT Rayudu,Barabati Stadium,33,28,117.85714285714286
AT Rayudu,Brabourne Stadium,148,106,139.62264150943395
AT Rayudu,"Brabourne Stadium, Mumbai",43,49,87.75510204081633
AT Rayudu,Dr DY Patil Sports Academy,94,91,103.29670329670331
AT Rayudu,"Dr DY Patil Sports Academy, Mumbai",72,71,101.40845070422534
AT Rayudu,Dr. Y.S. Rajasekhara Reddy ACA-VDCA Cricket Stadium,58,58,100.0
AT Rayudu,Dubai International Cricket Stadium,299,255,117.25490196078432
AT Rayudu,Eden Gardens,236,172,137.2093023255814
AT Rayudu,Feroz Shah Kotla,182,140,130.0
AT Rayudu,Himachal Pradesh Cricket Association Stadium,26,23,113.04347826086956
AT Rayudu,M Chinnaswamy Stadium,394,312,126.28205128205127
AT Rayudu,MA Chidambaram Stadium,333,313,106.38977635782747
AT Rayudu,Maharashtra Cricket Association Stadium,264,191,138.2198952879581
AT Rayudu,"Maharashtra Cricket Association Stadium, Pune",56,39,143.5897435897436
AT Rayudu,"Narendra Modi Stadium, Ahmedabad",31,20,155.0
AT Rayudu,Punjab Cricket Association IS Bindra Stadium,50,39,128.2051282051282
AT Rayudu,"Punjab Cricket Association IS Bindra Stadium, Mohali",65,37,175.67567567567568
AT Rayudu,"Punjab Cricket Association Stadium, Mohali",101,69,146.3768115942029
AT Rayudu,Rajiv Gandhi International Stadium,280,215,130.2325581395349
AT Rayudu,Sawai Mansingh Stadium,107,103,103.88349514563106
AT Rayudu,"Sawai Mansingh Stadium, Jaipur",0,2,0.0
AT Rayudu,Sharjah Cricket Stadium,110,85,129.41176470588235
AT Rayudu,Sheikh Zayed Stadium,192,167,114.97005988023952
AT Rayudu,Subrata Roy Sahara Stadium,27,26,103.84615384615385
AT Rayudu,Wankhede Stadium,1008,803,125.52926525529264
AT Rayudu,"Zayed Cricket Stadium, Abu Dhabi",12,14,85.71428571428571
AU Rashid,"Bharat Ratna Shri Atal Bihari Vajpayee Ekana Cricket Stadium, Lucknow",4,3,133.33333333333331
AU Rashid,Rajiv Gandhi International Stadium,18,14,128.57142857142858
AUK Pathan,Himachal Pradesh Cricket Association Stadium,7,4,175.0
AUK Pathan,M Chinnaswamy Stadium,6,11,54.54545454545454
AUK Pathan,MA Chidambaram Stadium,14,6,233.33333333333334
AUK Pathan,Nehru Stadium,12,5,240.0
Abdul Basith,M Chinnaswamy Stadium,1,1,100.0
Abdul Samad,Arun Jaitley Stadium,51,39,130.76923076923077
Abdul Samad,"Bharat Ratna Shri Atal Bihari Vajpayee Ekana Cricket Stadium, Lucknow",178,128,139.0625
Abdul Samad,"Dr DY Patil Sports Academy, Mumbai",0,1,0.0
Abdul Samad,Dubai International Cricket Stadium,76,57,133.33333333333331
Abdul Samad,Eden Gardens,23,20,114.99999999999999
Abdul Samad,"Himachal Pradesh Cricket Association Stadium, Dharamsala",45,27,166.66666666666669
Abdul Samad,M Chinnaswamy Stadium,37,13,284.61538461538464
Abdul Samad,MA Chidambaram Stadium,49,42,116.66666666666667
Abdul Samad,"Maharaja Yadavindra Singh International Cricket Stadium, Mullanpur",25,13,192.30769230769232
Abdul Samad,"Maharashtra Cricket Association Stadium, Pune",4,6,66.66666666666666
Abdul Samad,"Narendra Modi Stadium, Ahmedabad",49,30,163.33333333333334
Abdul Samad,Rajiv Gandhi International Stadium,158,124,127.41935483870968
Abdul Samad,"Sawai Mansingh Stadium, Jaipur",47,17,276.4705882352941
Abdul Samad,Sharjah Cricket Stadium,39,26,150.0
Abdul Samad,Sheikh Zayed Stadium,70,40,175.0
Abdul Samad,Wankhede Stadium,5,9,55.55555555555556
Abdul Samad,"Zayed Cricket Stadium, Abu Dhabi",3,6,50.0
Abdur Razzak,Sawai Mansingh Stadium,0,2,0.0
Abhishek Sharma,Arun Jaitley Stadium,208,102,203.92156862745097
Abhishek Sharma,"Bharat Ratna Shri Atal Bihari Vajpayee Ekana Cricket Stadium, Lucknow",93,40,232.50000000000003
Abhishek Sharma,"Brabourne Stadium, Mumbai",57,45,126.66666666666666
Abhishek Sharma,"Dr DY Patil Sports Academy, Mumbai",161,122,131.9672131147541
Abhishek Sharma,"Dr. Y.S. Rajasekhara Reddy ACA-VDCA Cricket Stadium, Visakhapatnam",1,1,100.0
Abhishek Sharma,Dubai International Cricket Stadium,77,64,120.3125
Abhishek Sharma,Eden Gardens,114,66,172.72727272727272
Abhishek Sharma,M Chinnaswamy Stadium,41,34,120.58823529411764
Abhishek Sharma,MA Chidambaram Stadium,96,81,118.5185185185185
Abhishek Sharma,"Maharaja Yadavindra Singh International Cricket Stadium, Mullanpur",16,12,133.33333333333331
Abhishek Sharma,"Maharaja Yadavindra Singh International Cricket Stadium, New Chandigarh",74,36,205.55555555555554
Abhishek Sharma,"Maharashtra Cricket Association Stadium, Pune",91,71,128.16901408450704
Abhishek Sharma,"Narendra Modi Stadium, Ahmedabad",117,80,146.25
Abhishek Sharma,Rajiv Gandhi International Stadium,821,416,197.35576923076923
Abhishek Sharma,"Sawai Mansingh Stadium, Jaipur",112,69,162.31884057971016
Abhishek Sharma,Sharjah Cricket Stadium,36,32,112.5
Abhishek Sharma,Sheikh Zayed Stadium,3,4,75.0
Abhishek Sharma,Wankhede Stadium,215,170,126.47058823529412
Abhishek Sharma,"Zayed Cricket Stadium, Abu Dhabi",46,26,176.9230769230769
Abishek Porel,Arun Jaitley Stadium,447,302,148.01324503311258
Abishek Porel,"Barsapara Cricket Stadium, Guwahati",7,9,77.77777777777779
Abishek Porel,"Bharat Ratna Shri Atal Bihari Vajpayee Ekana Cricket Stadium, Lucknow",51,36,141.66666666666669
Abishek Porel,"Dr. Y.S. Rajasekhara Reddy ACA-VDCA Cricket Stadium, Visakhapatnam",43,32,134.375
Abishek Porel,Eden Gardens,40,36,111.11111111111111
Abishek Porel,"Himachal Pradesh Cricket Association Stadium, Dharamsala",5,6,83.33333333333334
Abishek Porel,M Chinnaswamy Stadium,14,18,77.77777777777779
Abishek Porel,MA Chidambaram Stadium,33,20,165.0
Abishek Porel,"Maharaja Yadavindra Singh International Cricket Stadium, Mullanpur",32,10,320.0
Abishek Porel,"Narendra Modi Stadium, Ahmedabad",33,19,173.6842105263158
Abishek Porel,Rajiv Gandhi International Stadium,8,10,80.0
Abishek Porel,"Sawai Mansingh Stadium, Jaipur",9,10,90.0
Abishek Porel,Wankhede Stadium,47,40,117.5
Akash Deep,"Bharat Ratna Shri Atal Bihari Vajpayee Ekana Cricket Stadium, Lucknow",6,2,300.0
Akash Deep,"Dr DY Patil Sports Academy, Mumbai",0,2,0.0
Akash Deep,Eden Gardens,17,8,212.5
Akash Deep,Wankhede Stadium,2,2,100.0
Akash Madhwal,"Sawai Mansingh Stadium, Jaipur",4,9,44.44444444444444
Akash Madhwal,Wankhede Stadium,4,5,80.0
Akshat Raghuwanshi,MA Chidambaram Stadium,18,20,90.0
Akshat Raghuwanshi,Wankhede Stadium,11,7,157.14285714285714
Aman Hakim Khan,Arun Jaitley Stadium,31,39,79.48717948717949
Aman Hakim Khan,"Bharat Ratna Shri Atal Bihari Vajpayee Ekana Cricket Stadium, Lucknow",4,5,80.0
Aman Hakim Khan,"Brabourne Stadium, Mumbai",5,3,166.66666666666669
Aman Hakim Khan,M Chinnaswamy Stadium,18,11,163.63636363636365
Aman Hakim Khan,MA Chidambaram Stadium,2,5,40.0
Aman Hakim Khan,"Narendra Modi Stadium, Ahmedabad",51,44,115.90909090909092
Aman Hakim Khan,Rajiv Gandhi International Stadium,4,2,200.0
Aniket Verma,Arun Jaitley Stadium,12,6,200.0
Aniket Verma,"Bharat Ratna Shri Atal Bihari Vajpayee Ekana Cricket Stadium, Lucknow",31,11,281.8181818181818
Aniket Verma,"Dr. Y.S. Rajasekhara Reddy ACA-VDCA Cricket Stadium, Visakhapatnam",74,42,176.19047619047618
Aniket Verma,Eden Gardens,7,13,53.84615384615385
Aniket Verma,M Chinnaswamy Stadium,43,18,238.88888888888889
Aniket Verma,MA Chidambaram Stadium,19,21,90.47619047619048
Aniket Verma,"Maharaja Yadavindra Singh International Cricket Stadium, New Chandigarh",18,9,200.0
Aniket Verma,"Narendra Modi Stadium, Ahmedabad",3,7,42.857142857142854
Aniket Verma,Rajiv Gandhi International Stadium,89,68,130.88235294117646
Aniket Verma,"Sawai Mansingh Stadium, Jaipur",1,2,50.0
Aniket Verma,Wankhede Stadium,18,8,225.0
Anirudh Singh,Barabati Stadium,0,1,0.0
Anirudh Singh,Dr DY Patil Sports Academy,54,56,96.42857142857143
Anirudh Singh,"Vidarbha Cricket Association Stadium, Jamtha",9,12,75.0
Ankit Sharma,Barabati Stadium,1,2,50.0
Ankit Sharma,Dr. Y.S. Rajasekhara Reddy ACA-VDCA Cricket Stadium,16,10,160.0
Ankit Sharma,Feroz Shah Kotla,1,1,100.0
Ankit Sharma,JSCA International Stadium Complex,30,27,111.11111111111111
Ankit Sharma,MA Chidambaram Stadium,0,1,0.0
Ankit Sharma,Maharashtra Cricket Association Stadium,10,8,125.0
Ankit Sharma,"Sardar Patel Stadium, Motera",4,4,100.0
Ankit Sharma,Saurashtra Cricket Association Stadium,25,16,156.25
Ankit Soni,Green Park,0,6,0.0
Ankit Soni,Maharashtra Cricket Association Stadium,0,1,0.0
Ankit Soni,Saurashtra Cricket Association Stadium,7,2,350.0
Anmolpreet Singh,"Bharat Ratna Shri Atal Bihari Vajpayee Ekana Cricket Stadium, Lucknow",31,27,114.81481481481481
Anmolpreet Singh,"Brabourne Stadium, Mumbai",8,9,88.88888888888889
Anmolpreet Singh,"Dr DY Patil Sports Academy, Mumbai",5,4,125.0
Anmolpreet Singh,Dubai International Cricket Stadium,16,14,114.28571428571428
Anmolpreet Singh,MA Chidambaram Stadium,0,1,0.0
Anmolpreet Singh,"Narendra Modi Stadium, Ahmedabad",5,4,125.0
Anmolpreet Singh,Rajiv Gandhi International Stadium,41,33,124.24242424242425
Anmolpreet Singh,"Sawai Mansingh Stadium, Jaipur",33,25,132.0
Anuj Rawat,Arun Jaitley Stadium,8,3,266.66666666666663
Anuj Rawat,"Bharat Ratna Shri Atal Bihari Vajpayee Ekana Cricket Stadium, Lucknow",9,11,81.81818181818183
Anuj Rawat,"Brabourne Stadium, Mumbai",0,2,0.0
Anuj Rawat,"Dr DY Patil Sports Academy, Mumbai",37,45,82.22222222222221
Anuj Rawat,Eden Gardens,1,5,20.0
Anuj Rawat,M Chinnaswamy Stadium,88,92,95.65217391304348
Anuj Rawat,MA Chidambaram Stadium,48,26,184.6153846153846
Anuj Rawat,"Maharashtra Cricket Association Stadium, Pune",66,49,134.6938775510204
Anuj Rawat,"Sawai Mansingh Stadium, Jaipur",29,11,263.6363636363636
Anuj Rawat,Sharjah Cricket Stadium,0,1,0.0
Anuj Rawat,Wankhede Stadium,32,31,103.2258064516129
Anureet Singh,Eden Gardens,3,4,75.0
Anureet Singh,Feroz Shah Kotla,8,3,266.66666666666663
Anureet Singh,M Chinnaswamy Stadium,0,2,0.0
Anureet Singh,MA Chidambaram Stadium,10,20,50.0
Anureet Singh,Maharashtra Cricket Association Stadium,0,4,0.0
Anureet Singh,"Punjab Cricket Association IS Bindra Stadium, Mohali",15,12,125.0
Anureet Singh,"Punjab Cricket Association Stadium, Mohali",0,2,0.0
Arjun Tendulkar,"Bharat Ratna Shri Atal Bihari Vajpayee Ekana Cricket Stadium, Lucknow",5,5,100.0
Arjun Tendulkar,"Narendra Modi Stadium, Ahmedabad",13,9,144.44444444444443
Arshad Khan,Arun Jaitley Stadium,58,34,170.58823529411765
Arshad Khan,"Bharat Ratna Shri Atal Bihari Vajpayee Ekana Cricket Stadium, Lucknow",20,17,117.64705882352942
Arshad Khan,M Chinnaswamy Stadium,15,9,166.66666666666669
Arshad Khan,MA Chidambaram Stadium,1,2,50.0
Arshad Khan,"Narendra Modi Stadium, Ahmedabad",45,34,132.35294117647058
Arshad Khan,Wankhede Stadium,3,6,50.0
Arshad Khan (2),Eden Gardens,5,4,125.0
Arshdeep Singh,"Brabourne Stadium, Mumbai",19,22,86.36363636363636
Arshdeep Singh,"Dr DY Patil Sports Academy, Mumbai",2,4,50.0
Arshdeep Singh,Dubai International Cricket Stadium,0,3,0.0
Arshdeep Singh,"Himachal Pradesh Cricket Association Stadium, Dharamsala",4,4,100.0
Arshdeep Singh,MA Chidambaram Stadium,1,2,50.0
Arshdeep Singh,"Maharaja Yadavindra Singh International Cricket Stadium, Mullanpur",2,6,33.33333333333333
Arshdeep Singh,"Maharashtra Cricket Association Stadium, Pune",0,3,0.0
Arshdeep Singh,"Narendra Modi Stadium, Ahmedabad",2,2,100.0
Arshdeep Singh,"Punjab Cricket Association IS Bindra Stadium, Mohali, Chandigarh",2,2,100.0
Arshdeep Singh,Wankhede Stadium,0,1,0.0
Ashok Sharma,"Narendra Modi Stadium, Ahmedabad",1,5,20.0
Ashutosh Sharma,Arun Jaitley Stadium,112,79,141.77215189873417
Ashutosh Sharma,"Barsapara Cricket Stadium, Guwahati",17,11,154.54545454545453
Ashutosh Sharma,"Dr. Y.S. Rajasekhara Reddy ACA-VDCA Cricket Stadium, Visakhapatnam",66,31,212.9032258064516
Ashutosh Sharma,Eden Gardens,18,11,163.63636363636365
Ashutosh Sharma,"Himachal Pradesh Cricket Association Stadium, Dharamsala",35,25,140.0
Ashutosh Sharma,MA Chidambaram Stadium,20,11,181.8181818181818
Ashutosh Sharma,"Maharaja Yadavindra Singh International Cricket Stadium, Mullanpur",128,71,180.2816901408451
Ashutosh Sharma,"Narendra Modi Stadium, Ahmedabad",68,39,174.35897435897436
Ashutosh Sharma,Rajiv Gandhi International Stadium,57,44,129.54545454545453
Ashutosh Sharma,"Sawai Mansingh Stadium, Jaipur",25,18,138.88888888888889
Ashutosh Sharma,Wankhede Stadium,18,16,112.5
Ashwani Kumar,Wankhede Stadium,1,6,16.666666666666664
Atharva Taide,"Bharat Ratna Shri Atal Bihari Vajpayee Ekana Cricket Stadium, Lucknow",13,14,92.85714285714286
Atharva Taide,"Himachal Pradesh Cricket Association Stadium, Dharamsala",74,55,134.54545454545453
Atharva Taide,MA Chidambaram Stadium,13,17,76.47058823529412
Atharva Taide,"Maharaja Yadavindra Singh International Cricket Stadium, Mullanpur",15,14,107.14285714285714
Atharva Taide,"Punjab Cricket Association IS Bindra Stadium, Mohali, Chandigarh",70,42,166.66666666666669
Atharva Taide,Rajiv Gandhi International Stadium,46,27,170.37037037037038
Atharva Taide,Wankhede Stadium,29,19,152.63157894736844
Auqib Nabi,"Himachal Pradesh Cricket Association Stadium, Dharamsala",10,2,500.0
Auqib Nabi,MA Chidambaram Stadium,4,2,200.0
Avesh Khan,Arun Jaitley Stadium,7,3,233.33333333333334
Avesh Khan,"Barsapara Cricket Stadium, Guwahati",3,2,150.0
Avesh Khan,"Bharat Ratna Shri Atal Bihari Vajpayee Ekana Cricket Stadium, Lucknow",6,5,120.0
Avesh Khan,"Brabourne Stadium, Mumbai",1,2,50.0
Avesh Khan,Eden Gardens,1,3,33.33333333333333
Avesh Khan,"Himachal Pradesh Cricket Association Stadium, Dharamsala",19,10,190.0
Avesh Khan,M Chinnaswamy Stadium,1,3,33.33333333333333
Avesh Khan,"Maharashtra Cricket Association Stadium, Pune",14,9,155.55555555555557
Avesh Khan,Punjab Cricket Association IS Bindra Stadium,4,3,133.33333333333331
Avesh Khan,Sharjah Cricket Stadium,5,3,166.66666666666669
Avesh Khan,Wankhede Stadium,7,3,233.33333333333334
Azhar Mahmood,Brabourne Stadium,6,8,75.0
Azhar Mahmood,Eden Gardens,2,7,28.57142857142857
Azhar Mahmood,Feroz Shah Kotla,9,7,128.57142857142858
Azhar Mahmood,Himachal Pradesh Cricket Association Stadium,134,105,127.6190476190476
Azhar Mahmood,M Chinnaswamy Stadium,63,46,136.95652173913044
Azhar Mahmood,MA Chidambaram Stadium,18,13,138.46153846153845
Azhar Mahmood,"Punjab Cricket Association Stadium, Mohali",96,71,135.2112676056338
Azhar Mahmood,Rajiv Gandhi International Stadium,18,13,138.46153846153845
Azhar Mahmood,Sawai Mansingh Stadium,23,20,114.99999999999999
Azhar Mahmood,Wankhede Stadium,19,21,90.47619047619048
Azmatullah Omarzai,Arun Jaitley Stadium,1,2,50.0
Azmatullah Omarzai,"Himachal Pradesh Cricket Association Stadium, Dharamsala",52,28,185.71428571428572
Azmatullah Omarzai,MA Chidambaram Stadium,11,11,100.0
Azmatullah Omarzai,"Maharaja Yadavindra Singh International Cricket Stadium, Mullanpur",31,22,140.9090909090909
Azmatullah Omarzai,"Narendra Modi Stadium, Ahmedabad",34,28,121.42857142857142
Azmatullah Omarzai,"Sawai Mansingh Stadium, Jaipur",22,14,157.14285714285714
B Akhil,Kingsmead,0,2,0.0
B Akhil,M Chinnaswamy Stadium,10,12,83.33333333333334
B Akhil,MA Chidambaram Stadium,6,7,85.71428571428571
B Akhil,Nehru Stadium,13,9,144.44444444444443
B Akhil,Newlands,9,9,100.0
B Akhil,Rajiv Gandhi International Stadium,27,7,385.7142857142857
B Akhil,St George's Park,8,5,160.0
B Akhil,Wankhede Stadium,3,6,50.0
B Chipli,Dr DY Patil Sports Academy,5,4,125.0
B Chipli,Dr. Y.S. Rajasekhara Reddy ACA-VDCA Cricket Stadium,11,15,73.33333333333333
B Chipli,Eden Gardens,48,41,117.07317073170731
B Chipli,Feroz Shah Kotla,30,20,150.0
B Chipli,M Chinnaswamy Stadium,20,30,66.66666666666666
B Chipli,MA Chidambaram Stadium,17,15,113.33333333333333
B Chipli,Nehru Stadium,4,10,40.0
B Chipli,Rajiv Gandhi International Stadium,118,88,134.0909090909091
B Chipli,Subrata Roy Sahara Stadium,16,19,84.21052631578947
B Chipli,Wankhede Stadium,11,14,78.57142857142857
B Indrajith,"Maharashtra Cricket Association Stadium, Pune",0,6,0.0
B Indrajith,Wankhede Stadium,21,25,84.0
B Kumar,Arun Jaitley Stadium,14,10,140.0
B Kumar,"Barsapara Cricket Stadium, Guwahati",9,8,112.5
B Kumar,"Bharat Ratna Shri Atal Bihari Vajpayee Ekana Cricket Stadium, Lucknow",3,2,150.0
B Kumar,"Brabourne Stadium, Mumbai",5,3,166.66666666666669
B Kumar,Dr DY Patil Sports Academy,1,1,100.0
B Kumar,"Dr DY Patil Sports Academy, Mumbai",1,2,50.0
B Kumar,Dr. Y.S. Rajasekhara Reddy ACA-VDCA Cricket Stadium,1,2,50.0
B Kumar,Dubai International Cricket Stadium,12,14,85.71428571428571
B Kumar,Eden Gardens,32,17,188.23529411764704
B Kumar,Feroz Shah Kotla,1,2,50.0
B Kumar,M Chinnaswamy Stadium,27,40,67.5
B Kumar,MA Chidambaram Stadium,9,15,60.0
B Kumar,"Maharaja Yadavindra Singh International Cricket Stadium, Mullanpur",6,8,75.0
B Kumar,Maharashtra Cricket Association Stadium,0,1,0.0
B Kumar,"Maharashtra Cricket Association Stadium, Pune",9,12,75.0
B Kumar,"Narendra Modi Stadium, Ahmedabad",43,49,87.75510204081633
B Kumar,Rajiv Gandhi International Stadium,58,66,87.87878787878788
B Kumar,"Sardar Patel Stadium, Motera",0,1,0.0
B Kumar,Sawai Mansingh Stadium,4,9,44.44444444444444
B Kumar,Shaheed Veer Narayan Singh International Stadium,13,7,185.71428571428572
B Kumar,"Shaheed Veer Narayan Singh International Stadium, Raipur",7,3,233.33333333333334
B Kumar,Sharjah Cricket Stadium,6,9,66.66666666666666
B Kumar,Subrata Roy Sahara Stadium,59,65,90.76923076923077
B Kumar,Wankhede Stadium,34,46,73.91304347826086
B Laughlin,MA Chidambaram Stadium,0,1,0.0
B Laughlin,Maharashtra Cricket Association Stadium,0,1,0.0
B Laughlin,Rajiv Gandhi International Stadium,1,3,33.33333333333333
B Laughlin,Wankhede Stadium,4,8,50.0
B Lee,Brabourne Stadium,3,4,75.0
B Lee,De Beers Diamond Oval,14,10,140.0
B Lee,Eden Gardens,10,8,125.0
B Lee,Feroz Shah Kotla,1,1,100.0
B Lee,Kingsmead,6,7,85.71428571428571
B Lee,M Chinnaswamy Stadium,8,4,200.0
B Lee,Nehru Stadium,1,2,50.0
B Lee,New Wanderers Stadium,0,6,0.0
B Lee,"Punjab Cricket Association Stadium, Mohali",25,19,131.57894736842107
B Lee,Sawai Mansingh Stadium,30,20,150.0
B Lee,Shaheed Veer Narayan Singh International Stadium,16,6,266.66666666666663
B Lee,SuperSport Park,8,12,66.66666666666666
B Lee,Wankhede Stadium,2,3,66.66666666666666
B Sai Sudharsan,Arun Jaitley Stadium,247,158,156.32911392405063
B Sai Sudharsan,"Bharat Ratna Shri Atal Bihari Vajpayee Ekana Cricket Stadium, Lucknow",102,78,130.76923076923077
B Sai Sudharsan,"Brabourne Stadium, Mumbai",69,55,125.45454545454547
B Sai Sudharsan,"Dr DY Patil Sports Academy, Mumbai",76,63,120.63492063492063
B Sai Sudharsan,Eden Gardens,105,70,150.0
B Sai Sudharsan,"Himachal Pradesh Cricket Association Stadium, Dharamsala",14,10,140.0
B Sai Sudharsan,M Chinnaswamy Stadium,155,112,138.39285714285714
B Sai Sudharsan,MA Chidambaram Stadium,124,81,153.0864197530864
B Sai Sudharsan,"Maharaja Yadavindra Singh International Cricket Stadium, Mullanpur",31,34,91.17647058823529
B Sai Sudharsan,"Maharaja Yadavindra Singh International Cricket Stadium, New Chandigarh",151,95,158.94736842105263
B Sai Sudharsan,"Narendra Modi Stadium, Ahmedabad",1283,871,147.30195177956372
B Sai Sudharsan,"Punjab Cricket Association IS Bindra Stadium, Mohali, Chandigarh",19,20,95.0
B Sai Sudharsan,Rajiv Gandhi International Stadium,5,10,50.0
B Sai Sudharsan,"Sawai Mansingh Stadium, Jaipur",129,98,131.6326530612245
B Sai Sudharsan,Wankhede Stadium,5,5,100.0
B Stanlake,Rajiv Gandhi International Stadium,5,2,250.0
B Sumanth,Dr DY Patil Sports Academy,16,19,84.21052631578947
B Sumanth,Feroz Shah Kotla,7,12,58.333333333333336
B Sumanth,Himachal Pradesh Cricket Association Stadium,6,3,200.0
B Sumanth,"Vidarbha Cricket Association Stadium, Jamtha",6,4,150.0
BA Bhatt,Eden Gardens,6,2,300.0
BA Bhatt,Himachal Pradesh Cricket Association Stadium,0,5,0.0
BA Stokes,Arun Jaitley Stadium,1,3,33.33333333333333
BA Stokes,Dubai International Cricket Stadium,109,107,101.86915887850468
BA Stokes,Eden Gardens,36,38,94.73684210526315
BA Stokes,Feroz Shah Kotla,33,26,126.92307692307692
BA Stokes,Holkar Cricket Stadium,62,43,144.1860465116279
BA Stokes,M Chinnaswamy Stadium,29,25,115.99999999999999
BA Stokes,MA Chidambaram Stadium,54,35,154.2857142857143
BA Stokes,Maharashtra Cricket Association Stadium,181,131,138.1679389312977
BA Stokes,"Narendra Modi Stadium, Ahmedabad",7,6,116.66666666666667
BA Stokes,Rajiv Gandhi International Stadium,60,43,139.53488372093022
BA Stokes,Saurashtra Cricket Association Stadium,25,18,138.88888888888889
BA Stokes,Sawai Mansingh Stadium,145,128,113.28125
BA Stokes,Sheikh Zayed Stadium,176,100,176.0
BA Stokes,Wankhede Stadium,17,15,113.33333333333333
BAW Mendis,M Chinnaswamy Stadium,1,1,100.0
BAW Mendis,St George's Park,0,1,0.0
BAW Mendis,Subrata Roy Sahara Stadium,2,4,50.0
BB McCullum,Barabati Stadium,43,39,110.25641025641026
BB McCullum,Brabourne Stadium,14,11,127.27272727272727
BB McCullum,Buffalo Park,5,7,71.42857142857143
BB McCullum,Dr DY Patil Sports Academy,0,1,0.0
BB McCullum,Dubai International Cricket Stadium,77,65,118.46153846153847
BB McCullum,Eden Gardens,394,328,120.1219512195122
BB McCullum,Feroz Shah Kotla,218,171,127.48538011695906
BB McCullum,Green Park,54,34,158.8235294117647
BB McCullum,Holkar Cricket Stadium,61,43,141.86046511627907
BB McCullum,JSCA International Stadium Complex,81,56,144.64285714285714
BB McCullum,Kingsmead,65,54,120.37037037037037
BB McCullum,M Chinnaswamy Stadium,323,220,146.8181818181818
BB McCullum,MA Chidambaram Stadium,378,282,134.04255319148936
BB McCullum,Maharashtra Cricket Association Stadium,93,56,166.07142857142858
BB McCullum,Nehru Stadium,100,86,116.27906976744187
BB McCullum,New Wanderers Stadium,26,23,113.04347826086956
BB McCullum,Newlands,5,13,38.46153846153847
BB McCullum,"Punjab Cricket Association IS Bindra Stadium, Mohali",0,2,0.0
BB McCullum,"Punjab Cricket Association Stadium, Mohali",21,24,87.5
BB McCullum,Rajiv Gandhi International Stadium,24,36,66.66666666666666
BB McCullum,"Sardar Patel Stadium, Motera",12,7,171.42857142857142
BB McCullum,Saurashtra Cricket Association Stadium,280,199,140.7035175879397
BB McCullum,Sawai Mansingh Stadium,2,4,50.0
BB McCullum,Shaheed Veer Narayan Singh International Stadium,11,21,52.38095238095239
BB McCullum,Sharjah Cricket Stadium,40,33,121.21212121212122
BB McCullum,Sheikh Zayed Stadium,76,59,128.81355932203388
BB McCullum,St George's Park,20,39,51.28205128205128
BB McCullum,Subrata Roy Sahara Stadium,72,80,90.0
BB McCullum,SuperSport Park,165,112,147.32142857142858
BB McCullum,Wankhede Stadium,222,167,132.93413173652695
BB Samantray,Barabati Stadium,2,2,100.0
BB Samantray,Feroz Shah Kotla,14,12,116.66666666666667
BB Samantray,M Chinnaswamy Stadium,2,2,100.0
BB Samantray,Maharashtra Cricket Association Stadium,37,37,100.0
BB Samantray,"Punjab Cricket Association Stadium, Mohali",0,1,0.0
BB Samantray,Rajiv Gandhi International Stadium,70,62,112.90322580645163
BB Sran,Arun Jaitley Stadium,0,1,0.0
BB Sran,Dr. Y.S. Rajasekhara Reddy ACA-VDCA Cricket Stadium,1,1,100.0
BB Sran,Eden Gardens,5,5,100.0
BB Sran,Holkar Cricket Stadium,1,1,100.0
BB Sran,Rajiv Gandhi International Stadium,3,6,50.0
BCJ Cutting,Arun Jaitley Stadium,39,24,162.5
BCJ Cutting,Eden Gardens,39,20,195.0
BCJ Cutting,Feroz Shah Kotla,8,8,100.0
BCJ Cutting,M Chinnaswamy Stadium,51,24,212.5
BCJ Cutting,"Punjab Cricket Association IS Bindra Stadium, Mohali",18,11,163.63636363636365
BCJ Cutting,Rajiv Gandhi International Stadium,25,15,166.66666666666669
BCJ Cutting,"Sardar Patel Stadium, Motera",8,6,133.33333333333331
BCJ Cutting,Sawai Mansingh Stadium,13,9,144.44444444444443
BCJ Cutting,Wankhede Stadium,37,29,127.58620689655173
BE Hendricks,"Punjab Cricket Association Stadium, Mohali",1,3,33.33333333333333
BJ Haddin,Eden Gardens,18,11,163.63636363636365
BJ Hodge,Buffalo Park,73,64,114.0625
BJ Hodge,Dr DY Patil Sports Academy,52,48,108.33333333333333
BJ Hodge,Eden Gardens,93,101,92.07920792079209
BJ Hodge,Feroz Shah Kotla,105,69,152.17391304347828
BJ Hodge,Holkar Cricket Stadium,37,24,154.16666666666669
BJ Hodge,Kingsmead,43,57,75.43859649122807
BJ Hodge,M Chinnaswamy Stadium,19,32,59.375
BJ Hodge,MA Chidambaram Stadium,63,56,112.5
BJ Hodge,Nehru Stadium,108,84,128.57142857142858
BJ Hodge,New Wanderers Stadium,48,44,109.09090909090908
BJ Hodge,Newlands,36,41,87.8048780487805
BJ Hodge,"Punjab Cricket Association Stadium, Mohali",68,45,151.11111111111111
BJ Hodge,Rajiv Gandhi International Stadium,8,7,114.28571428571428
BJ Hodge,"Sardar Patel Stadium, Motera",76,65,116.92307692307693
BJ Hodge,Sawai Mansingh Stadium,304,226,134.5132743362832
BJ Hodge,Sheikh Zayed Stadium,1,8,12.5
BJ Hodge,St George's Park,94,67,140.2985074626866
BJ Hodge,Subrata Roy Sahara Stadium,22,20,110.00000000000001
BJ Hodge,SuperSport Park,71,44,161.36363636363635
BJ Hodge,Wankhede Stadium,79,51,154.90196078431373
BJ Rohrer,Feroz Shah Kotla,32,29,110.34482758620689
BJ Rohrer,Himachal Pradesh Cricket Association Stadium,49,29,168.9655172413793
BJ Rohrer,M Chinnaswamy Stadium,14,15,93.33333333333333
BJ Rohrer,MA Chidambaram Stadium,4,6,66.66666666666666
BJ Rohrer,Sawai Mansingh Stadium,64,41,156.09756097560975
BJ Rohrer,Shaheed Veer Narayan Singh International Stadium,23,17,135.29411764705884
BJ Rohrer,Subrata Roy Sahara Stadium,7,9,77.77777777777779
BKG Mendis,"Maharaja Yadavindra Singh International Cricket Stadium, New Chandigarh",20,11,181.8181818181818
BMAJ Mendis,Feroz Shah Kotla,12,17,70.58823529411765
BMAJ Mendis,Rajiv Gandhi International Stadium,11,9,122.22222222222223
BMAJ Mendis,Wankhede Stadium,0,1,0.0
BR Dunk,Dubai International Cricket Stadium,20,18,111.11111111111111
BR Dunk,Wankhede Stadium,20,18,111.11111111111111
BR Sharath,"Bharat Ratna Shri Atal Bihari Vajpayee Ekana Cricket Stadium, Lucknow",2,5,40.0
Basil Thampi,Dr. Y.S. Rajasekhara Reddy ACA-VDCA Cricket Stadium,1,1,100.0
Basil Thampi,Maharashtra Cricket Association Stadium,2,5,40.0
Basil Thampi,Rajiv Gandhi International Stadium,13,8,162.5
Basil Thampi,Saurashtra Cricket Association Stadium,13,17,76.47058823529412
Basil Thampi,Wankhede Stadium,3,6,50.0
Bipul Sharma,Barabati Stadium,8,6,133.33333333333331
Bipul Sharma,Eden Gardens,50,39,128.2051282051282
Bipul Sharma,Feroz Shah Kotla,41,17,241.17647058823528
Bipul Sharma,M Chinnaswamy Stadium,7,6,116.66666666666667
Bipul Sharma,MA Chidambaram Stadium,7,5,140.0
Bipul Sharma,"Punjab Cricket Association Stadium, Mohali",6,4,150.0
Bipul Sharma,Rajiv Gandhi International Stadium,13,13,100.0
Bipul Sharma,Sawai Mansingh Stadium,19,14,135.71428571428572
Bipul Sharma,Subrata Roy Sahara Stadium,35,18,194.44444444444443
Bipul Sharma,Wankhede Stadium,1,2,50.0
Brijesh Sharma,Eden Gardens,1,3,33.33333333333333
Brijesh Sharma,"Sawai Mansingh Stadium, Jaipur",1,1,100.0
C Bosch,Arun Jaitley Stadium,11,4,275.0
C Bosch,Eden Gardens,32,18,177.77777777777777
C Bosch,"Shaheed Veer Narayan Singh International Stadium, Raipur",5,5,100.0
C Bosch,Wankhede Stadium,49,36,136.11111111111111
C Connolly,Arun Jaitley Stadium,17,10,170.0
C Connolly,"Bharat Ratna Shri Atal Bihari Vajpayee Ekana Cricket Stadium, Lucknow",18,12,150.0
C Connolly,"Himachal Pradesh Cricket Association Stadium, Dharamsala",96,74,129.72972972972974
C Connolly,MA Chidambaram Stadium,36,22,163.63636363636365
C Connolly,"Maharaja Yadavindra Singh International Cricket Stadium, New Chandigarh",200,121,165.28925619834712
C Connolly,"Narendra Modi Stadium, Ahmedabad",0,1,0.0
C Connolly,Rajiv Gandhi International Stadium,107,64,167.1875
C Connolly,Wankhede Stadium,17,12,141.66666666666669
C Green,Arun Jaitley Stadium,50,35,142.85714285714286
C Green,"Bharat Ratna Shri Atal Bihari Vajpayee Ekana Cricket Stadium, Lucknow",38,29,131.0344827586207
C Green,Eden Gardens,129,87,148.27586206896552
C Green,"Himachal Pradesh Cricket Association Stadium, Dharamsala",46,27,170.37037037037038
C Green,M Chinnaswamy Stadium,121,86,140.69767441860466
C Green,MA Chidambaram Stadium,65,50,130.0
C Green,"Narendra Modi Stadium, Ahmedabad",169,128,132.03125
C Green,"Punjab Cricket Association IS Bindra Stadium, Mohali, Chandigarh",23,19,121.05263157894737
C Green,Rajiv Gandhi International Stadium,104,65,160.0
C Green,"Sawai Mansingh Stadium, Jaipur",5,6,83.33333333333334
C Green,"Shaheed Veer Narayan Singh International Stadium, Raipur",32,25,128.0
C Green,Wankhede Stadium,247,145,170.34482758620692
C Madan,Brabourne Stadium,15,21,71.42857142857143
C Munro,Arun Jaitley Stadium,36,29,124.13793103448276
C Munro,Dr. Y.S. Rajasekhara Reddy ACA-VDCA Cricket Stadium,41,37,110.8108108108108
C Munro,Eden Gardens,14,14,100.0
C Munro,Feroz Shah Kotla,16,17,94.11764705882352
C Munro,Maharashtra Cricket Association Stadium,26,16,162.5
C Munro,Punjab Cricket Association IS Bindra Stadium,4,6,66.66666666666666
C Munro,Rajiv Gandhi International Stadium,40,25,160.0
C Nanda,Kingsmead,0,1,0.0
C Sakariya,Arun Jaitley Stadium,0,2,0.0
C Sakariya,"Bharat Ratna Shri Atal Bihari Vajpayee Ekana Cricket Stadium, Lucknow",4,4,100.0
C Sakariya,Dubai International Cricket Stadium,9,8,112.5
C Sakariya,Sharjah Cricket Stadium,7,16,43.75
C Sakariya,Wankhede Stadium,0,1,0.0
C de Grandhomme,Arun Jaitley Stadium,3,5,60.0
C de Grandhomme,Eden Gardens,65,39,166.66666666666669
C de Grandhomme,Feroz Shah Kotla,1,2,50.0
C de Grandhomme,M Chinnaswamy Stadium,121,82,147.5609756097561
C de Grandhomme,MA Chidambaram Stadium,4,6,66.66666666666666
C de Grandhomme,Maharashtra Cricket Association Stadium,8,8,100.0
C de Grandhomme,"Punjab Cricket Association IS Bindra Stadium, Mohali",11,7,157.14285714285714
C de Grandhomme,Rajiv Gandhi International Stadium,88,77,114.28571428571428
C de Grandhomme,Sawai Mansingh Stadium,2,3,66.66666666666666
CA Ingram,Arun Jaitley Stadium,59,58,101.72413793103448
CA Ingram,Eden Gardens,14,6,233.33333333333334
CA Ingram,Feroz Shah Kotla,13,12,108.33333333333333
CA Ingram,M Chinnaswamy Stadium,22,22,100.0
CA Ingram,MA Chidambaram Stadium,8,17,47.05882352941176
CA Ingram,Punjab Cricket Association IS Bindra Stadium,38,29,131.0344827586207
CA Ingram,Sawai Mansingh Stadium,3,5,60.0
CA Ingram,Wankhede Stadium,48,34,141.1764705882353
CA Lynn,Arun Jaitley Stadium,25,24,104.16666666666667
CA Lynn,Eden Gardens,483,352,137.2159090909091
CA Lynn,Holkar Cricket Stadium,27,17,158.8235294117647
CA Lynn,M Chinnaswamy Stadium,180,132,136.36363636363635
CA Lynn,MA Chidambaram Stadium,71,57,124.56140350877195
CA Lynn,Punjab Cricket Association IS Bindra Stadium,46,22,209.0909090909091
CA Lynn,"Punjab Cricket Association IS Bindra Stadium, Mohali",84,54,155.55555555555557
CA Lynn,Rajiv Gandhi International Stadium,112,104,107.6923076923077
CA Lynn,Saurashtra Cricket Association Stadium,93,46,202.17391304347828
CA Lynn,Sawai Mansingh Stadium,50,34,147.05882352941177
CA Lynn,Sharjah Cricket Stadium,45,32,140.625
CA Lynn,Sheikh Zayed Stadium,13,20,65.0
CA Lynn,Wankhede Stadium,100,80,125.0
CA Pujara,Dr DY Patil Sports Academy,10,16,62.5
CA Pujara,Dubai International Cricket Stadium,10,20,50.0
CA Pujara,Eden Gardens,67,69,97.10144927536231
CA Pujara,Feroz Shah Kotla,24,30,80.0
CA Pujara,JSCA International Stadium Complex,5,14,35.714285714285715
CA Pujara,M Chinnaswamy Stadium,52,51,101.96078431372548
CA Pujara,MA Chidambaram Stadium,2,6,33.33333333333333
CA Pujara,"Punjab Cricket Association Stadium, Mohali",51,48,106.25
CA Pujara,Rajiv Gandhi International Stadium,25,15,166.66666666666669
CA Pujara,"Sardar Patel Stadium, Motera",29,25,115.99999999999999
CA Pujara,Sharjah Cricket Stadium,75,71,105.63380281690141
CA Pujara,Sheikh Zayed Stadium,21,18,116.66666666666667
CA Pujara,Wankhede Stadium,19,20,95.0
CH Gayle,Arun Jaitley Stadium,69,37,186.48648648648648
CH Gayle,Brabourne Stadium,75,65,115.38461538461537
CH Gayle,Buffalo Park,7,7,100.0
CH Gayle,Dubai International Cricket Stadium,100,67,149.2537313432836
CH Gayle,Eden Gardens,560,360,155.55555555555557
CH Gayle,Feroz Shah Kotla,298,186,160.21505376344086
CH Gayle,Himachal Pradesh Cricket Association Stadium,0,7,0.0
CH Gayle,Holkar Cricket Stadium,97,86,112.79069767441861
CH Gayle,JSCA International Stadium Complex,120,134,89.55223880597015
CH Gayle,Kingsmead,84,67,125.37313432835822
CH Gayle,M Chinnaswamy Stadium,1563,1040,150.28846153846155
CH Gayle,MA Chidambaram Stadium,231,171,135.08771929824562
CH Gayle,Maharashtra Cricket Association Stadium,27,30,90.0
CH Gayle,"Narendra Modi Stadium, Ahmedabad",59,35,168.57142857142858
CH Gayle,Newlands,64,56,114.28571428571428
CH Gayle,Punjab Cricket Association IS Bindra Stadium,394,274,143.7956204379562
CH Gayle,"Punjab Cricket Association Stadium, Mohali",179,123,145.52845528455285
CH Gayle,Rajiv Gandhi International Stadium,146,95,153.68421052631578
CH Gayle,"Sardar Patel Stadium, Motera",20,17,117.64705882352942
CH Gayle,Saurashtra Cricket Association Stadium,77,40,192.5
CH Gayle,Sawai Mansingh Stadium,188,123,152.84552845528455
CH Gayle,Shaheed Veer Narayan Singh International Stadium,1,4,25.0
CH Gayle,Sharjah Cricket Stadium,118,95,124.21052631578948
CH Gayle,Sheikh Zayed Stadium,111,88,126.13636363636364
CH Gayle,St George's Park,29,29,100.0
CH Gayle,Subrata Roy Sahara Stadium,78,53,147.16981132075472
CH Gayle,Wankhede Stadium,301,223,134.97757847533632
CH Gayle,"Zayed Cricket Stadium, Abu Dhabi",1,4,25.0
CH Morris,Arun Jaitley Stadium,28,25,112.00000000000001
CH Morris,Brabourne Stadium,38,16,237.5
CH Morris,Dr. Y.S. Rajasekhara Reddy ACA-VDCA Cricket Stadium,58,38,152.63157894736844
CH Morris,Dubai International Cricket Stadium,21,22,95.45454545454545
CH Morris,Eden Gardens,24,24,100.0
CH Morris,Feroz Shah Kotla,142,67,211.94029850746267
CH Morris,M Chinnaswamy Stadium,4,8,50.0
CH Morris,MA Chidambaram Stadium,29,23,126.08695652173914
CH Morris,Maharashtra Cricket Association Stadium,44,20,220.00000000000003
CH Morris,Punjab Cricket Association IS Bindra Stadium,27,17,158.8235294117647
CH Morris,"Punjab Cricket Association IS Bindra Stadium, Mohali",19,17,111.76470588235294
CH Morris,Rajiv Gandhi International Stadium,4,8,50.0
CH Morris,"Sardar Patel Stadium, Motera",3,3,100.0
CH Morris,Sawai Mansingh Stadium,17,7,242.85714285714283
CH Morris,Shaheed Veer Narayan Singh International Stadium,27,19,142.10526315789474
CH Morris,Sharjah Cricket Stadium,28,14,200.0
CH Morris,Sheikh Zayed Stadium,4,4,100.0
CH Morris,Wankhede Stadium,101,81,124.69135802469135
CJ Anderson,Barabati Stadium,18,12,150.0
CJ Anderson,Brabourne Stadium,20,10,200.0
CJ Anderson,Dubai International Cricket Stadium,58,60,96.66666666666667
CJ Anderson,Eden Gardens,57,46,123.91304347826086
CJ Anderson,Feroz Shah Kotla,114,84,135.71428571428572
CJ Anderson,Green Park,6,6,100.0
CJ Anderson,M Chinnaswamy Stadium,17,21,80.95238095238095
CJ Anderson,Maharashtra Cricket Association Stadium,2,5,40.0
CJ Anderson,"Punjab Cricket Association IS Bindra Stadium, Mohali",18,26,69.23076923076923
CJ Anderson,"Sardar Patel Stadium, Motera",50,38,131.57894736842107
CJ Anderson,Sharjah Cricket Stadium,13,14,92.85714285714286
CJ Anderson,Sheikh Zayed Stadium,2,8,25.0
CJ Anderson,Wankhede Stadium,163,106,153.77358490566039
CJ Ferguson,Dr DY Patil Sports Academy,27,32,84.375
CJ Ferguson,"Punjab Cricket Association Stadium, Mohali",6,15,40.0
CJ Ferguson,Rajiv Gandhi International Stadium,15,9,166.66666666666669
CJ Ferguson,Sawai Mansingh Stadium,23,26,88.46153846153845
CJ Ferguson,Subrata Roy Sahara Stadium,15,24,62.5
CJ Ferguson,Wankhede Stadium,12,13,92.3076923076923
CJ Jordan,"Brabourne Stadium, Mumbai",5,5,100.0
CJ Jordan,"Dr DY Patil Sports Academy, Mumbai",6,4,150.0
CJ Jordan,Dubai International Cricket Stadium,25,28,89.28571428571429
CJ Jordan,M Chinnaswamy Stadium,3,5,60.0
CJ Jordan,MA Chidambaram Stadium,4,7,57.14285714285714
CJ Jordan,"Narendra Modi Stadium, Ahmedabad",34,27,125.92592592592592
CJ Jordan,Sheikh Zayed Stadium,4,5,80.0
CJ McKay,Wankhede Stadium,8,15,53.333333333333336
CK Kapugedera,Dr DY Patil Sports Academy,8,13,61.53846153846154
CK Kapugedera,Feroz Shah Kotla,8,9,88.88888888888889
CK Kapugedera,Wankhede Stadium,0,2,0.0
CK Langeveldt,Feroz Shah Kotla,0,1,0.0
CK Langeveldt,Himachal Pradesh Cricket Association Stadium,8,8,100.0
CL White,Barabati Stadium,84,54,155.55555555555557
CL White,Dr. Y.S. Rajasekhara Reddy ACA-VDCA Cricket Stadium,53,39,135.8974358974359
CL White,Eden Gardens,64,47,136.17021276595744
CL White,Feroz Shah Kotla,70,72,97.22222222222221
CL White,Himachal Pradesh Cricket Association Stadium,15,12,125.0
CL White,M Chinnaswamy Stadium,143,97,147.42268041237114
CL White,MA Chidambaram Stadium,113,89,126.96629213483146
CL White,Maharashtra Cricket Association Stadium,0,1,0.0
CL White,Nehru Stadium,31,34,91.17647058823529
CL White,"Punjab Cricket Association Stadium, Mohali",93,67,138.80597014925374
CL White,Rajiv Gandhi International Stadium,170,170,100.0
CL White,Sawai Mansingh Stadium,10,17,58.82352941176471
CL White,Subrata Roy Sahara Stadium,78,46,169.56521739130434
CL White,"Vidarbha Cricket Association Stadium, Jamtha",4,3,133.33333333333331
CL White,Wankhede Stadium,43,26,165.3846153846154
CM Gautam,Barabati Stadium,8,10,80.0
CM Gautam,Dubai International Cricket Stadium,11,9,122.22222222222223
CM Gautam,Himachal Pradesh Cricket Association Stadium,12,8,150.0
CM Gautam,MA Chidambaram Stadium,4,5,80.0
CM Gautam,Rajiv Gandhi International Stadium,1,3,33.33333333333333
CM Gautam,Sawai Mansingh Stadium,2,3,66.66666666666666
CM Gautam,Sharjah Cricket Stadium,22,18,122.22222222222223
CM Gautam,Sheikh Zayed Stadium,7,7,100.0
CM Gautam,Subrata Roy Sahara Stadium,30,26,115.38461538461537
CM Gautam,Wankhede Stadium,72,69,104.34782608695652
CR Brathwaite,Eden Gardens,25,20,125.0
CR Brathwaite,Feroz Shah Kotla,54,19,284.2105263157895
CR Brathwaite,Green Park,11,11,100.0
CR Brathwaite,M Chinnaswamy Stadium,1,5,20.0
CR Brathwaite,"Punjab Cricket Association IS Bindra Stadium, Mohali",12,6,200.0
CR Brathwaite,Rajiv Gandhi International Stadium,3,4,75.0
CR Brathwaite,Shaheed Veer Narayan Singh International Stadium,11,10,110.00000000000001
CR Brathwaite,Wankhede Stadium,64,45,142.22222222222223
CR Woakes,Eden Gardens,25,30,83.33333333333334
CR Woakes,Feroz Shah Kotla,3,5,60.0
CR Woakes,M Chinnaswamy Stadium,1,3,33.33333333333333
CR Woakes,"Punjab Cricket Association IS Bindra Stadium, Mohali",8,6,133.33333333333331
CR Woakes,Rajiv Gandhi International Stadium,6,3,200.0
CR Woakes,Wankhede Stadium,35,30,116.66666666666667
CRD Fernando,Dr DY Patil Sports Academy,2,2,100.0
CRD Fernando,Wankhede Stadium,2,1,200.0
CV Varun,Arun Jaitley Stadium,2,9,22.22222222222222
CV Varun,"Brabourne Stadium, Mumbai",2,2,100.0
CV Varun,"Dr DY Patil Sports Academy, Mumbai",10,16,62.5
CV Varun,Eden Gardens,5,9,55.55555555555556
CV Varun,MA Chidambaram Stadium,2,3,66.66666666666666
CV Varun,Sharjah Cricket Stadium,9,15,60.0
CV Varun,Sheikh Zayed Stadium,1,1,100.0
CV Varun,Wankhede Stadium,0,1,0.0
D Brevis,Arun Jaitley Stadium,42,27,155.55555555555557
D Brevis,"Bharat Ratna Shri Atal Bihari Vajpayee Ekana Cricket Stadium, Lucknow",25,17,147.05882352941177
D Brevis,"Brabourne Stadium, Mumbai",31,15,206.66666666666669
D Brevis,"Dr DY Patil Sports Academy, Mumbai",4,7,57.14285714285714
D Brevis,Eden Gardens,52,25,208.0
D Brevis,M Chinnaswamy Stadium,0,1,0.0
D Brevis,MA Chidambaram Stadium,171,136,125.73529411764706
D Brevis,"Maharashtra Cricket Association Stadium, Pune",86,55,156.36363636363637
D Brevis,"Narendra Modi Stadium, Ahmedabad",111,72,154.16666666666669
D Brevis,Rajiv Gandhi International Stadium,0,4,0.0
D Brevis,Wankhede Stadium,84,73,115.06849315068493
D Ferreira,Arun Jaitley Stadium,1,4,25.0
D Ferreira,"Barsapara Cricket Stadium, Guwahati",7,8,87.5
D Ferreira,"Bharat Ratna Shri Atal Bihari Vajpayee Ekana Cricket Stadium, Lucknow",20,19,105.26315789473684
D Ferreira,Eden Gardens,7,7,100.0
D Ferreira,"Maharaja Yadavindra Singh International Cricket Stadium, New Chandigarh",102,47,217.02127659574467
D Ferreira,"Narendra Modi Stadium, Ahmedabad",2,6,33.33333333333333
D Ferreira,Rajiv Gandhi International Stadium,69,45,153.33333333333334
D Ferreira,"Sawai Mansingh Stadium, Jaipur",100,44,227.27272727272728
D Ferreira,Wankhede Stadium,18,15,120.0
D Kalyankrishna,Rajiv Gandhi International Stadium,3,8,37.5
D Padikkal,Arun Jaitley Stadium,34,15,226.66666666666666
D Padikkal,"Barsapara Cricket Stadium, Guwahati",35,34,102.94117647058823
D Padikkal,"Bharat Ratna Shri Atal Bihari Vajpayee Ekana Cricket Stadium, Lucknow",53,47,112.7659574468085
D Padikkal,"Brabourne Stadium, Mumbai",66,45,146.66666666666666
D Padikkal,"Dr DY Patil Sports Academy, Mumbai",70,54,129.62962962962962
D Padikkal,Dubai International Cricket Stadium,227,220,103.18181818181817
D Padikkal,Eden Gardens,38,31,122.58064516129032
D Padikkal,"Himachal Pradesh Cricket Association Stadium, Dharamsala",126,76,165.78947368421052
D Padikkal,M Chinnaswamy Stadium,324,216,150.0
D Padikkal,MA Chidambaram Stadium,114,106,107.54716981132076
D Padikkal,"Maharaja Yadavindra Singh International Cricket Stadium, Mullanpur",61,35,174.28571428571428
D Padikkal,"Maharashtra Cricket Association Stadium, Pune",48,38,126.3157894736842
D Padikkal,"Narendra Modi Stadium, Ahmedabad",102,95,107.36842105263158
D Padikkal,Rajiv Gandhi International Stadium,23,19,121.05263157894737
D Padikkal,"Sawai Mansingh Stadium, Jaipur",109,86,126.74418604651163
D Padikkal,"Shaheed Veer Narayan Singh International Stadium, Raipur",51,41,124.39024390243902
D Padikkal,Sharjah Cricket Stadium,186,154,120.7792207792208
D Padikkal,Sheikh Zayed Stadium,213,158,134.81012658227849
D Padikkal,Wankhede Stadium,327,236,138.55932203389833
D Padikkal,"Zayed Cricket Stadium, Abu Dhabi",63,73,86.3013698630137
D Pretorius,"Brabourne Stadium, Mumbai",8,5,160.0
D Pretorius,"Dr DY Patil Sports Academy, Mumbai",22,14,157.14285714285714
D Pretorius,"Maharashtra Cricket Association Stadium, Pune",13,8,162.5
D Pretorius,Wankhede Stadium,1,1,100.0
D Salunkhe,Feroz Shah Kotla,26,20,130.0
D Salunkhe,"Punjab Cricket Association Stadium, Mohali",6,3,200.0
D Salunkhe,Rajiv Gandhi International Stadium,1,1,100.0
D Wiese,Eden Gardens,9,8,112.5
D Wiese,JSCA International Stadium Complex,12,8,150.0
D Wiese,M Chinnaswamy Stadium,106,69,153.6231884057971
D Wiese,MA Chidambaram Stadium,17,15,113.33333333333333
D Wiese,"Punjab Cricket Association Stadium, Mohali",4,5,80.0
D du Preez,SuperSport Park,10,13,76.92307692307693
DA Miller,Arun Jaitley Stadium,226,141,160.2836879432624
DA Miller,Barabati Stadium,60,47,127.65957446808511
DA Miller,"Bharat Ratna Shri Atal Bihari Vajpayee Ekana Cricket Stadium, Lucknow",73,71,102.8169014084507
DA Miller,"Brabourne Stadium, Mumbai",64,45,142.22222222222223
DA Miller,"Dr DY Patil Sports Academy, Mumbai",81,64,126.5625
DA Miller,Dr. Y.S. Rajasekhara Reddy ACA-VDCA Cricket Stadium,7,5,140.0
DA Miller,"Dr. Y.S. Rajasekhara Reddy ACA-VDCA Cricket Stadium, Visakhapatnam",27,20,135.0
DA Miller,Dubai International Cricket Stadium,26,22,118.18181818181819
DA Miller,Eden Gardens,277,191,145.0261780104712
DA Miller,Feroz Shah Kotla,115,133,86.46616541353383
DA Miller,Himachal Pradesh Cricket Association Stadium,50,29,172.41379310344826
DA Miller,"Himachal Pradesh Cricket Association Stadium, Dharamsala",62,36,172.22222222222223
DA Miller,Holkar Cricket Stadium,30,27,111.11111111111111
DA Miller,M Chinnaswamy Stadium,161,118,136.44067796610167
DA Miller,MA Chidambaram Stadium,121,97,124.74226804123711
DA Miller,"Maharaja Yadavindra Singh International Cricket Stadium, Mullanpur",4,7,57.14285714285714
DA Miller,Maharashtra Cricket Association Stadium,52,53,98.11320754716981
DA Miller,"Maharashtra Cricket Association Stadium, Pune",140,93,150.53763440860214
DA Miller,"Narendra Modi Stadium, Ahmedabad",254,178,142.69662921348313
DA Miller,Punjab Cricket Association IS Bindra Stadium,123,100,123.0
DA Miller,"Punjab Cricket Association IS Bindra Stadium, Mohali",89,60,148.33333333333334
DA Miller,"Punjab Cricket Association IS Bindra Stadium, Mohali, Chandigarh",17,18,94.44444444444444
DA Miller,"Punjab Cricket Association Stadium, Mohali",416,276,150.72463768115944
DA Miller,Rajiv Gandhi International Stadium,175,123,142.27642276422765
DA Miller,"Sardar Patel Stadium, Motera",54,31,174.19354838709677
DA Miller,Saurashtra Cricket Association Stadium,31,27,114.81481481481481
DA Miller,"Sawai Mansingh Stadium, Jaipur",7,9,77.77777777777779
DA Miller,Sharjah Cricket Stadium,76,53,143.39622641509433
DA Miller,Sheikh Zayed Stadium,68,47,144.6808510638298
DA Miller,Wankhede Stadium,395,310,127.41935483870968
DA Miller,"Zayed Cricket Stadium, Abu Dhabi",7,10,70.0
DA Payne,M Chinnaswamy Stadium,6,5,120.0
DA Warner,Arun Jaitley Stadium,375,309,121.35922330097087
DA Warner,Barabati Stadium,57,33,172.72727272727272
DA Warner,"Barsapara Cricket Stadium, Guwahati",65,59,110.16949152542372
DA Warner,"Bharat Ratna Shri Atal Bihari Vajpayee Ekana Cricket Stadium, Lucknow",64,60,106.66666666666667
DA Warner,Brabourne Stadium,55,34,161.76470588235296
DA Warner,"Brabourne Stadium, Mumbai",213,141,151.06382978723406
DA Warner,Buffalo Park,21,32,65.625
DA Warner,Dr DY Patil Sports Academy,46,28,164.28571428571428
DA Warner,"Dr DY Patil Sports Academy, Mumbai",75,69,108.69565217391303
DA Warner,Dr. Y.S. Rajasekhara Reddy ACA-VDCA Cricket Stadium,199,141,141.13475177304963
DA Warner,"Dr. Y.S. Rajasekhara Reddy ACA-VDCA Cricket Stadium, Visakhapatnam",70,49,142.85714285714286
DA Warner,Dubai International Cricket Stadium,371,289,128.37370242214533
DA Warner,Eden Gardens,158,134,117.91044776119404
DA Warner,Feroz Shah Kotla,673,541,124.3992606284658
DA Warner,Green Park,69,52,132.69230769230768
DA Warner,Himachal Pradesh Cricket Association Stadium,108,76,142.10526315789474
DA Warner,"Himachal Pradesh Cricket Association Stadium, Dharamsala",46,31,148.38709677419354
DA Warner,JSCA International Stadium Complex,90,46,195.65217391304347
DA Warner,Kingsmead,40,30,133.33333333333331
DA Warner,M Chinnaswamy Stadium,350,224,156.25
DA Warner,MA Chidambaram Stadium,324,302,107.28476821192052
DA Warner,"Maharaja Yadavindra Singh International Cricket Stadium, Mullanpur",29,22,131.8181818181818
DA Warner,Maharashtra Cricket Association Stadium,43,42,102.38095238095238
DA Warner,"Narendra Modi Stadium, Ahmedabad",2,2,100.0
DA Warner,Nehru Stadium,3,8,37.5
DA Warner,New Wanderers Stadium,87,65,133.84615384615384
DA Warner,Punjab Cricket Association IS Bindra Stadium,70,63,111.11111111111111
DA Warner,"Punjab Cricket Association IS Bindra Stadium, Mohali",103,69,149.27536231884056
DA Warner,"Punjab Cricket Association Stadium, Mohali",58,41,141.46341463414635
DA Warner,Rajiv Gandhi International Stadium,1623,1042,155.75815738963533
DA Warner,"Sardar Patel Stadium, Motera",6,7,85.71428571428571
DA Warner,Saurashtra Cricket Association Stadium,74,50,148.0
DA Warner,Sawai Mansingh Stadium,104,95,109.47368421052633
DA Warner,"Sawai Mansingh Stadium, Jaipur",49,34,144.11764705882354
DA Warner,Shaheed Veer Narayan Singh International Stadium,207,139,148.9208633093525
DA Warner,Sharjah Cricket Stadium,163,132,123.48484848484848
DA Warner,Sheikh Zayed Stadium,179,155,115.48387096774194
DA Warner,Subrata Roy Sahara Stadium,9,13,69.23076923076923
DA Warner,SuperSport Park,15,10,150.0
DA Warner,Wankhede Stadium,274,180,152.22222222222223
DAJ Bracewell,M Chinnaswamy Stadium,12,9,133.33333333333331
DB Das,Barabati Stadium,9,8,112.5
DB Das,Eden Gardens,203,160,126.875
DB Das,Feroz Shah Kotla,1,3,33.33333333333333
DB Das,JSCA International Stadium Complex,8,6,133.33333333333331
DB Das,MA Chidambaram Stadium,11,4,275.0
DB Das,"Punjab Cricket Association Stadium, Mohali",6,11,54.54545454545454
DB Das,Sawai Mansingh Stadium,23,27,85.18518518518519
DB Das,Shaheed Veer Narayan Singh International Stadium,18,28,64.28571428571429
DB Das,Wankhede Stadium,25,20,125.0
DB Ravi Teja,De Beers Diamond Oval,7,3,233.33333333333334
DB Ravi Teja,Dr. Y.S. Rajasekhara Reddy ACA-VDCA Cricket Stadium,4,4,100.0
DB Ravi Teja,Eden Gardens,24,24,100.0
DB Ravi Teja,Feroz Shah Kotla,9,5,180.0
DB Ravi Teja,Himachal Pradesh Cricket Association Stadium,60,42,142.85714285714286
DB Ravi Teja,Kingsmead,36,44,81.81818181818183
DB Ravi Teja,Nehru Stadium,8,5,160.0
DB Ravi Teja,New Wanderers Stadium,10,15,66.66666666666666
DB Ravi Teja,Newlands,8,5,160.0
DB Ravi Teja,Rajiv Gandhi International Stadium,199,166,119.87951807228916
DB Ravi Teja,Sawai Mansingh Stadium,6,8,75.0
DB Ravi Teja,SuperSport Park,4,4,100.0
DE Bollinger,MA Chidambaram Stadium,19,19,100.0
DE Bollinger,"Vidarbha Cricket Association Stadium, Jamtha",2,3,66.66666666666666
DE Bollinger,Wankhede Stadium,0,1,0.0
DG Nalkande,"Bharat Ratna Shri Atal Bihari Vajpayee Ekana Cricket Stadium, Lucknow",12,11,109.09090909090908
DG Nalkande,MA Chidambaram Stadium,0,1,0.0
DH Yagnik,Eden Gardens,41,24,170.83333333333331
DH Yagnik,Feroz Shah Kotla,0,4,0.0
DH Yagnik,JSCA International Stadium Complex,4,6,66.66666666666666
DH Yagnik,M Chinnaswamy Stadium,5,4,125.0
DH Yagnik,MA Chidambaram Stadium,8,9,88.88888888888889
DH Yagnik,"Punjab Cricket Association Stadium, Mohali",10,10,100.0
DH Yagnik,Sawai Mansingh Stadium,80,63,126.98412698412697
DH Yagnik,Subrata Roy Sahara Stadium,12,8,150.0
DH Yagnik,Wankhede Stadium,10,14,71.42857142857143
DJ Bravo,Arun Jaitley Stadium,5,5,100.0
DJ Bravo,Brabourne Stadium,11,14,78.57142857142857
DJ Bravo,"Brabourne Stadium, Mumbai",12,9,133.33333333333331
DJ Bravo,Buffalo Park,35,33,106.06060606060606
DJ Bravo,Dr DY Patil Sports Academy,60,44,136.36363636363635
DJ Bravo,"Dr DY Patil Sports Academy, Mumbai",10,8,125.0
DJ Bravo,Dr. Y.S. Rajasekhara Reddy ACA-VDCA Cricket Stadium,43,20,215.0
DJ Bravo,Dubai International Cricket Stadium,34,18,188.88888888888889
DJ Bravo,Eden Gardens,141,129,109.30232558139534
DJ Bravo,Feroz Shah Kotla,61,56,108.92857142857142
DJ Bravo,Himachal Pradesh Cricket Association Stadium,48,43,111.62790697674419
DJ Bravo,JSCA International Stadium Complex,0,1,0.0
DJ Bravo,Kingsmead,37,43,86.04651162790698
DJ Bravo,M Chinnaswamy Stadium,82,54,151.85185185185185
DJ Bravo,MA Chidambaram Stadium,325,245,132.6530612244898
DJ Bravo,Maharashtra Cricket Association Stadium,45,43,104.65116279069768
DJ Bravo,New Wanderers Stadium,50,40,125.0
DJ Bravo,Newlands,5,4,125.0
DJ Bravo,Punjab Cricket Association IS Bindra Stadium,2,2,100.0
DJ Bravo,"Punjab Cricket Association IS Bindra Stadium, Mohali",2,2,100.0
DJ Bravo,"Punjab Cricket Association Stadium, Mohali",23,22,104.54545454545455
DJ Bravo,Rajiv Gandhi International Stadium,88,75,117.33333333333333
DJ Bravo,"Sardar Patel Stadium, Motera",62,38,163.1578947368421
DJ Bravo,Saurashtra Cricket Association Stadium,34,24,141.66666666666669
DJ Bravo,Sawai Mansingh Stadium,34,27,125.92592592592592
DJ Bravo,Shaheed Veer Narayan Singh International Stadium,8,8,100.0
DJ Bravo,Sheikh Zayed Stadium,8,3,266.66666666666663
DJ Bravo,St George's Park,8,13,61.53846153846154
DJ Bravo,Subrata Roy Sahara Stadium,5,2,250.0
DJ Bravo,SuperSport Park,83,78,106.41025641025641
DJ Bravo,Wankhede Stadium,199,144,138.19444444444443
DJ Harris,Dr. Y.S. Rajasekhara Reddy ACA-VDCA Cricket Stadium,15,14,107.14285714285714
DJ Harris,M Chinnaswamy Stadium,47,42,111.90476190476191
DJ Harris,Rajiv Gandhi International Stadium,49,47,104.25531914893618
DJ Hooda,Arun Jaitley Stadium,10,13,76.92307692307693
DJ Hooda,"Bharat Ratna Shri Atal Bihari Vajpayee Ekana Cricket Stadium, Lucknow",117,108,108.33333333333333
DJ Hooda,Brabourne Stadium,7,9,77.77777777777779
DJ Hooda,"Brabourne Stadium, Mumbai",87,58,150.0
DJ Hooda,"Dr DY Patil Sports Academy, Mumbai",75,60,125.0
DJ Hooda,Dr. Y.S. Rajasekhara Reddy ACA-VDCA Cricket Stadium,18,12,150.0
DJ Hooda,Dubai International Cricket Stadium,42,48,87.5
DJ Hooda,Eden Gardens,92,75,122.66666666666666
DJ Hooda,Feroz Shah Kotla,79,50,158.0
DJ Hooda,M Chinnaswamy Stadium,19,25,76.0
DJ Hooda,MA Chidambaram Stadium,93,94,98.93617021276596
DJ Hooda,Maharashtra Cricket Association Stadium,81,54,150.0
DJ Hooda,"Maharashtra Cricket Association Stadium, Pune",102,84,121.42857142857142
DJ Hooda,"Narendra Modi Stadium, Ahmedabad",18,26,69.23076923076923
DJ Hooda,Punjab Cricket Association IS Bindra Stadium,19,8,237.5
DJ Hooda,"Punjab Cricket Association IS Bindra Stadium, Mohali",34,22,154.54545454545453
DJ Hooda,"Punjab Cricket Association IS Bindra Stadium, Mohali, Chandigarh",11,6,183.33333333333331
DJ Hooda,Rajiv Gandhi International Stadium,165,165,100.0
DJ Hooda,"Sardar Patel Stadium, Motera",33,17,194.11764705882354
DJ Hooda,Sawai Mansingh Stadium,0,1,0.0
DJ Hooda,"Sawai Mansingh Stadium, Jaipur",28,17,164.70588235294116
DJ Hooda,Shaheed Veer Narayan Singh International Stadium,1,1,100.0
DJ Hooda,Sharjah Cricket Stadium,13,10,130.0
DJ Hooda,Sheikh Zayed Stadium,63,32,196.875
DJ Hooda,Wankhede Stadium,262,192,136.45833333333331
DJ Hooda,"Zayed Cricket Stadium, Abu Dhabi",28,26,107.6923076923077
DJ Hussey,Brabourne Stadium,40,29,137.93103448275863
DJ Hussey,Eden Gardens,265,256,103.515625
DJ Hussey,Feroz Shah Kotla,109,99,110.1010101010101
DJ Hussey,Himachal Pradesh Cricket Association Stadium,15,20,75.0
DJ Hussey,Holkar Cricket Stadium,21,15,140.0
DJ Hussey,JSCA International Stadium Complex,75,64,117.1875
DJ Hussey,Kingsmead,9,13,69.23076923076923
DJ Hussey,M Chinnaswamy Stadium,57,41,139.02439024390242
DJ Hussey,MA Chidambaram Stadium,29,26,111.53846153846155
DJ Hussey,New Wanderers Stadium,43,18,238.88888888888889
DJ Hussey,"Punjab Cricket Association Stadium, Mohali",337,263,128.13688212927755
DJ Hussey,Rajiv Gandhi International Stadium,95,70,135.71428571428572
DJ Hussey,Sawai Mansingh Stadium,96,73,131.50684931506848
DJ Hussey,Subrata Roy Sahara Stadium,26,30,86.66666666666667
DJ Hussey,SuperSport Park,46,30,153.33333333333334
DJ Hussey,Wankhede Stadium,59,54,109.25925925925925
DJ Jacobs,Feroz Shah Kotla,1,6,16.666666666666664
DJ Jacobs,M Chinnaswamy Stadium,22,17,129.41176470588235
DJ Jacobs,Rajiv Gandhi International Stadium,32,20,160.0
DJ Jacobs,Sawai Mansingh Stadium,15,16,93.75
DJ Jacobs,Wankhede Stadium,22,42,52.38095238095239
DJ Malan,"Narendra Modi Stadium, Ahmedabad",26,26,100.0
DJ Mitchell,"Dr DY Patil Sports Academy, Mumbai",17,21,80.95238095238095
DJ Mitchell,"Dr. Y.S. Rajasekhara Reddy ACA-VDCA Cricket Stadium, Visakhapatnam",34,26,130.76923076923077
DJ Mitchell,"Himachal Pradesh Cricket Association Stadium, Dharamsala",30,19,157.89473684210526
DJ Mitchell,M Chinnaswamy Stadium,4,7,57.14285714285714
DJ Mitchell,MA Chidambaram Stadium,157,115,136.52173913043478
DJ Mitchell,"Maharashtra Cricket Association Stadium, Pune",16,25,64.0
DJ Mitchell,"Narendra Modi Stadium, Ahmedabad",63,34,185.29411764705884
DJ Mitchell,Rajiv Gandhi International Stadium,13,11,118.18181818181819
DJ Mitchell,Wankhede Stadium,17,16,106.25
DJ Muthuswami,Feroz Shah Kotla,1,3,33.33333333333333
DJ Thornely,Dr DY Patil Sports Academy,30,24,125.0
DJ Thornely,Rajiv Gandhi International Stadium,8,18,44.44444444444444
DJ Thornely,Wankhede Stadium,1,12,8.333333333333332
DJ Willey,"Dr DY Patil Sports Academy, Mumbai",18,30,60.0
DJ Willey,Eden Gardens,20,20,100.0
DJ Willey,M Chinnaswamy Stadium,15,12,125.0
DJ Willey,Wankhede Stadium,0,2,0.0
DJG Sammy,Dubai International Cricket Stadium,10,6,166.66666666666669
DJG Sammy,Eden Gardens,36,29,124.13793103448276
DJG Sammy,Feroz Shah Kotla,29,22,131.8181818181818
DJG Sammy,JSCA International Stadium Complex,0,3,0.0
DJG Sammy,M Chinnaswamy Stadium,14,18,77.77777777777779
DJG Sammy,MA Chidambaram Stadium,19,12,158.33333333333331
DJG Sammy,"Punjab Cricket Association Stadium, Mohali",0,3,0.0
DJG Sammy,Rajiv Gandhi International Stadium,83,75,110.66666666666667
DJG Sammy,Sawai Mansingh Stadium,60,44,136.36363636363635
DJG Sammy,Sharjah Cricket Stadium,38,27,140.74074074074073
DJG Sammy,Sheikh Zayed Stadium,6,12,50.0
DJM Short,Arun Jaitley Stadium,44,25,176.0
DJM Short,Holkar Cricket Stadium,2,2,100.0
DJM Short,M Chinnaswamy Stadium,11,18,61.111111111111114
DJM Short,Rajiv Gandhi International Stadium,4,5,80.0
DJM Short,Sawai Mansingh Stadium,50,46,108.69565217391303
DJM Short,Wankhede Stadium,4,6,66.66666666666666
DL Chahar,Arun Jaitley Stadium,1,2,50.0
DL Chahar,"Barsapara Cricket Stadium, Guwahati",6,5,120.0
DL Chahar,Dubai International Cricket Stadium,7,7,100.0
DL Chahar,Eden Gardens,10,7,142.85714285714286
DL Chahar,MA Chidambaram Stadium,29,20,145.0
DL Chahar,Maharashtra Cricket Association Stadium,53,27,196.2962962962963
DL Chahar,"Shaheed Veer Narayan Singh International Stadium, Raipur",1,2,50.0
DL Chahar,Sharjah Cricket Stadium,0,5,0.0
DL Chahar,Wankhede Stadium,34,29,117.24137931034481
DL Chahar,"Zayed Cricket Stadium, Abu Dhabi",1,1,100.0
DL Vettori,Eden Gardens,16,11,145.45454545454547
DL Vettori,Feroz Shah Kotla,39,42,92.85714285714286
DL Vettori,M Chinnaswamy Stadium,24,20,120.0
DL Vettori,MA Chidambaram Stadium,3,4,75.0
DL Vettori,New Wanderers Stadium,4,2,200.0
DL Vettori,OUTsurance Oval,1,2,50.0
DL Vettori,"Punjab Cricket Association Stadium, Mohali",2,3,66.66666666666666
DL Vettori,Rajiv Gandhi International Stadium,3,6,50.0
DL Vettori,SuperSport Park,29,28,103.57142857142858
DM Bravo,Maharashtra Cricket Association Stadium,6,5,120.0
DNT Zoysa,Rajiv Gandhi International Stadium,11,9,122.22222222222223
DP Conway,Arun Jaitley Stadium,97,61,159.01639344262296
DP Conway,"Brabourne Stadium, Mumbai",16,14,114.28571428571428
DP Conway,"Dr DY Patil Sports Academy, Mumbai",87,51,170.58823529411765
DP Conway,Eden Gardens,56,42,133.33333333333331
DP Conway,M Chinnaswamy Stadium,83,46,180.43478260869566
DP Conway,MA Chidambaram Stadium,415,325,127.69230769230768
DP Conway,"Maharaja Yadavindra Singh International Cricket Stadium, Mullanpur",69,53,130.18867924528303
DP Conway,"Maharashtra Cricket Association Stadium, Pune",141,93,151.61290322580646
DP Conway,"Narendra Modi Stadium, Ahmedabad",100,71,140.8450704225352
DP Conway,"Sawai Mansingh Stadium, Jaipur",8,16,50.0
DP Conway,Wankhede Stadium,8,22,36.36363636363637
DP Nannes,Barabati Stadium,1,2,50.0
DP Nannes,Feroz Shah Kotla,3,11,27.27272727272727
DP Vijaykumar,Feroz Shah Kotla,1,1,100.0
DPMD Jayawardene,Barabati Stadium,14,9,155.55555555555557
DPMD Jayawardene,Brabourne Stadium,20,20,100.0
DPMD Jayawardene,De Beers Diamond Oval,43,29,148.27586206896552
DPMD Jayawardene,Dr DY Patil Sports Academy,2,3,66.66666666666666
DPMD Jayawardene,Eden Gardens,212,154,137.66233766233768
DPMD Jayawardene,Feroz Shah Kotla,389,337,115.43026706231454
DPMD Jayawardene,Himachal Pradesh Cricket Association Stadium,161,126,127.77777777777777
DPMD Jayawardene,Holkar Cricket Stadium,82,59,138.98305084745763
DPMD Jayawardene,Kingsmead,67,58,115.51724137931035
DPMD Jayawardene,M Chinnaswamy Stadium,74,79,93.67088607594937
DPMD Jayawardene,MA Chidambaram Stadium,80,64,125.0
DPMD Jayawardene,Nehru Stadium,111,109,101.83486238532109
DPMD Jayawardene,Newlands,13,16,81.25
DPMD Jayawardene,"Punjab Cricket Association Stadium, Mohali",121,95,127.36842105263158
DPMD Jayawardene,Rajiv Gandhi International Stadium,56,37,151.35135135135135
DPMD Jayawardene,Sawai Mansingh Stadium,93,89,104.49438202247192
DPMD Jayawardene,Shaheed Veer Narayan Singh International Stadium,17,27,62.96296296296296
DPMD Jayawardene,St George's Park,52,44,118.18181818181819
DPMD Jayawardene,Subrata Roy Sahara Stadium,72,64,112.5
DPMD Jayawardene,SuperSport Park,44,25,176.0
DPMD Jayawardene,Wankhede Stadium,85,78,108.97435897435896
DR Martyn,M Chinnaswamy Stadium,19,26,73.07692307692307
DR Sams,"Brabourne Stadium, Mumbai",7,5,140.0
DR Sams,"Dr DY Patil Sports Academy, Mumbai",12,7,171.42857142857142
DR Sams,Dubai International Cricket Stadium,0,2,0.0
DR Sams,"Narendra Modi Stadium, Ahmedabad",6,6,100.0
DR Sams,Wankhede Stadium,19,28,67.85714285714286
DR Shorey,MA Chidambaram Stadium,5,11,45.45454545454545
DR Shorey,Maharashtra Cricket Association Stadium,8,9,88.88888888888889
DR Smith,Barabati Stadium,4,5,80.0
DR Smith,Brabourne Stadium,24,20,120.0
DR Smith,Buffalo Park,49,23,213.0434782608696
DR Smith,De Beers Diamond Oval,47,32,146.875
DR Smith,Dr DY Patil Sports Academy,5,10,50.0
DR Smith,Dubai International Cricket Stadium,79,50,158.0
DR Smith,Eden Gardens,222,174,127.58620689655173
DR Smith,Feroz Shah Kotla,235,146,160.95890410958904
DR Smith,Green Park,99,65,152.3076923076923
DR Smith,JSCA International Stadium Complex,133,104,127.88461538461537
DR Smith,Kingsmead,48,30,160.0
DR Smith,M Chinnaswamy Stadium,197,122,161.47540983606555
DR Smith,MA Chidambaram Stadium,148,147,100.68027210884354
DR Smith,Maharashtra Cricket Association Stadium,63,40,157.5
DR Smith,"Punjab Cricket Association IS Bindra Stadium, Mohali",74,39,189.74358974358972
DR Smith,Rajiv Gandhi International Stadium,97,96,101.04166666666667
DR Smith,"Sardar Patel Stadium, Motera",40,29,137.93103448275863
DR Smith,Saurashtra Cricket Association Stadium,114,94,121.27659574468086
DR Smith,Sawai Mansingh Stadium,95,68,139.70588235294116
DR Smith,Shaheed Veer Narayan Singh International Stadium,18,24,75.0
DR Smith,Sharjah Cricket Stadium,66,46,143.47826086956522
DR Smith,Sheikh Zayed Stadium,95,75,126.66666666666666
DR Smith,St George's Park,7,8,87.5
DR Smith,Subrata Roy Sahara Stadium,0,1,0.0
DR Smith,SuperSport Park,64,41,156.09756097560975
DR Smith,"Vidarbha Cricket Association Stadium, Jamtha",17,15,113.33333333333333
DR Smith,Wankhede Stadium,345,299,115.38461538461537
DS Kulkarni,Buffalo Park,1,4,25.0
DS Kulkarni,Dubai International Cricket Stadium,28,19,147.36842105263156
DS Kulkarni,Feroz Shah Kotla,3,2,150.0
DS Kulkarni,Kingsmead,1,5,20.0
DS Kulkarni,M Chinnaswamy Stadium,22,12,183.33333333333331
DS Kulkarni,Maharashtra Cricket Association Stadium,3,10,30.0
DS Kulkarni,"Punjab Cricket Association Stadium, Mohali",4,21,19.047619047619047
DS Kulkarni,Rajiv Gandhi International Stadium,4,6,66.66666666666666
DS Kulkarni,"Sardar Patel Stadium, Motera",8,10,80.0
DS Kulkarni,Saurashtra Cricket Association Stadium,6,4,150.0
DS Kulkarni,Sawai Mansingh Stadium,8,6,133.33333333333331
DS Kulkarni,Sharjah Cricket Stadium,3,2,150.0
DS Kulkarni,SuperSport Park,7,9,77.77777777777779
DS Kulkarni,Wankhede Stadium,6,3,200.0
DS Lehmann,Feroz Shah Kotla,1,2,50.0
DS Lehmann,Sawai Mansingh Stadium,17,17,100.0
DS Rathi,"Bharat Ratna Shri Atal Bihari Vajpayee Ekana Cricket Stadium, Lucknow",2,2,100.0
DS Rathi,M Chinnaswamy Stadium,0,3,0.0
DS Rathi,Wankhede Stadium,1,4,25.0
DT Christian,Arun Jaitley Stadium,6,11,54.54545454545454
DT Christian,Dr DY Patil Sports Academy,14,12,116.66666666666667
DT Christian,Dr. Y.S. Rajasekhara Reddy ACA-VDCA Cricket Stadium,41,41,100.0
DT Christian,Dubai International Cricket Stadium,1,3,33.33333333333333
DT Christian,Eden Gardens,34,23,147.82608695652172
DT Christian,Feroz Shah Kotla,30,36,83.33333333333334
DT Christian,Holkar Cricket Stadium,17,8,212.5
DT Christian,M Chinnaswamy Stadium,5,17,29.411764705882355
DT Christian,MA Chidambaram Stadium,32,32,100.0
DT Christian,Maharashtra Cricket Association Stadium,33,16,206.25
DT Christian,Nehru Stadium,9,12,75.0
DT Christian,Punjab Cricket Association IS Bindra Stadium,13,13,100.0
DT Christian,"Punjab Cricket Association Stadium, Mohali",24,11,218.18181818181816
DT Christian,Rajiv Gandhi International Stadium,130,102,127.45098039215685
DT Christian,Sawai Mansingh Stadium,29,19,152.63157894736844
DT Christian,Sharjah Cricket Stadium,9,9,100.0
DT Christian,Wankhede Stadium,32,39,82.05128205128204
DT Christian,"Zayed Cricket Stadium, Abu Dhabi",1,4,25.0
DT Patil,M Chinnaswamy Stadium,4,1,400.0
DT Patil,Sawai Mansingh Stadium,9,12,75.0
DV Malewar,"Narendra Modi Stadium, Ahmedabad",2,4,50.0
DV Malewar,Wankhede Stadium,0,1,0.0
DW Steyn,Barabati Stadium,7,3,233.33333333333334
DW Steyn,Dr DY Patil Sports Academy,5,5,100.0
DW Steyn,Dr. Y.S. Rajasekhara Reddy ACA-VDCA Cricket Stadium,7,10,70.0
DW Steyn,Dubai International Cricket Stadium,1,2,50.0
DW Steyn,Eden Gardens,14,14,100.0
DW Steyn,Feroz Shah Kotla,15,10,150.0
DW Steyn,M Chinnaswamy Stadium,10,16,62.5
DW Steyn,Maharashtra Cricket Association Stadium,4,1,400.0
DW Steyn,"Punjab Cricket Association Stadium, Mohali",1,3,33.33333333333333
DW Steyn,Rajiv Gandhi International Stadium,60,54,111.11111111111111
DW Steyn,"Sardar Patel Stadium, Motera",9,8,112.5
DW Steyn,Saurashtra Cricket Association Stadium,1,2,50.0
DW Steyn,Sawai Mansingh Stadium,18,9,200.0
DW Steyn,Sharjah Cricket Stadium,12,16,75.0
DW Steyn,St George's Park,0,3,0.0
DW Steyn,"Vidarbha Cricket Association Stadium, Jamtha",0,1,0.0
DW Steyn,Wankhede Stadium,3,6,50.0
Dhruv Jurel,Arun Jaitley Stadium,110,71,154.92957746478874
Dhruv Jurel,"Barsapara Cricket Stadium, Guwahati",177,111,159.45945945945945
Dhruv Jurel,"Bharat Ratna Shri Atal Bihari Vajpayee Ekana Cricket Stadium, Lucknow",52,35,148.57142857142858
Dhruv Jurel,Eden Gardens,7,12,58.333333333333336
Dhruv Jurel,"Himachal Pradesh Cricket Association Stadium, Dharamsala",10,4,250.0
Dhruv Jurel,M Chinnaswamy Stadium,81,56,144.64285714285714
Dhruv Jurel,MA Chidambaram Stadium,88,60,146.66666666666666
Dhruv Jurel,"Maharaja Yadavindra Singh International Cricket Stadium, Mullanpur",19,16,118.75
Dhruv Jurel,"Maharaja Yadavindra Singh International Cricket Stadium, New Chandigarh",73,48,152.08333333333331
Dhruv Jurel,"Narendra Modi Stadium, Ahmedabad",106,69,153.6231884057971
Dhruv Jurel,Rajiv Gandhi International Stadium,71,42,169.04761904761904
Dhruv Jurel,"Sawai Mansingh Stadium, Jaipur",361,248,145.56451612903226
Dhruv Jurel,Wankhede Stadium,40,29,137.93103448275863
E Lewis,Arun Jaitley Stadium,48,32,150.0
E Lewis,"Brabourne Stadium, Mumbai",55,25,220.00000000000003
E Lewis,"Dr DY Patil Sports Academy, Mumbai",6,18,33.33333333333333
E Lewis,Dubai International Cricket Stadium,100,64,156.25
E Lewis,Eden Gardens,35,37,94.5945945945946
E Lewis,Holkar Cricket Stadium,10,13,76.92307692307693
E Lewis,MA Chidambaram Stadium,32,31,103.2258064516129
E Lewis,Maharashtra Cricket Association Stadium,47,45,104.44444444444446
E Lewis,Rajiv Gandhi International Stadium,29,18,161.11111111111111
E Lewis,Sawai Mansingh Stadium,0,1,0.0
E Lewis,Sharjah Cricket Stadium,24,20,120.0
E Lewis,Wankhede Stadium,241,183,131.69398907103823
E Lewis,"Zayed Cricket Stadium, Abu Dhabi",27,12,225.0
E Malinga,"Maharaja Yadavindra Singh International Cricket Stadium, New Chandigarh",5,8,62.5
E Malinga,"Narendra Modi Stadium, Ahmedabad",0,3,0.0
E Malinga,Rajiv Gandhi International Stadium,2,7,28.57142857142857
EJG Morgan,Brabourne Stadium,70,36,194.44444444444443
EJG Morgan,Dr. Y.S. Rajasekhara Reddy ACA-VDCA Cricket Stadium,28,32,87.5
EJG Morgan,Dubai International Cricket Stadium,125,88,142.04545454545453
EJG Morgan,Eden Gardens,200,158,126.58227848101266
EJG Morgan,Feroz Shah Kotla,22,21,104.76190476190477
EJG Morgan,M Chinnaswamy Stadium,44,46,95.65217391304348
EJG Morgan,MA Chidambaram Stadium,76,65,116.92307692307693
EJG Morgan,Maharashtra Cricket Association Stadium,4,4,100.0
EJG Morgan,"Narendra Modi Stadium, Ahmedabad",47,42,111.90476190476191
EJG Morgan,Nehru Stadium,66,52,126.92307692307692
EJG Morgan,"Punjab Cricket Association IS Bindra Stadium, Mohali",26,21,123.80952380952381
EJG Morgan,"Punjab Cricket Association Stadium, Mohali",47,39,120.51282051282051
EJG Morgan,Rajiv Gandhi International Stadium,192,177,108.47457627118644
EJG Morgan,Sawai Mansingh Stadium,51,39,130.76923076923077
EJG Morgan,Shaheed Veer Narayan Singh International Stadium,46,44,104.54545454545455
EJG Morgan,Sharjah Cricket Stadium,110,80,137.5
EJG Morgan,Sheikh Zayed Stadium,210,182,115.38461538461537
EJG Morgan,Subrata Roy Sahara Stadium,15,15,100.0
EJG Morgan,Wankhede Stadium,12,18,66.66666666666666
EJG Morgan,"Zayed Cricket Stadium, Abu Dhabi",15,22,68.18181818181817
ER Dwivedi,Feroz Shah Kotla,5,6,83.33333333333334
ER Dwivedi,M Chinnaswamy Stadium,19,9,211.11111111111111
F Behardien,Dr. Y.S. Rajasekhara Reddy ACA-VDCA Cricket Stadium,5,5,100.0
F Behardien,M Chinnaswamy Stadium,0,1,0.0
F Behardien,"Punjab Cricket Association IS Bindra Stadium, Mohali",9,7,128.57142857142858
F du Plessis,Arun Jaitley Stadium,240,183,131.14754098360655
F du Plessis,Barabati Stadium,52,25,208.0
F du Plessis,"Bharat Ratna Shri Atal Bihari Vajpayee Ekana Cricket Stadium, Lucknow",44,40,110.00000000000001
F du Plessis,Brabourne Stadium,35,22,159.0909090909091
F du Plessis,"Brabourne Stadium, Mumbai",15,19,78.94736842105263
F du Plessis,"Dr DY Patil Sports Academy, Mumbai",197,139,141.72661870503597
F du Plessis,Dr. Y.S. Rajasekhara Reddy ACA-VDCA Cricket Stadium,89,64,139.0625
F du Plessis,"Dr. Y.S. Rajasekhara Reddy ACA-VDCA Cricket Stadium, Visakhapatnam",79,48,164.58333333333331
F du Plessis,Dubai International Cricket Stadium,385,308,125.0
F du Plessis,Eden Gardens,138,102,135.29411764705884
F du Plessis,Feroz Shah Kotla,15,13,115.38461538461537
F du Plessis,"Himachal Pradesh Cricket Association Stadium, Dharamsala",9,7,128.57142857142858
F du Plessis,JSCA International Stadium Complex,78,75,104.0
F du Plessis,M Chinnaswamy Stadium,653,415,157.34939759036143
F du Plessis,MA Chidambaram Stadium,588,500,117.6
F du Plessis,Maharashtra Cricket Association Stadium,61,67,91.04477611940298
F du Plessis,"Maharashtra Cricket Association Stadium, Pune",77,69,111.59420289855073
F du Plessis,"Narendra Modi Stadium, Ahmedabad",66,54,122.22222222222223
F du Plessis,Punjab Cricket Association IS Bindra Stadium,96,55,174.54545454545453
F du Plessis,"Punjab Cricket Association IS Bindra Stadium, Mohali",67,55,121.81818181818183
F du Plessis,"Punjab Cricket Association IS Bindra Stadium, Mohali, Chandigarh",84,57,147.36842105263156
F du Plessis,"Punjab Cricket Association Stadium, Mohali",55,43,127.90697674418605
F du Plessis,Rajiv Gandhi International Stadium,244,173,141.04046242774567
F du Plessis,"Sardar Patel Stadium, Motera",1,3,33.33333333333333
F du Plessis,Saurashtra Cricket Association Stadium,69,43,160.46511627906978
F du Plessis,Sawai Mansingh Stadium,7,10,70.0
F du Plessis,"Sawai Mansingh Stadium, Jaipur",122,93,131.18279569892474
F du Plessis,Shaheed Veer Narayan Singh International Stadium,29,23,126.08695652173914
F du Plessis,Sharjah Cricket Stadium,203,156,130.12820512820514
F du Plessis,Sheikh Zayed Stadium,157,116,135.3448275862069
F du Plessis,Subrata Roy Sahara Stadium,43,34,126.47058823529412
F du Plessis,Wankhede Stadium,707,545,129.72477064220183
F du Plessis,"Zayed Cricket Stadium, Abu Dhabi",68,49,138.77551020408163
FA Allen,"Brabourne Stadium, Mumbai",8,7,114.28571428571428
FA Allen,Dubai International Cricket Stadium,0,1,0.0
FA Allen,MA Chidambaram Stadium,6,11,54.54545454545454
FH Allen,Arun Jaitley Stadium,100,47,212.7659574468085
FH Allen,Eden Gardens,164,78,210.25641025641028
FH Allen,MA Chidambaram Stadium,1,3,33.33333333333333
FH Allen,Rajiv Gandhi International Stadium,29,14,207.14285714285717
FH Allen,"Shaheed Veer Narayan Singh International Stadium, Raipur",18,8,225.0
FH Allen,Wankhede Stadium,37,18,205.55555555555554
FH Edwards,Kingsmead,1,3,33.33333333333333
FH Edwards,Newlands,3,2,150.0
FY Fazal,Eden Gardens,16,17,94.11764705882352
FY Fazal,Feroz Shah Kotla,0,2,0.0
FY Fazal,Holkar Cricket Stadium,16,15,106.66666666666667
FY Fazal,MA Chidambaram Stadium,4,6,66.66666666666666
FY Fazal,"Punjab Cricket Association Stadium, Mohali",45,40,112.5
FY Fazal,"Sardar Patel Stadium, Motera",56,54,103.7037037037037
FY Fazal,Sawai Mansingh Stadium,10,16,62.5
FY Fazal,"Vidarbha Cricket Association Stadium, Jamtha",36,29,124.13793103448276
Fazalhaq Farooqi,M Chinnaswamy Stadium,2,2,100.0
Fazalhaq Farooqi,"Narendra Modi Stadium, Ahmedabad",1,5,20.0
Fazalhaq Farooqi,Wankhede Stadium,2,8,25.0
G Coetzee,"Bharat Ratna Shri Atal Bihari Vajpayee Ekana Cricket Stadium, Lucknow",1,2,50.0
G Coetzee,"Narendra Modi Stadium, Ahmedabad",6,8,75.0
G Coetzee,"Sawai Mansingh Stadium, Jaipur",0,1,0.0
G Coetzee,Wankhede Stadium,24,22,109.09090909090908
G Gambhir,Arun Jaitley Stadium,4,16,25.0
G Gambhir,Barabati Stadium,107,97,110.30927835051547
G Gambhir,Brabourne Stadium,18,12,150.0
G Gambhir,Buffalo Park,19,24,79.16666666666666
G Gambhir,Dr DY Patil Sports Academy,55,57,96.49122807017544
G Gambhir,Dr. Y.S. Rajasekhara Reddy ACA-VDCA Cricket Stadium,4,9,44.44444444444444
G Gambhir,Dubai International Cricket Stadium,0,5,0.0
G Gambhir,Eden Gardens,1407,1148,122.5609756097561
G Gambhir,Feroz Shah Kotla,668,507,131.75542406311638
G Gambhir,Green Park,8,8,100.0
G Gambhir,JSCA International Stadium Complex,32,40,80.0
G Gambhir,Kingsmead,90,85,105.88235294117648
G Gambhir,M Chinnaswamy Stadium,302,251,120.3187250996016
G Gambhir,MA Chidambaram Stadium,187,165,113.33333333333333
G Gambhir,Maharashtra Cricket Association Stadium,84,72,116.66666666666667
G Gambhir,Nehru Stadium,0,1,0.0
G Gambhir,New Wanderers Stadium,58,58,100.0
G Gambhir,Newlands,15,14,107.14285714285714
G Gambhir,OUTsurance Oval,16,19,84.21052631578947
G Gambhir,Punjab Cricket Association IS Bindra Stadium,55,42,130.95238095238096
G Gambhir,"Punjab Cricket Association IS Bindra Stadium, Mohali",42,53,79.24528301886792
G Gambhir,"Punjab Cricket Association Stadium, Mohali",216,151,143.04635761589404
G Gambhir,Rajiv Gandhi International Stadium,164,134,122.38805970149254
G Gambhir,"Sardar Patel Stadium, Motera",63,42,150.0
G Gambhir,Saurashtra Cricket Association Stadium,76,50,152.0
G Gambhir,Sawai Mansingh Stadium,128,91,140.65934065934067
G Gambhir,Sharjah Cricket Stadium,0,1,0.0
G Gambhir,Sheikh Zayed Stadium,46,59,77.96610169491525
G Gambhir,St George's Park,16,19,84.21052631578947
G Gambhir,Subrata Roy Sahara Stadium,92,74,124.32432432432432
G Gambhir,SuperSport Park,72,64,112.5
G Gambhir,Wankhede Stadium,173,156,110.8974358974359
GB Hogg,Eden Gardens,5,5,100.0
GB Hogg,MA Chidambaram Stadium,2,1,200.0
GB Hogg,Sawai Mansingh Stadium,13,11,118.18181818181819
GB Hogg,Wankhede Stadium,2,5,40.0
GC Smith,Brabourne Stadium,26,22,118.18181818181819
GC Smith,De Beers Diamond Oval,31,36,86.11111111111111
GC Smith,Dr DY Patil Sports Academy,47,63,74.60317460317461
GC Smith,Eden Gardens,24,24,100.0
GC Smith,Kingsmead,96,63,152.38095238095238
GC Smith,M Chinnaswamy Stadium,49,42,116.66666666666667
GC Smith,MA Chidambaram Stadium,91,52,175.0
GC Smith,Newlands,19,41,46.34146341463415
GC Smith,OUTsurance Oval,0,5,0.0
GC Smith,Rajiv Gandhi International Stadium,71,46,154.34782608695653
GC Smith,"Sardar Patel Stadium, Motera",18,18,100.0
GC Smith,Sawai Mansingh Stadium,176,180,97.77777777777777
GC Smith,St George's Park,0,2,0.0
GC Smith,SuperSport Park,66,75,88.0
GC Smith,Wankhede Stadium,25,22,113.63636363636364
GC Viljoen,Arun Jaitley Stadium,2,3,66.66666666666666
GC Viljoen,M Chinnaswamy Stadium,0,1,0.0
GC Viljoen,Punjab Cricket Association IS Bindra Stadium,1,3,33.33333333333333
GD McGrath,Dr DY Patil Sports Academy,0,2,0.0
GD McGrath,Wankhede Stadium,4,3,133.33333333333331
GD Phillips,Arun Jaitley Stadium,14,10,140.0
GD Phillips,"Maharaja Yadavindra Singh International Cricket Stadium, New Chandigarh",25,17,147.05882352941177
GD Phillips,"Narendra Modi Stadium, Ahmedabad",28,30,93.33333333333333
GD Phillips,Rajiv Gandhi International Stadium,13,11,118.18181818181819
GD Phillips,"Sawai Mansingh Stadium, Jaipur",25,7,357.14285714285717
GD Phillips,Sharjah Cricket Stadium,12,25,48.0
GD Phillips,Wankhede Stadium,1,4,25.0
GD Phillips,"Zayed Cricket Stadium, Abu Dhabi",14,8,175.0
GF Linde,"Bharat Ratna Shri Atal Bihari Vajpayee Ekana Cricket Stadium, Lucknow",24,14,171.42857142857142
GF Linde,M Chinnaswamy Stadium,7,7,100.0
GH Vihari,Arun Jaitley Stadium,2,3,66.66666666666666
GH Vihari,Eden Gardens,7,15,46.666666666666664
GH Vihari,Feroz Shah Kotla,18,31,58.06451612903226
GH Vihari,M Chinnaswamy Stadium,4,3,133.33333333333331
GH Vihari,MA Chidambaram Stadium,2,3,66.66666666666666
GH Vihari,Maharashtra Cricket Association Stadium,1,9,11.11111111111111
GH Vihari,Punjab Cricket Association IS Bindra Stadium,2,5,40.0
GH Vihari,"Punjab Cricket Association Stadium, Mohali",14,15,93.33333333333333
GH Vihari,Rajiv Gandhi International Stadium,173,190,91.05263157894737
GH Vihari,Sawai Mansingh Stadium,4,9,44.44444444444444
GH Vihari,Wankhede Stadium,57,48,118.75
GHS Garton,Sharjah Cricket Stadium,0,1,0.0
GHS Garton,"Zayed Cricket Stadium, Abu Dhabi",2,3,66.66666666666666
GJ Bailey,Barabati Stadium,52,24,216.66666666666666
GJ Bailey,Dr. Y.S. Rajasekhara Reddy ACA-VDCA Cricket Stadium,51,70,72.85714285714285
GJ Bailey,Dubai International Cricket Stadium,16,16,100.0
GJ Bailey,Eden Gardens,59,44,134.0909090909091
GJ Bailey,Feroz Shah Kotla,24,23,104.34782608695652
GJ Bailey,Kingsmead,15,12,125.0
GJ Bailey,M Chinnaswamy Stadium,22,42,52.38095238095239
GJ Bailey,MA Chidambaram Stadium,1,3,33.33333333333333
GJ Bailey,Maharashtra Cricket Association Stadium,103,77,133.76623376623377
GJ Bailey,"Punjab Cricket Association Stadium, Mohali",134,101,132.67326732673268
GJ Bailey,Rajiv Gandhi International Stadium,41,30,136.66666666666666
GJ Bailey,Sharjah Cricket Stadium,10,8,125.0
GJ Bailey,Sheikh Zayed Stadium,28,25,112.00000000000001
GJ Bailey,SuperSport Park,30,28,107.14285714285714
GJ Bailey,Wankhede Stadium,77,49,157.14285714285714
GJ Maxwell,Arun Jaitley Stadium,80,69,115.94202898550725
GJ Maxwell,Barabati Stadium,104,54,192.59259259259258
GJ Maxwell,"Bharat Ratna Shri Atal Bihari Vajpayee Ekana Cricket Stadium, Lucknow",4,5,80.0
GJ Maxwell,"Brabourne Stadium, Mumbai",80,54,148.14814814814815
GJ Maxwell,"Dr DY Patil Sports Academy, Mumbai",49,22,222.72727272727272
GJ Maxwell,Dr. Y.S. Rajasekhara Reddy ACA-VDCA Cricket Stadium,0,2,0.0
GJ Maxwell,Dubai International Cricket Stadium,231,183,126.22950819672131
GJ Maxwell,Eden Gardens,213,142,150.0
GJ Maxwell,Feroz Shah Kotla,14,18,77.77777777777779
GJ Maxwell,Himachal Pradesh Cricket Association Stadium,0,3,0.0
GJ Maxwell,Holkar Cricket Stadium,127,63,201.58730158730157
GJ Maxwell,M Chinnaswamy Stadium,354,214,165.42056074766356
GJ Maxwell,MA Chidambaram Stadium,176,127,138.58267716535434
GJ Maxwell,"Maharaja Yadavindra Singh International Cricket Stadium, Mullanpur",38,37,102.7027027027027
GJ Maxwell,Maharashtra Cricket Association Stadium,61,47,129.7872340425532
GJ Maxwell,"Maharashtra Cricket Association Stadium, Pune",11,6,183.33333333333331
GJ Maxwell,"Narendra Modi Stadium, Ahmedabad",49,36,136.11111111111111
GJ Maxwell,"Punjab Cricket Association IS Bindra Stadium, Mohali",174,118,147.45762711864407
GJ Maxwell,"Punjab Cricket Association IS Bindra Stadium, Mohali, Chandigarh",0,1,0.0
GJ Maxwell,"Punjab Cricket Association Stadium, Mohali",30,39,76.92307692307693
GJ Maxwell,Rajiv Gandhi International Stadium,75,56,133.92857142857142
GJ Maxwell,"Sardar Patel Stadium, Motera",2,7,28.57142857142857
GJ Maxwell,Saurashtra Cricket Association Stadium,31,19,163.1578947368421
GJ Maxwell,Sawai Mansingh Stadium,17,12,141.66666666666669
GJ Maxwell,"Sawai Mansingh Stadium, Jaipur",55,38,144.73684210526315
GJ Maxwell,Sharjah Cricket Stadium,280,164,170.73170731707316
GJ Maxwell,Sheikh Zayed Stadium,137,91,150.54945054945054
GJ Maxwell,Subrata Roy Sahara Stadium,13,7,185.71428571428572
GJ Maxwell,Wankhede Stadium,365,219,166.66666666666669
GJ Maxwell,"Zayed Cricket Stadium, Abu Dhabi",50,43,116.27906976744187
GR Napier,Buffalo Park,15,16,93.75
Gulbadin Naib,Arun Jaitley Stadium,19,15,126.66666666666666
Gurkeerat Singh,Arun Jaitley Stadium,27,20,135.0
Gurkeerat Singh,Dr. Y.S. Rajasekhara Reddy ACA-VDCA Cricket Stadium,57,34,167.64705882352942
Gurkeerat Singh,Dubai International Cricket Stadium,21,21,100.0
Gurkeerat Singh,Eden Gardens,43,35,122.85714285714286
Gurkeerat Singh,Feroz Shah Kotla,8,5,160.0
Gurkeerat Singh,Himachal Pradesh Cricket Association Stadium,26,13,200.0
Gurkeerat Singh,M Chinnaswamy Stadium,89,71,125.35211267605635
Gurkeerat Singh,MA Chidambaram Stadium,0,1,0.0
Gurkeerat Singh,Maharashtra Cricket Association Stadium,11,10,110.00000000000001
Gurkeerat Singh,"Punjab Cricket Association IS Bindra Stadium, Mohali",27,20,135.0
Gurkeerat Singh,"Punjab Cricket Association Stadium, Mohali",120,105,114.28571428571428
Gurkeerat Singh,Rajiv Gandhi International Stadium,20,17,117.64705882352942
Gurkeerat Singh,Saurashtra Cricket Association Stadium,0,3,0.0
Gurkeerat Singh,Sawai Mansingh Stadium,10,15,66.66666666666666
Gurkeerat Singh,Sharjah Cricket Stadium,15,24,62.5
Gurkeerat Singh,Sheikh Zayed Stadium,35,38,92.10526315789474
Gurkeerat Singh,Wankhede Stadium,2,4,50.0
H Das,Rajiv Gandhi International Stadium,2,5,40.0
H Klaasen,Arun Jaitley Stadium,176,84,209.52380952380955
H Klaasen,"Bharat Ratna Shri Atal Bihari Vajpayee Ekana Cricket Stadium, Lucknow",71,43,165.11627906976744
H Klaasen,"Dr. Y.S. Rajasekhara Reddy ACA-VDCA Cricket Stadium, Visakhapatnam",32,20,160.0
H Klaasen,Eden Gardens,182,115,158.26086956521738
H Klaasen,M Chinnaswamy Stadium,104,64,162.5
H Klaasen,MA Chidambaram Stadium,157,128,122.65625
H Klaasen,"Maharaja Yadavindra Singh International Cricket Stadium, Mullanpur",9,9,100.0
H Klaasen,"Maharaja Yadavindra Singh International Cricket Stadium, New Chandigarh",57,48,118.75
H Klaasen,Maharashtra Cricket Association Stadium,7,7,100.0
H Klaasen,"Narendra Modi Stadium, Ahmedabad",157,114,137.71929824561403
H Klaasen,Rajiv Gandhi International Stadium,943,547,172.3948811700183
H Klaasen,Sawai Mansingh Stadium,32,23,139.1304347826087
H Klaasen,"Sawai Mansingh Stadium, Jaipur",55,37,148.64864864864865
H Klaasen,Wankhede Stadium,122,81,150.6172839506173
HC Brook,Arun Jaitley Stadium,0,2,0.0
HC Brook,"Bharat Ratna Shri Atal Bihari Vajpayee Ekana Cricket Stadium, Lucknow",3,4,75.0
HC Brook,Eden Gardens,100,58,172.41379310344826
HC Brook,MA Chidambaram Stadium,18,13,138.46153846153845
HC Brook,Rajiv Gandhi International Stadium,69,81,85.18518518518519
HC Brook,Wankhede Stadium,0,1,0.0
HE van der Dussen,"Dr DY Patil Sports Academy, Mumbai",18,21,85.71428571428571
HE van der Dussen,Wankhede Stadium,4,4,100.0
HF Gurney,MA Chidambaram Stadium,1,5,20.0
HH Gibbs,Barabati Stadium,54,49,110.20408163265304
HH Gibbs,Brabourne Stadium,17,15,113.33333333333333
HH Gibbs,Buffalo Park,0,3,0.0
HH Gibbs,De Beers Diamond Oval,13,13,100.0
HH Gibbs,Dr DY Patil Sports Academy,64,66,96.96969696969697
HH Gibbs,Eden Gardens,116,107,108.41121495327101
HH Gibbs,Feroz Shah Kotla,22,23,95.65217391304348
HH Gibbs,Kingsmead,127,103,123.3009708737864
HH Gibbs,M Chinnaswamy Stadium,7,14,50.0
HH Gibbs,MA Chidambaram Stadium,55,49,112.24489795918366
HH Gibbs,New Wanderers Stadium,107,122,87.70491803278688
HH Gibbs,Newlands,56,34,164.70588235294116
HH Gibbs,"Punjab Cricket Association Stadium, Mohali",44,35,125.71428571428571
HH Gibbs,Rajiv Gandhi International Stadium,67,64,104.6875
HH Gibbs,"Sardar Patel Stadium, Motera",25,16,156.25
HH Gibbs,Sawai Mansingh Stadium,19,20,95.0
HH Gibbs,St George's Park,8,10,80.0
HH Gibbs,SuperSport Park,60,59,101.69491525423729
HH Gibbs,"Vidarbha Cricket Association Stadium, Jamtha",12,10,120.0
HH Gibbs,Wankhede Stadium,13,25,52.0
HH Pandya,Arun Jaitley Stadium,128,73,175.34246575342465
HH Pandya,"Barsapara Cricket Stadium, Guwahati",9,6,150.0
HH Pandya,"Bharat Ratna Shri Atal Bihari Vajpayee Ekana Cricket Stadium, Lucknow",94,67,140.2985074626866
HH Pandya,"Brabourne Stadium, Mumbai",54,37,145.94594594594594
HH Pandya,"Dr DY Patil Sports Academy, Mumbai",205,160,128.125
HH Pandya,Dr. Y.S. Rajasekhara Reddy ACA-VDCA Cricket Stadium,7,16,43.75
HH Pandya,Dubai International Cricket Stadium,68,47,144.6808510638298
HH Pandya,Eden Gardens,214,146,146.57534246575344
HH Pandya,Feroz Shah Kotla,31,20,155.0
HH Pandya,Green Park,7,8,87.5
HH Pandya,Holkar Cricket Stadium,38,17,223.52941176470588
HH Pandya,M Chinnaswamy Stadium,107,72,148.61111111111111
HH Pandya,MA Chidambaram Stadium,119,108,110.18518518518519
HH Pandya,"Maharaja Yadavindra Singh International Cricket Stadium, Mullanpur",10,6,166.66666666666669
HH Pandya,"Maharaja Yadavindra Singh International Cricket Stadium, New Chandigarh",22,12,183.33333333333331
HH Pandya,Maharashtra Cricket Association Stadium,48,25,192.0
HH Pandya,"Maharashtra Cricket Association Stadium, Pune",42,40,105.0
HH Pandya,"Narendra Modi Stadium, Ahmedabad",276,226,122.12389380530972
HH Pandya,Punjab Cricket Association IS Bindra Stadium,31,20,155.0
HH Pandya,"Punjab Cricket Association IS Bindra Stadium, Mohali",4,2,200.0
HH Pandya,"Punjab Cricket Association IS Bindra Stadium, Mohali, Chandigarh",8,11,72.72727272727273
HH Pandya,Rajiv Gandhi International Stadium,81,83,97.59036144578313
HH Pandya,Saurashtra Cricket Association Stadium,4,5,80.0
HH Pandya,Sawai Mansingh Stadium,27,19,142.10526315789474
HH Pandya,"Sawai Mansingh Stadium, Jaipur",123,67,183.5820895522388
HH Pandya,Sharjah Cricket Stadium,50,43,116.27906976744187
HH Pandya,Sheikh Zayed Stadium,190,108,175.92592592592592
HH Pandya,Wankhede Stadium,917,633,144.8657187993681
HH Pandya,"Zayed Cricket Stadium, Abu Dhabi",50,39,128.2051282051282
HM Amla,Dr. Y.S. Rajasekhara Reddy ACA-VDCA Cricket Stadium,30,35,85.71428571428571
HM Amla,Eden Gardens,25,28,89.28571428571429
HM Amla,Feroz Shah Kotla,19,12,158.33333333333331
HM Amla,Holkar Cricket Stadium,190,129,147.28682170542635
HM Amla,M Chinnaswamy Stadium,10,9,111.11111111111111
HM Amla,"Punjab Cricket Association IS Bindra Stadium, Mohali",238,164,145.1219512195122
HM Amla,Rajiv Gandhi International Stadium,0,1,0.0
HM Amla,Saurashtra Cricket Association Stadium,65,40,162.5
HR Shokeen,"Dr DY Patil Sports Academy, Mumbai",25,25,100.0
HR Shokeen,M Chinnaswamy Stadium,5,3,166.66666666666669
HR Shokeen,MA Chidambaram Stadium,0,1,0.0
HR Shokeen,Wankhede Stadium,36,38,94.73684210526315
HV Patel,Arun Jaitley Stadium,60,33,181.8181818181818
HV Patel,"Brabourne Stadium, Mumbai",15,17,88.23529411764706
HV Patel,"Dr DY Patil Sports Academy, Mumbai",10,7,142.85714285714286
HV Patel,"Dr. Y.S. Rajasekhara Reddy ACA-VDCA Cricket Stadium, Visakhapatnam",5,9,55.55555555555556
HV Patel,Dubai International Cricket Stadium,5,10,50.0
HV Patel,Eden Gardens,12,12,100.0
HV Patel,"Himachal Pradesh Cricket Association Stadium, Dharamsala",12,14,85.71428571428571
HV Patel,JSCA International Stadium Complex,2,3,66.66666666666666
HV Patel,M Chinnaswamy Stadium,31,29,106.89655172413792
HV Patel,MA Chidambaram Stadium,4,4,100.0
HV Patel,"Maharaja Yadavindra Singh International Cricket Stadium, Mullanpur",1,5,20.0
HV Patel,"Maharashtra Cricket Association Stadium, Pune",8,12,66.66666666666666
HV Patel,"Narendra Modi Stadium, Ahmedabad",32,15,213.33333333333334
HV Patel,Punjab Cricket Association IS Bindra Stadium,0,3,0.0
HV Patel,Rajiv Gandhi International Stadium,28,24,116.66666666666667
HV Patel,Sharjah Cricket Stadium,28,28,100.0
HV Patel,Wankhede Stadium,15,15,100.0
HV Patel,"Zayed Cricket Stadium, Abu Dhabi",12,10,120.0
Harbhajan Singh,Brabourne Stadium,20,15,133.33333333333331
Harbhajan Singh,Buffalo Park,16,14,114.28571428571428
Harbhajan Singh,Dr DY Patil Sports Academy,59,23,256.52173913043475
Harbhajan Singh,Dr. Y.S. Rajasekhara Reddy ACA-VDCA Cricket Stadium,35,36,97.22222222222221
Harbhajan Singh,Dubai International Cricket Stadium,9,14,64.28571428571429
Harbhajan Singh,Eden Gardens,63,49,128.57142857142858
Harbhajan Singh,Feroz Shah Kotla,24,29,82.75862068965517
Harbhajan Singh,Green Park,3,6,50.0
Harbhajan Singh,Himachal Pradesh Cricket Association Stadium,5,8,62.5
Harbhajan Singh,Kingsmead,33,23,143.47826086956522
Harbhajan Singh,M Chinnaswamy Stadium,2,6,33.33333333333333
Harbhajan Singh,MA Chidambaram Stadium,100,75,133.33333333333331
Harbhajan Singh,Maharashtra Cricket Association Stadium,19,23,82.6086956521739
Harbhajan Singh,Newlands,4,2,200.0
Harbhajan Singh,"Punjab Cricket Association Stadium, Mohali",21,17,123.52941176470588
Harbhajan Singh,Rajiv Gandhi International Stadium,2,8,25.0
Harbhajan Singh,Saurashtra Cricket Association Stadium,0,1,0.0
Harbhajan Singh,Sawai Mansingh Stadium,11,8,137.5
Harbhajan Singh,Sharjah Cricket Stadium,10,5,200.0
Harbhajan Singh,Sheikh Zayed Stadium,0,2,0.0
Harbhajan Singh,St George's Park,19,9,211.11111111111111
Harbhajan Singh,Subrata Roy Sahara Stadium,4,4,100.0
Harbhajan Singh,SuperSport Park,12,9,133.33333333333331
Harbhajan Singh,Wankhede Stadium,362,250,144.79999999999998
Harmeet Singh,Dr DY Patil Sports Academy,0,1,0.0
Harmeet Singh,Eden Gardens,14,6,233.33333333333334
Harmeet Singh,"Punjab Cricket Association Stadium, Mohali",3,4,75.0
Harmeet Singh,Sawai Mansingh Stadium,1,1,100.0
Harpreet Brar,Arun Jaitley Stadium,22,19,115.78947368421053
Harpreet Brar,"Bharat Ratna Shri Atal Bihari Vajpayee Ekana Cricket Stadium, Lucknow",6,4,150.0
Harpreet Brar,"Brabourne Stadium, Mumbai",7,5,140.0
Harpreet Brar,"Dr DY Patil Sports Academy, Mumbai",1,2,50.0
Harpreet Brar,Eden Gardens,17,10,170.0
Harpreet Brar,"Himachal Pradesh Cricket Association Stadium, Dharamsala",22,17,129.41176470588235
Harpreet Brar,M Chinnaswamy Stadium,2,3,66.66666666666666
Harpreet Brar,"Maharaja Yadavindra Singh International Cricket Stadium, Mullanpur",59,51,115.68627450980394
Harpreet Brar,"Narendra Modi Stadium, Ahmedabad",30,24,125.0
Harpreet Brar,"Punjab Cricket Association IS Bindra Stadium, Mohali, Chandigarh",21,18,116.66666666666667
Harpreet Brar,Rajiv Gandhi International Stadium,1,2,50.0
Harpreet Brar,"Sawai Mansingh Stadium, Jaipur",7,2,350.0
Harpreet Brar,Sharjah Cricket Stadium,21,21,100.0
Harpreet Brar,Wankhede Stadium,19,20,95.0
Harpreet Brar,"Zayed Cricket Stadium, Abu Dhabi",14,19,73.68421052631578
Harpreet Singh,"Bharat Ratna Shri Atal Bihari Vajpayee Ekana Cricket Stadium, Lucknow",22,22,100.0
Harpreet Singh,M Chinnaswamy Stadium,1,1,100.0
Harpreet Singh,"Maharaja Yadavindra Singh International Cricket Stadium, Mullanpur",27,34,79.41176470588235
Harpreet Singh,"Punjab Cricket Association IS Bindra Stadium, Mohali, Chandigarh",13,9,144.44444444444443
Harpreet Singh,Sawai Mansingh Stadium,13,19,68.42105263157895
Harpreet Singh,Subrata Roy Sahara Stadium,6,6,100.0
Harpreet Singh,Wankhede Stadium,41,28,146.42857142857142
Harsh Dubey,Eden Gardens,9,4,225.0
Harsh Dubey,M Chinnaswamy Stadium,3,4,75.0
Harsh Dubey,"Maharaja Yadavindra Singh International Cricket Stadium, New Chandigarh",1,2,50.0
Harsh Dubey,Rajiv Gandhi International Stadium,0,1,0.0
Harshit Rana,Arun Jaitley Stadium,34,23,147.82608695652172
Harshit Rana,Eden Gardens,16,17,94.11764705882352
Harshit Rana,"Maharaja Yadavindra Singh International Cricket Stadium, Mullanpur",3,6,50.0
Harshit Rana,"Maharashtra Cricket Association Stadium, Pune",2,1,200.0
Harshit Rana,Rajiv Gandhi International Stadium,0,1,0.0
Harshit Rana,Wankhede Stadium,4,9,44.44444444444444
Himmat Singh,"Bharat Ratna Shri Atal Bihari Vajpayee Ekana Cricket Stadium, Lucknow",34,26,130.76923076923077
Himmat Singh,MA Chidambaram Stadium,17,13,130.76923076923077
Himmat Singh,"Maharaja Yadavindra Singh International Cricket Stadium, New Chandigarh",1,1,100.0
Himmat Singh,Wankhede Stadium,40,34,117.64705882352942
I Malhotra,Rajiv Gandhi International Stadium,7,4,175.0
I Sharma,Dr. Y.S. Rajasekhara Reddy ACA-VDCA Cricket Stadium,10,3,333.33333333333337
I Sharma,"Dr. Y.S. Rajasekhara Reddy ACA-VDCA Cricket Stadium, Visakhapatnam",1,3,33.33333333333333
I Sharma,Eden Gardens,9,18,50.0
I Sharma,M Chinnaswamy Stadium,0,7,0.0
I Sharma,MA Chidambaram Stadium,5,4,125.0
I Sharma,Maharashtra Cricket Association Stadium,1,5,20.0
I Sharma,Newlands,10,10,100.0
I Sharma,"Punjab Cricket Association IS Bindra Stadium, Mohali",5,2,250.0
I Sharma,Rajiv Gandhi International Stadium,5,10,50.0
I Sharma,Sawai Mansingh Stadium,1,1,100.0
I Sharma,St George's Park,6,3,200.0
I Sharma,Wankhede Stadium,4,5,80.0
I Udana,Dubai International Cricket Stadium,1,3,33.33333333333333
I Udana,Sharjah Cricket Stadium,10,6,166.66666666666669
I Udana,Sheikh Zayed Stadium,4,2,200.0
IC Pandey,M Chinnaswamy Stadium,0,2,0.0
IK Pathan,Barabati Stadium,60,30,200.0
IK Pathan,Brabourne Stadium,18,14,128.57142857142858
IK Pathan,De Beers Diamond Oval,10,12,83.33333333333334
IK Pathan,Dr DY Patil Sports Academy,14,16,87.5
IK Pathan,Dr. Y.S. Rajasekhara Reddy ACA-VDCA Cricket Stadium,2,3,66.66666666666666
IK Pathan,Dubai International Cricket Stadium,1,1,100.0
IK Pathan,Eden Gardens,60,40,150.0
IK Pathan,Feroz Shah Kotla,193,190,101.57894736842105
IK Pathan,Himachal Pradesh Cricket Association Stadium,54,49,110.20408163265304
IK Pathan,Kingsmead,84,69,121.73913043478262
IK Pathan,M Chinnaswamy Stadium,78,49,159.18367346938774
IK Pathan,MA Chidambaram Stadium,140,111,126.12612612612612
IK Pathan,Nehru Stadium,13,7,185.71428571428572
IK Pathan,New Wanderers Stadium,17,11,154.54545454545453
IK Pathan,Newlands,45,41,109.75609756097562
IK Pathan,OUTsurance Oval,21,12,175.0
IK Pathan,"Punjab Cricket Association IS Bindra Stadium, Mohali",2,2,100.0
IK Pathan,"Punjab Cricket Association Stadium, Mohali",118,86,137.2093023255814
IK Pathan,Rajiv Gandhi International Stadium,49,58,84.48275862068965
IK Pathan,"Sardar Patel Stadium, Motera",21,22,95.45454545454545
IK Pathan,Saurashtra Cricket Association Stadium,2,3,66.66666666666666
IK Pathan,Sawai Mansingh Stadium,45,48,93.75
IK Pathan,Shaheed Veer Narayan Singh International Stadium,4,1,400.0
IK Pathan,Sharjah Cricket Stadium,5,10,50.0
IK Pathan,St George's Park,19,16,118.75
IK Pathan,Subrata Roy Sahara Stadium,30,31,96.7741935483871
IK Pathan,SuperSport Park,0,3,0.0
IK Pathan,Wankhede Stadium,45,50,90.0
IR Jaggi,Barabati Stadium,3,7,42.857142857142854
IR Jaggi,Eden Gardens,3,9,33.33333333333333
IR Jaggi,M Chinnaswamy Stadium,33,40,82.5
IR Jaggi,Rajiv Gandhi International Stadium,25,29,86.20689655172413
IR Jaggi,Subrata Roy Sahara Stadium,10,8,125.0
IR Jaggi,Wankhede Stadium,2,7,28.57142857142857
IS Sodhi,Arun Jaitley Stadium,6,12,50.0
IS Sodhi,Eden Gardens,1,6,16.666666666666664
Imran Tahir,Dr. Y.S. Rajasekhara Reddy ACA-VDCA Cricket Stadium,5,7,71.42857142857143
Imran Tahir,Feroz Shah Kotla,3,4,75.0
Imran Tahir,MA Chidambaram Stadium,2,2,100.0
Imran Tahir,Maharashtra Cricket Association Stadium,0,2,0.0
Imran Tahir,"Punjab Cricket Association Stadium, Mohali",4,4,100.0
Imran Tahir,"Sardar Patel Stadium, Motera",4,6,66.66666666666666
Imran Tahir,Sharjah Cricket Stadium,13,10,130.0
Imran Tahir,Wankhede Stadium,2,2,100.0
Iqbal Abdulla,Eden Gardens,14,12,116.66666666666667
Iqbal Abdulla,M Chinnaswamy Stadium,62,51,121.56862745098039
Iqbal Abdulla,MA Chidambaram Stadium,3,7,42.857142857142854
Iqbal Abdulla,Rajiv Gandhi International Stadium,2,3,66.66666666666666
Iqbal Abdulla,Sawai Mansingh Stadium,1,2,50.0
Iqbal Abdulla,Wankhede Stadium,6,11,54.54545454545454
Ishan Kishan,Arun Jaitley Stadium,85,78,108.97435897435896
Ishan Kishan,"Bharat Ratna Shri Atal Bihari Vajpayee Ekana Cricket Stadium, Lucknow",220,158,139.24050632911394
Ishan Kishan,"Brabourne Stadium, Mumbai",139,95,146.31578947368422
Ishan Kishan,"Dr DY Patil Sports Academy, Mumbai",131,108,121.2962962962963
Ishan Kishan,"Dr. Y.S. Rajasekhara Reddy ACA-VDCA Cricket Stadium, Visakhapatnam",2,5,40.0
Ishan Kishan,Dubai International Cricket Stadium,286,186,153.76344086021504
Ishan Kishan,Eden Gardens,122,71,171.83098591549296
Ishan Kishan,Feroz Shah Kotla,6,13,46.15384615384615
Ishan Kishan,Green Park,95,68,139.70588235294116
Ishan Kishan,Holkar Cricket Stadium,25,20,125.0
Ishan Kishan,M Chinnaswamy Stadium,106,63,168.25396825396825
Ishan Kishan,MA Chidambaram Stadium,237,224,105.80357142857142
Ishan Kishan,"Maharaja Yadavindra Singh International Cricket Stadium, Mullanpur",8,8,100.0
Ishan Kishan,"Maharaja Yadavindra Singh International Cricket Stadium, New Chandigarh",60,28,214.28571428571428
Ishan Kishan,Maharashtra Cricket Association Stadium,31,25,124.0
Ishan Kishan,"Maharashtra Cricket Association Stadium, Pune",43,56,76.78571428571429
Ishan Kishan,"Narendra Modi Stadium, Ahmedabad",37,49,75.51020408163265
Ishan Kishan,"Punjab Cricket Association IS Bindra Stadium, Mohali",40,32,125.0
Ishan Kishan,"Punjab Cricket Association IS Bindra Stadium, Mohali, Chandigarh",75,41,182.9268292682927
Ishan Kishan,Rajiv Gandhi International Stadium,547,359,152.36768802228414
Ishan Kishan,Saurashtra Cricket Association Stadium,116,81,143.20987654320987
Ishan Kishan,Sawai Mansingh Stadium,58,42,138.0952380952381
Ishan Kishan,"Sawai Mansingh Stadium, Jaipur",74,36,205.55555555555554
Ishan Kishan,Sharjah Cricket Stadium,182,115,158.26086956521738
Ishan Kishan,Sheikh Zayed Stadium,118,107,110.28037383177569
Ishan Kishan,Wankhede Stadium,659,465,141.72043010752688
Ishan Kishan,"Zayed Cricket Stadium, Abu Dhabi",98,46,213.0434782608696
J Arunkumar,Eden Gardens,22,18,122.22222222222223
J Arunkumar,"Punjab Cricket Association Stadium, Mohali",1,3,33.33333333333333
J Arunkumar,Sawai Mansingh Stadium,0,3,0.0
J Botha,Eden Gardens,44,28,157.14285714285714
J Botha,Feroz Shah Kotla,12,19,63.1578947368421
J Botha,Kingsmead,10,9,111.11111111111111
J Botha,MA Chidambaram Stadium,31,26,119.23076923076923
J Botha,OUTsurance Oval,37,33,112.12121212121211
J Botha,"Punjab Cricket Association Stadium, Mohali",14,8,175.0
J Botha,Rajiv Gandhi International Stadium,71,58,122.41379310344827
J Botha,Sawai Mansingh Stadium,188,180,104.44444444444446
J Botha,Wankhede Stadium,2,3,66.66666666666666
J Fraser-McGurk,Arun Jaitley Stadium,231,93,248.38709677419354
J Fraser-McGurk,"Bharat Ratna Shri Atal Bihari Vajpayee Ekana Cricket Stadium, Lucknow",55,38,144.73684210526315
J Fraser-McGurk,"Dr. Y.S. Rajasekhara Reddy ACA-VDCA Cricket Stadium, Visakhapatnam",39,34,114.70588235294117
J Fraser-McGurk,Eden Gardens,12,7,171.42857142857142
J Fraser-McGurk,M Chinnaswamy Stadium,28,15,186.66666666666666
J Fraser-McGurk,MA Chidambaram Stadium,0,5,0.0
J Fraser-McGurk,"Narendra Modi Stadium, Ahmedabad",20,11,181.8181818181818
J Overton,"Barsapara Cricket Stadium, Guwahati",54,41,131.70731707317074
J Overton,M Chinnaswamy Stadium,37,16,231.25
J Overton,MA Chidambaram Stadium,25,14,178.57142857142858
J Overton,Rajiv Gandhi International Stadium,16,16,100.0
J Overton,Wankhede Stadium,19,11,172.72727272727272
J Suchith,MA Chidambaram Stadium,20,21,95.23809523809523
J Suchith,"Sardar Patel Stadium, Motera",0,1,0.0
J Suchith,Wankhede Stadium,50,40,125.0
J Syed Mohammad,Feroz Shah Kotla,13,10,130.0
J Syed Mohammad,M Chinnaswamy Stadium,5,3,166.66666666666669
J Syed Mohammad,MA Chidambaram Stadium,2,3,66.66666666666666
J Syed Mohammad,Wankhede Stadium,9,11,81.81818181818183
J Theron,MA Chidambaram Stadium,0,2,0.0
J Theron,"Punjab Cricket Association Stadium, Mohali",2,4,50.0
J Theron,Rajiv Gandhi International Stadium,7,6,116.66666666666667
J Theron,Wankhede Stadium,1,1,100.0
J Yadav,Feroz Shah Kotla,1,5,20.0
J Yadav,MA Chidambaram Stadium,23,22,104.54545454545455
J Yadav,Shaheed Veer Narayan Singh International Stadium,5,7,71.42857142857143
J Yadav,Sharjah Cricket Stadium,11,4,275.0
JA Morkel,Buffalo Park,4,5,80.0
JA Morkel,Dr DY Patil Sports Academy,35,24,145.83333333333331
JA Morkel,Dr. Y.S. Rajasekhara Reddy ACA-VDCA Cricket Stadium,2,4,50.0
JA Morkel,Dubai International Cricket Stadium,15,14,107.14285714285714
JA Morkel,Eden Gardens,45,45,100.0
JA Morkel,Feroz Shah Kotla,32,21,152.38095238095238
JA Morkel,Himachal Pradesh Cricket Association Stadium,28,16,175.0
JA Morkel,Kingsmead,35,28,125.0
JA Morkel,M Chinnaswamy Stadium,41,39,105.12820512820514
JA Morkel,MA Chidambaram Stadium,487,341,142.81524926686217
JA Morkel,Maharashtra Cricket Association Stadium,16,9,177.77777777777777
JA Morkel,Nehru Stadium,9,4,225.0
JA Morkel,New Wanderers Stadium,26,23,113.04347826086956
JA Morkel,Rajiv Gandhi International Stadium,12,12,100.0
JA Morkel,"Sardar Patel Stadium, Motera",28,12,233.33333333333334
JA Morkel,Sawai Mansingh Stadium,65,44,147.72727272727272
JA Morkel,Shaheed Veer Narayan Singh International Stadium,8,8,100.0
JA Morkel,Sharjah Cricket Stadium,6,5,120.0
JA Morkel,Sheikh Zayed Stadium,7,13,53.84615384615385
JA Morkel,St George's Park,5,3,166.66666666666669
JA Morkel,Subrata Roy Sahara Stadium,3,3,100.0
JA Morkel,SuperSport Park,27,14,192.85714285714286
JA Morkel,Wankhede Stadium,39,25,156.0
JA Richardson,Wankhede Stadium,17,27,62.96296296296296
JC Archer,Arun Jaitley Stadium,2,2,100.0
JC Archer,"Barsapara Cricket Stadium, Guwahati",16,10,160.0
JC Archer,Dubai International Cricket Stadium,31,29,106.89655172413792
JC Archer,Eden Gardens,53,32,165.625
JC Archer,Holkar Cricket Stadium,0,1,0.0
JC Archer,M Chinnaswamy Stadium,0,1,0.0
JC Archer,MA Chidambaram Stadium,27,13,207.6923076923077
JC Archer,"Maharaja Yadavindra Singh International Cricket Stadium, New Chandigarh",11,9,122.22222222222223
JC Archer,"Narendra Modi Stadium, Ahmedabad",5,6,83.33333333333334
JC Archer,Punjab Cricket Association IS Bindra Stadium,1,3,33.33333333333333
JC Archer,Rajiv Gandhi International Stadium,3,7,42.857142857142854
JC Archer,Sawai Mansingh Stadium,24,29,82.75862068965517
JC Archer,"Sawai Mansingh Stadium, Jaipur",38,36,105.55555555555556
JC Archer,Sharjah Cricket Stadium,42,16,262.5
JC Archer,Sheikh Zayed Stadium,40,21,190.47619047619045
JC Archer,Wankhede Stadium,33,17,194.11764705882354
JC Buttler,Arun Jaitley Stadium,303,175,173.14285714285717
JC Buttler,"Barsapara Cricket Stadium, Guwahati",98,62,158.06451612903226
JC Buttler,"Bharat Ratna Shri Atal Bihari Vajpayee Ekana Cricket Stadium, Lucknow",110,70,157.14285714285714
JC Buttler,"Brabourne Stadium, Mumbai",107,73,146.57534246575344
JC Buttler,"Dr DY Patil Sports Academy, Mumbai",228,162,140.74074074074073
JC Buttler,Dr. Y.S. Rajasekhara Reddy ACA-VDCA Cricket Stadium,29,21,138.0952380952381
JC Buttler,Dubai International Cricket Stadium,127,100,127.0
JC Buttler,Eden Gardens,374,233,160.51502145922746
JC Buttler,Feroz Shah Kotla,2,6,33.33333333333333
JC Buttler,Green Park,33,32,103.125
JC Buttler,"Himachal Pradesh Cricket Association Stadium, Dharamsala",29,15,193.33333333333334
JC Buttler,Holkar Cricket Stadium,128,77,166.23376623376623
JC Buttler,M Chinnaswamy Stadium,152,89,170.78651685393257
JC Buttler,MA Chidambaram Stadium,118,101,116.83168316831683
JC Buttler,"Maharaja Yadavindra Singh International Cricket Stadium, New Chandigarh",47,42,111.90476190476191
JC Buttler,Maharashtra Cricket Association Stadium,87,56,155.35714285714286
JC Buttler,"Maharashtra Cricket Association Stadium, Pune",43,37,116.21621621621621
JC Buttler,"Narendra Modi Stadium, Ahmedabad",677,443,152.8216704288939
JC Buttler,Punjab Cricket Association IS Bindra Stadium,23,20,114.99999999999999
JC Buttler,"Punjab Cricket Association IS Bindra Stadium, Mohali",24,14,171.42857142857142
JC Buttler,Rajiv Gandhi International Stadium,76,55,138.1818181818182
JC Buttler,Saurashtra Cricket Association Stadium,10,9,111.11111111111111
JC Buttler,Sawai Mansingh Stadium,434,311,139.54983922829584
JC Buttler,"Sawai Mansingh Stadium, Jaipur",398,294,135.37414965986395
JC Buttler,Sharjah Cricket Stadium,17,16,106.25
JC Buttler,Sheikh Zayed Stadium,184,117,157.26495726495727
JC Buttler,Wankhede Stadium,789,578,136.5051903114187
JD Ryder,Dr DY Patil Sports Academy,146,89,164.04494382022472
JD Ryder,Feroz Shah Kotla,86,58,148.27586206896552
JD Ryder,Kingsmead,34,26,130.76923076923077
JD Ryder,M Chinnaswamy Stadium,85,56,151.78571428571428
JD Ryder,MA Chidambaram Stadium,24,21,114.28571428571428
JD Ryder,Newlands,0,3,0.0
JD Ryder,"Punjab Cricket Association Stadium, Mohali",22,30,73.33333333333333
JD Ryder,Rajiv Gandhi International Stadium,35,21,166.66666666666669
JD Ryder,Sawai Mansingh Stadium,19,14,135.71428571428572
JD Ryder,Subrata Roy Sahara Stadium,119,112,106.25
JD Ryder,SuperSport Park,22,20,110.00000000000001
JD Ryder,Wankhede Stadium,12,16,75.0
JD Unadkat,"Brabourne Stadium, Mumbai",14,6,233.33333333333334
JD Unadkat,"Dr DY Patil Sports Academy, Mumbai",19,9,211.11111111111111
JD Unadkat,Dubai International Cricket Stadium,9,13,69.23076923076923
JD Unadkat,Eden Gardens,26,19,136.8421052631579
JD Unadkat,Holkar Cricket Stadium,6,7,85.71428571428571
JD Unadkat,JSCA International Stadium Complex,1,1,100.0
JD Unadkat,M Chinnaswamy Stadium,15,15,100.0
JD Unadkat,MA Chidambaram Stadium,10,15,66.66666666666666
JD Unadkat,"Maharaja Yadavindra Singh International Cricket Stadium, Mullanpur",6,1,600.0
JD Unadkat,Maharashtra Cricket Association Stadium,16,10,160.0
JD Unadkat,"Maharashtra Cricket Association Stadium, Pune",25,21,119.04761904761905
JD Unadkat,"Punjab Cricket Association Stadium, Mohali",0,1,0.0
JD Unadkat,Rajiv Gandhi International Stadium,10,14,71.42857142857143
JD Unadkat,Sawai Mansingh Stadium,1,3,33.33333333333333
JD Unadkat,Sharjah Cricket Stadium,6,5,120.0
JD Unadkat,Sheikh Zayed Stadium,1,5,20.0
JD Unadkat,Wankhede Stadium,36,28,128.57142857142858
JDP Oram,De Beers Diamond Oval,1,2,50.0
JDP Oram,Holkar Cricket Stadium,0,3,0.0
JDP Oram,Kingsmead,65,66,98.48484848484848
JDP Oram,MA Chidambaram Stadium,5,2,250.0
JDP Oram,New Wanderers Stadium,12,14,85.71428571428571
JDP Oram,Newlands,8,6,133.33333333333331
JDP Oram,"Punjab Cricket Association Stadium, Mohali",13,11,118.18181818181819
JDP Oram,SuperSport Park,2,6,33.33333333333333
JDS Neesham,Arun Jaitley Stadium,0,1,0.0
JDS Neesham,"Brabourne Stadium, Mumbai",14,12,116.66666666666667
JDS Neesham,"Dr DY Patil Sports Academy, Mumbai",17,15,113.33333333333333
JDS Neesham,Dubai International Cricket Stadium,18,19,94.73684210526315
JDS Neesham,"Punjab Cricket Association Stadium, Mohali",12,20,60.0
JDS Neesham,Sheikh Zayed Stadium,31,25,124.0
JDS Neesham,"Zayed Cricket Stadium, Abu Dhabi",0,1,0.0
JE Root,"Sawai Mansingh Stadium, Jaipur",10,15,66.66666666666666
JE Taylor,Dr DY Patil Sports Academy,1,2,50.0
JE Taylor,MA Chidambaram Stadium,2,2,100.0
JEC Franklin,Dr. Y.S. Rajasekhara Reddy ACA-VDCA Cricket Stadium,7,4,175.0
JEC Franklin,Eden Gardens,45,24,187.5
JEC Franklin,M Chinnaswamy Stadium,13,13,100.0
JEC Franklin,MA Chidambaram Stadium,41,48,85.41666666666666
JEC Franklin,"Punjab Cricket Association Stadium, Mohali",22,23,95.65217391304348
JEC Franklin,Subrata Roy Sahara Stadium,25,23,108.69565217391303
JEC Franklin,Wankhede Stadium,174,174,100.0
JG Bethell,Arun Jaitley Stadium,32,17,188.23529411764704
JG Bethell,"Bharat Ratna Shri Atal Bihari Vajpayee Ekana Cricket Stadium, Lucknow",4,8,50.0
JG Bethell,"Himachal Pradesh Cricket Association Stadium, Dharamsala",11,7,157.14285714285714
JG Bethell,M Chinnaswamy Stadium,69,43,160.46511627906978
JG Bethell,"Narendra Modi Stadium, Ahmedabad",5,5,100.0
JG Bethell,"Shaheed Veer Narayan Singh International Stadium, Raipur",42,40,105.0
JH Kallis,Barabati Stadium,23,24,95.83333333333334
JH Kallis,Brabourne Stadium,66,55,120.0
JH Kallis,Dr DY Patil Sports Academy,30,42,71.42857142857143
JH Kallis,Dubai International Cricket Stadium,0,2,0.0
JH Kallis,Eden Gardens,577,519,111.17533718689788
JH Kallis,Feroz Shah Kotla,159,133,119.54887218045114
JH Kallis,JSCA International Stadium Complex,46,60,76.66666666666667
JH Kallis,Kingsmead,112,101,110.8910891089109
JH Kallis,M Chinnaswamy Stadium,388,336,115.47619047619047
JH Kallis,MA Chidambaram Stadium,225,206,109.22330097087378
JH Kallis,Nehru Stadium,45,42,107.14285714285714
JH Kallis,New Wanderers Stadium,151,143,105.5944055944056
JH Kallis,Newlands,15,14,107.14285714285714
JH Kallis,"Punjab Cricket Association Stadium, Mohali",40,39,102.56410256410255
JH Kallis,Rajiv Gandhi International Stadium,85,85,100.0
JH Kallis,Sawai Mansingh Stadium,105,111,94.5945945945946
JH Kallis,Shaheed Veer Narayan Singh International Stadium,12,16,75.0
JH Kallis,Sharjah Cricket Stadium,43,43,100.0
JH Kallis,Sheikh Zayed Stadium,94,74,127.02702702702702
JH Kallis,St George's Park,36,31,116.12903225806453
JH Kallis,Subrata Roy Sahara Stadium,45,57,78.94736842105263
JH Kallis,SuperSport Park,47,60,78.33333333333333
JH Kallis,"Vidarbha Cricket Association Stadium, Jamtha",27,40,67.5
JH Kallis,Wankhede Stadium,56,58,96.55172413793103
JJ Bumrah,Arun Jaitley Stadium,0,1,0.0
JJ Bumrah,"Barsapara Cricket Stadium, Guwahati",5,2,250.0
JJ Bumrah,"Dr DY Patil Sports Academy, Mumbai",0,1,0.0
JJ Bumrah,Dr. Y.S. Rajasekhara Reddy ACA-VDCA Cricket Stadium,8,11,72.72727272727273
JJ Bumrah,Dubai International Cricket Stadium,7,9,77.77777777777779
JJ Bumrah,M Chinnaswamy Stadium,0,1,0.0
JJ Bumrah,MA Chidambaram Stadium,4,6,66.66666666666666
JJ Bumrah,"Maharashtra Cricket Association Stadium, Pune",0,2,0.0
JJ Bumrah,"Narendra Modi Stadium, Ahmedabad",1,1,100.0
JJ Bumrah,Rajiv Gandhi International Stadium,4,5,80.0
JJ Bumrah,Saurashtra Cricket Association Stadium,0,1,0.0
JJ Bumrah,"Sawai Mansingh Stadium, Jaipur",2,1,200.0
JJ Bumrah,Sharjah Cricket Stadium,1,1,100.0
JJ Bumrah,Sheikh Zayed Stadium,5,3,166.66666666666669
JJ Bumrah,Wankhede Stadium,33,42,78.57142857142857
JJ Bumrah,"Zayed Cricket Stadium, Abu Dhabi",5,2,250.0
JJ Roy,Arun Jaitley Stadium,66,66,100.0
JJ Roy,Dubai International Cricket Stadium,70,57,122.80701754385966
JJ Roy,Eden Gardens,155,92,168.47826086956522
JJ Roy,M Chinnaswamy Stadium,61,46,132.6086956521739
JJ Roy,MA Chidambaram Stadium,12,16,75.0
JJ Roy,Rajiv Gandhi International Stadium,51,41,124.39024390243902
JJ Roy,Saurashtra Cricket Association Stadium,14,13,107.6923076923077
JJ Roy,Sharjah Cricket Stadium,2,7,28.57142857142857
JJ Roy,Wankhede Stadium,105,61,172.1311475409836
JJ Roy,"Zayed Cricket Stadium, Abu Dhabi",78,61,127.86885245901641
JJ van der Wath,Himachal Pradesh Cricket Association Stadium,4,5,80.0
JJ van der Wath,MA Chidambaram Stadium,14,11,127.27272727272727
JJ van der Wath,Rajiv Gandhi International Stadium,0,1,0.0
JL Denly,Eden Gardens,0,1,0.0
JL Pattinson,Sharjah Cricket Stadium,4,5,80.0
JL Pattinson,Sheikh Zayed Stadium,11,8,137.5
JM Bairstow,Arun Jaitley Stadium,85,56,151.78571428571428
JM Bairstow,"Barsapara Cricket Stadium, Guwahati",14,22,63.63636363636363
JM Bairstow,"Bharat Ratna Shri Atal Bihari Vajpayee Ekana Cricket Stadium, Lucknow",42,29,144.82758620689654
JM Bairstow,"Brabourne Stadium, Mumbai",83,46,180.43478260869566
JM Bairstow,"Dr DY Patil Sports Academy, Mumbai",41,31,132.25806451612902
JM Bairstow,Dubai International Cricket Stadium,226,180,125.55555555555556
JM Bairstow,Eden Gardens,147,83,177.10843373493975
JM Bairstow,"Himachal Pradesh Cricket Association Stadium, Dharamsala",34,24,141.66666666666669
JM Bairstow,M Chinnaswamy Stadium,8,6,133.33333333333331
JM Bairstow,MA Chidambaram Stadium,257,184,139.67391304347828
JM Bairstow,"Maharaja Yadavindra Singh International Cricket Stadium, Mullanpur",24,25,96.0
JM Bairstow,"Maharaja Yadavindra Singh International Cricket Stadium, New Chandigarh",47,22,213.63636363636363
JM Bairstow,"Maharashtra Cricket Association Stadium, Pune",44,43,102.32558139534885
JM Bairstow,"Narendra Modi Stadium, Ahmedabad",60,40,150.0
JM Bairstow,Punjab Cricket Association IS Bindra Stadium,1,8,12.5
JM Bairstow,Rajiv Gandhi International Stadium,357,218,163.76146788990826
JM Bairstow,Sharjah Cricket Stadium,25,15,166.66666666666669
JM Bairstow,Sheikh Zayed Stadium,94,89,105.61797752808988
JM Bairstow,Wankhede Stadium,85,60,141.66666666666669
JM Kemp,Feroz Shah Kotla,4,9,44.44444444444444
JM Kemp,MA Chidambaram Stadium,22,16,137.5
JM Sharma,Arun Jaitley Stadium,5,5,100.0
JM Sharma,"Barsapara Cricket Stadium, Guwahati",54,45,120.0
JM Sharma,"Bharat Ratna Shri Atal Bihari Vajpayee Ekana Cricket Stadium, Lucknow",118,67,176.11940298507463
JM Sharma,"Brabourne Stadium, Mumbai",90,57,157.89473684210526
JM Sharma,"Dr DY Patil Sports Academy, Mumbai",55,43,127.90697674418605
JM Sharma,Eden Gardens,21,19,110.5263157894737
JM Sharma,"Himachal Pradesh Cricket Association Stadium, Dharamsala",64,41,156.09756097560975
JM Sharma,M Chinnaswamy Stadium,139,117,118.80341880341881
JM Sharma,MA Chidambaram Stadium,33,18,183.33333333333331
JM Sharma,"Maharaja Yadavindra Singh International Cricket Stadium, Mullanpur",90,76,118.42105263157893
JM Sharma,"Maharashtra Cricket Association Stadium, Pune",32,22,145.45454545454547
JM Sharma,"Narendra Modi Stadium, Ahmedabad",52,36,144.44444444444443
JM Sharma,"Punjab Cricket Association IS Bindra Stadium, Mohali, Chandigarh",160,101,158.41584158415841
JM Sharma,Rajiv Gandhi International Stadium,36,25,144.0
JM Sharma,"Shaheed Veer Narayan Singh International Stadium, Raipur",26,17,152.94117647058823
JM Sharma,Wankhede Stadium,132,63,209.52380952380955
JO Holder,"Barsapara Cricket Stadium, Guwahati",1,1,100.0
JO Holder,"Brabourne Stadium, Mumbai",1,3,33.33333333333333
JO Holder,"Dr DY Patil Sports Academy, Mumbai",24,13,184.6153846153846
JO Holder,Dubai International Cricket Stadium,17,26,65.38461538461539
JO Holder,Eden Gardens,19,15,126.66666666666666
JO Holder,Feroz Shah Kotla,6,8,75.0
JO Holder,Green Park,13,9,144.44444444444443
JO Holder,"Himachal Pradesh Cricket Association Stadium, Dharamsala",0,3,0.0
JO Holder,M Chinnaswamy Stadium,23,10,229.99999999999997
JO Holder,MA Chidambaram Stadium,4,6,66.66666666666666
JO Holder,"Maharashtra Cricket Association Stadium, Pune",25,14,178.57142857142858
JO Holder,"Narendra Modi Stadium, Ahmedabad",35,34,102.94117647058823
JO Holder,"Sawai Mansingh Stadium, Jaipur",7,8,87.5
JO Holder,Sharjah Cricket Stadium,78,46,169.56521739130434
JO Holder,Sheikh Zayed Stadium,35,35,100.0
JO Holder,Wankhede Stadium,19,26,73.07692307692307
JO Holder,"Zayed Cricket Stadium, Abu Dhabi",17,15,113.33333333333333
JP Behrendorff,"Narendra Modi Stadium, Ahmedabad",6,9,66.66666666666666
JP Duminy,Barabati Stadium,20,18,111.11111111111111
JP Duminy,Brabourne Stadium,77,55,140.0
JP Duminy,Buffalo Park,52,42,123.80952380952381
JP Duminy,Dr DY Patil Sports Academy,32,38,84.21052631578947
JP Duminy,Dr. Y.S. Rajasekhara Reddy ACA-VDCA Cricket Stadium,77,67,114.92537313432835
JP Duminy,Dubai International Cricket Stadium,72,44,163.63636363636365
JP Duminy,Eden Gardens,50,52,96.15384615384616
JP Duminy,Feroz Shah Kotla,403,331,121.75226586102718
JP Duminy,Himachal Pradesh Cricket Association Stadium,12,10,120.0
JP Duminy,Kingsmead,110,114,96.49122807017544
JP Duminy,M Chinnaswamy Stadium,187,132,141.66666666666669
JP Duminy,MA Chidambaram Stadium,22,16,137.5
JP Duminy,Maharashtra Cricket Association Stadium,21,19,110.5263157894737
JP Duminy,New Wanderers Stadium,1,6,16.666666666666664
JP Duminy,Newlands,9,7,128.57142857142858
JP Duminy,"Punjab Cricket Association Stadium, Mohali",43,37,116.21621621621621
JP Duminy,Rajiv Gandhi International Stadium,250,205,121.95121951219512
JP Duminy,"Sardar Patel Stadium, Motera",8,8,100.0
JP Duminy,Saurashtra Cricket Association Stadium,13,7,185.71428571428572
JP Duminy,Sawai Mansingh Stadium,89,60,148.33333333333334
JP Duminy,Shaheed Veer Narayan Singh International Stadium,35,38,92.10526315789474
JP Duminy,Sharjah Cricket Stadium,86,74,116.21621621621621
JP Duminy,Sheikh Zayed Stadium,15,14,107.14285714285714
JP Duminy,St George's Park,139,110,126.36363636363637
JP Duminy,Subrata Roy Sahara Stadium,26,24,108.33333333333333
JP Duminy,SuperSport Park,61,55,110.9090909090909
JP Duminy,Wankhede Stadium,119,97,122.68041237113403
JP Faulkner,Brabourne Stadium,44,29,151.72413793103448
JP Faulkner,Dr. Y.S. Rajasekhara Reddy ACA-VDCA Cricket Stadium,6,5,120.0
JP Faulkner,Dubai International Cricket Stadium,4,2,200.0
JP Faulkner,Eden Gardens,5,6,83.33333333333334
JP Faulkner,Feroz Shah Kotla,51,39,130.76923076923077
JP Faulkner,Green Park,22,18,122.22222222222223
JP Faulkner,JSCA International Stadium Complex,1,4,25.0
JP Faulkner,M Chinnaswamy Stadium,44,26,169.23076923076923
JP Faulkner,MA Chidambaram Stadium,16,13,123.07692307692308
JP Faulkner,Maharashtra Cricket Association Stadium,65,55,118.18181818181819
JP Faulkner,"Punjab Cricket Association Stadium, Mohali",35,13,269.2307692307692
JP Faulkner,Rajiv Gandhi International Stadium,6,3,200.0
JP Faulkner,"Sardar Patel Stadium, Motera",70,53,132.0754716981132
JP Faulkner,Saurashtra Cricket Association Stadium,60,62,96.7741935483871
JP Faulkner,Sawai Mansingh Stadium,16,14,114.28571428571428
JP Faulkner,Sharjah Cricket Stadium,8,7,114.28571428571428
JP Faulkner,Sheikh Zayed Stadium,10,3,333.33333333333337
JP Faulkner,Subrata Roy Sahara Stadium,22,19,115.78947368421053
JP Faulkner,Wankhede Stadium,42,35,120.0
JP Inglis,"Bharat Ratna Shri Atal Bihari Vajpayee Ekana Cricket Stadium, Lucknow",108,81,133.33333333333331
JP Inglis,Eden Gardens,11,6,183.33333333333331
JP Inglis,"Himachal Pradesh Cricket Association Stadium, Dharamsala",30,14,214.28571428571428
JP Inglis,M Chinnaswamy Stadium,14,18,77.77777777777779
JP Inglis,MA Chidambaram Stadium,91,40,227.5
JP Inglis,"Maharaja Yadavindra Singh International Cricket Stadium, Mullanpur",35,30,116.66666666666667
JP Inglis,"Narendra Modi Stadium, Ahmedabad",77,44,175.0
JP Inglis,"Sawai Mansingh Stadium, Jaipur",165,90,183.33333333333331
JP Inglis,Wankhede Stadium,13,5,260.0
JPR Scantlebury-Searles,Eden Gardens,2,5,40.0
JPR Scantlebury-Searles,Holkar Cricket Stadium,6,1,600.0
JR Hazlewood,"Bharat Ratna Shri Atal Bihari Vajpayee Ekana Cricket Stadium, Lucknow",1,2,50.0
JR Hazlewood,"Brabourne Stadium, Mumbai",10,15,66.66666666666666
JR Hazlewood,"Dr DY Patil Sports Academy, Mumbai",7,8,87.5
JR Hazlewood,M Chinnaswamy Stadium,0,1,0.0
JR Hazlewood,"Maharashtra Cricket Association Stadium, Pune",0,2,0.0
JR Hazlewood,"Narendra Modi Stadium, Ahmedabad",1,3,33.33333333333333
JR Hopes,Dr DY Patil Sports Academy,13,4,325.0
JR Hopes,Eden Gardens,13,11,118.18181818181819
JR Hopes,Feroz Shah Kotla,100,97,103.09278350515463
JR Hopes,Himachal Pradesh Cricket Association Stadium,7,7,100.0
JR Hopes,M Chinnaswamy Stadium,5,5,100.0
JR Hopes,MA Chidambaram Stadium,22,13,169.23076923076923
JR Hopes,"Punjab Cricket Association Stadium, Mohali",167,100,167.0
JR Hopes,Rajiv Gandhi International Stadium,17,10,170.0
JR Hopes,Sawai Mansingh Stadium,16,16,100.0
JR Hopes,Wankhede Stadium,57,51,111.76470588235294
JR Philippe,Dubai International Cricket Stadium,1,5,20.0
JR Philippe,Sharjah Cricket Stadium,32,33,96.96969696969697
JR Philippe,Sheikh Zayed Stadium,45,42,107.14285714285714
Jaskaran Singh,Barabati Stadium,3,3,100.0
Jaskaran Singh,Brabourne Stadium,0,2,0.0
Jaskaran Singh,Dr DY Patil Sports Academy,5,6,83.33333333333334
Joginder Sharma,Kingsmead,4,3,133.33333333333331
Joginder Sharma,MA Chidambaram Stadium,16,10,160.0
Joginder Sharma,Newlands,16,15,106.66666666666667
Joginder Sharma,Sawai Mansingh Stadium,0,1,0.0
Joginder Sharma,Wankhede Stadium,0,1,0.0
K Goel,Brabourne Stadium,1,3,33.33333333333333
K Goel,Kingsmead,52,73,71.23287671232876
K Goel,MA Chidambaram Stadium,1,7,14.285714285714285
K Goel,Newlands,38,22,172.72727272727272
K Goel,"Punjab Cricket Association Stadium, Mohali",66,68,97.05882352941177
K Goel,Sawai Mansingh Stadium,26,21,123.80952380952381
K Goel,SuperSport Park,34,45,75.55555555555556
K Gowtham,Arun Jaitley Stadium,24,12,200.0
K Gowtham,"Bharat Ratna Shri Atal Bihari Vajpayee Ekana Cricket Stadium, Lucknow",31,19,163.1578947368421
K Gowtham,Dubai International Cricket Stadium,20,14,142.85714285714286
K Gowtham,Eden Gardens,23,16,143.75
K Gowtham,Holkar Cricket Stadium,5,4,125.0
K Gowtham,MA Chidambaram Stadium,28,29,96.55172413793103
K Gowtham,Maharashtra Cricket Association Stadium,1,2,50.0
K Gowtham,Rajiv Gandhi International Stadium,0,2,0.0
K Gowtham,Sawai Mansingh Stadium,93,45,206.66666666666669
K Gowtham,Sheikh Zayed Stadium,22,13,169.23076923076923
K Gowtham,Wankhede Stadium,0,3,0.0
K Kartikeya,"Barsapara Cricket Stadium, Guwahati",1,1,100.0
K Kartikeya,"Dr DY Patil Sports Academy, Mumbai",3,6,50.0
K Kartikeya,"Narendra Modi Stadium, Ahmedabad",6,7,85.71428571428571
K Kartikeya,"Sawai Mansingh Stadium, Jaipur",2,4,50.0
K Rabada,Arun Jaitley Stadium,12,12,100.0
K Rabada,"Bharat Ratna Shri Atal Bihari Vajpayee Ekana Cricket Stadium, Lucknow",0,1,0.0
K Rabada,"Brabourne Stadium, Mumbai",15,22,68.18181818181817
K Rabada,"Dr DY Patil Sports Academy, Mumbai",6,4,150.0
K Rabada,Dubai International Cricket Stadium,34,33,103.03030303030303
K Rabada,Feroz Shah Kotla,0,5,0.0
K Rabada,"Himachal Pradesh Cricket Association Stadium, Dharamsala",20,18,111.11111111111111
K Rabada,"Maharaja Yadavindra Singh International Cricket Stadium, Mullanpur",9,5,180.0
K Rabada,"Maharashtra Cricket Association Stadium, Pune",2,5,40.0
K Rabada,"Narendra Modi Stadium, Ahmedabad",47,43,109.30232558139534
K Rabada,Punjab Cricket Association IS Bindra Stadium,0,1,0.0
K Rabada,"Punjab Cricket Association IS Bindra Stadium, Mohali",11,21,52.38095238095239
K Rabada,"Punjab Cricket Association IS Bindra Stadium, Mohali, Chandigarh",0,1,0.0
K Rabada,Rajiv Gandhi International Stadium,2,2,100.0
K Rabada,Sharjah Cricket Stadium,2,4,50.0
K Rabada,Sheikh Zayed Stadium,24,17,141.1764705882353
K Rabada,Wankhede Stadium,78,62,125.80645161290323
K Upadhyay,Subrata Roy Sahara Stadium,12,9,133.33333333333331
K Yadav,Sharjah Cricket Stadium,0,4,0.0
KA Jamieson,Arun Jaitley Stadium,12,14,85.71428571428571
KA Jamieson,Dubai International Cricket Stadium,2,2,100.0
KA Jamieson,MA Chidambaram Stadium,27,17,158.8235294117647
KA Jamieson,"Maharaja Yadavindra Singh International Cricket Stadium, Mullanpur",0,3,0.0
KA Jamieson,"Narendra Modi Stadium, Ahmedabad",16,13,123.07692307692308
KA Jamieson,Wankhede Stadium,16,13,123.07692307692308
KA Jamieson,"Zayed Cricket Stadium, Abu Dhabi",4,12,33.33333333333333
KA Maharaj,"Maharaja Yadavindra Singh International Cricket Stadium, Mullanpur",1,2,50.0
KA Pollard,Arun Jaitley Stadium,110,54,203.70370370370372
KA Pollard,Barabati Stadium,10,11,90.9090909090909
KA Pollard,Brabourne Stadium,128,71,180.2816901408451
KA Pollard,"Brabourne Stadium, Mumbai",52,44,118.18181818181819
KA Pollard,Dr DY Patil Sports Academy,89,52,171.15384615384613
KA Pollard,"Dr DY Patil Sports Academy, Mumbai",61,70,87.14285714285714
KA Pollard,Dr. Y.S. Rajasekhara Reddy ACA-VDCA Cricket Stadium,65,57,114.03508771929825
KA Pollard,Dubai International Cricket Stadium,231,147,157.14285714285714
KA Pollard,Eden Gardens,192,136,141.1764705882353
KA Pollard,Feroz Shah Kotla,161,109,147.70642201834863
KA Pollard,Green Park,9,11,81.81818181818183
KA Pollard,Himachal Pradesh Cricket Association Stadium,22,22,100.0
KA Pollard,M Chinnaswamy Stadium,230,170,135.29411764705884
KA Pollard,MA Chidambaram Stadium,144,125,115.19999999999999
KA Pollard,Maharashtra Cricket Association Stadium,27,17,158.8235294117647
KA Pollard,"Maharashtra Cricket Association Stadium, Pune",32,19,168.42105263157893
KA Pollard,Punjab Cricket Association IS Bindra Stadium,7,9,77.77777777777779
KA Pollard,"Punjab Cricket Association IS Bindra Stadium, Mohali",10,9,111.11111111111111
KA Pollard,"Punjab Cricket Association Stadium, Mohali",53,49,108.16326530612245
KA Pollard,Rajiv Gandhi International Stadium,147,117,125.64102564102564
KA Pollard,"Sardar Patel Stadium, Motera",84,46,182.6086956521739
KA Pollard,Saurashtra Cricket Association Stadium,25,14,178.57142857142858
KA Pollard,Sawai Mansingh Stadium,61,64,95.3125
KA Pollard,Sharjah Cricket Stadium,105,81,129.62962962962962
KA Pollard,Sheikh Zayed Stadium,105,73,143.83561643835617
KA Pollard,Wankhede Stadium,1228,831,147.7737665463297
KA Pollard,"Zayed Cricket Stadium, Abu Dhabi",49,39,125.64102564102564
KAJ Roach,Dr DY Patil Sports Academy,10,9,111.11111111111111
KB Arun Karthik,Himachal Pradesh Cricket Association Stadium,6,6,100.0
KB Arun Karthik,M Chinnaswamy Stadium,25,27,92.5925925925926
KB Arun Karthik,MA Chidambaram Stadium,5,5,100.0
KB Arun Karthik,Rajiv Gandhi International Stadium,0,2,0.0
KB Arun Karthik,"Sardar Patel Stadium, Motera",3,5,60.0
KB Arun Karthik,Wankhede Stadium,12,8,150.0
KC Cariappa,Feroz Shah Kotla,1,2,50.0
KC Cariappa,M Chinnaswamy Stadium,12,8,150.0
KC Cariappa,Rajiv Gandhi International Stadium,10,8,125.0
KC Cariappa,Saurashtra Cricket Association Stadium,1,3,33.33333333333333
KC Sangakkara,Barabati Stadium,94,70,134.28571428571428
KC Sangakkara,De Beers Diamond Oval,25,19,131.57894736842107
KC Sangakkara,Dr DY Patil Sports Academy,25,21,119.04761904761905
KC Sangakkara,Dr. Y.S. Rajasekhara Reddy ACA-VDCA Cricket Stadium,14,19,73.68421052631578
KC Sangakkara,Eden Gardens,120,88,136.36363636363635
KC Sangakkara,Feroz Shah Kotla,111,103,107.76699029126213
KC Sangakkara,Himachal Pradesh Cricket Association Stadium,85,61,139.34426229508196
KC Sangakkara,Kingsmead,132,136,97.05882352941177
KC Sangakkara,M Chinnaswamy Stadium,33,27,122.22222222222223
KC Sangakkara,MA Chidambaram Stadium,31,33,93.93939393939394
KC Sangakkara,Nehru Stadium,65,48,135.41666666666669
KC Sangakkara,New Wanderers Stadium,56,43,130.2325581395349
KC Sangakkara,Newlands,68,64,106.25
KC Sangakkara,OUTsurance Oval,43,48,89.58333333333334
KC Sangakkara,"Punjab Cricket Association Stadium, Mohali",408,266,153.38345864661653
KC Sangakkara,Rajiv Gandhi International Stadium,250,253,98.81422924901186
KC Sangakkara,Sawai Mansingh Stadium,77,56,137.5
KC Sangakkara,St George's Park,0,2,0.0
KC Sangakkara,Subrata Roy Sahara Stadium,12,15,80.0
KC Sangakkara,SuperSport Park,8,20,40.0
KC Sangakkara,Wankhede Stadium,30,32,93.75
KD Karthik,Arun Jaitley Stadium,80,65,123.07692307692308
KD Karthik,Barabati Stadium,46,27,170.37037037037038
KD Karthik,"Bharat Ratna Shri Atal Bihari Vajpayee Ekana Cricket Stadium, Lucknow",16,11,145.45454545454547
KD Karthik,Brabourne Stadium,11,14,78.57142857142857
KD Karthik,"Brabourne Stadium, Mumbai",13,17,76.47058823529412
KD Karthik,Buffalo Park,5,3,166.66666666666669
KD Karthik,Dr DY Patil Sports Academy,28,30,93.33333333333333
KD Karthik,"Dr DY Patil Sports Academy, Mumbai",93,48,193.75
KD Karthik,Dr. Y.S. Rajasekhara Reddy ACA-VDCA Cricket Stadium,7,6,116.66666666666667
KD Karthik,Dubai International Cricket Stadium,131,98,133.67346938775512
KD Karthik,Eden Gardens,655,481,136.17463617463616
KD Karthik,Feroz Shah Kotla,568,421,134.91686460807603
KD Karthik,Green Park,55,42,130.95238095238096
KD Karthik,Himachal Pradesh Cricket Association Stadium,38,40,95.0
KD Karthik,"Himachal Pradesh Cricket Association Stadium, Dharamsala",18,7,257.14285714285717
KD Karthik,Holkar Cricket Stadium,119,57,208.7719298245614
KD Karthik,JSCA International Stadium Complex,28,27,103.7037037037037
KD Karthik,Kingsmead,62,41,151.21951219512195
KD Karthik,M Chinnaswamy Stadium,505,359,140.66852367688023
KD Karthik,MA Chidambaram Stadium,188,168,111.90476190476191
KD Karthik,Maharashtra Cricket Association Stadium,70,50,140.0
KD Karthik,"Maharashtra Cricket Association Stadium, Pune",39,23,169.56521739130434
KD Karthik,"Narendra Modi Stadium, Ahmedabad",43,36,119.44444444444444
KD Karthik,New Wanderers Stadium,100,83,120.48192771084338
KD Karthik,OUTsurance Oval,55,40,137.5
KD Karthik,Punjab Cricket Association IS Bindra Stadium,21,10,210.0
KD Karthik,"Punjab Cricket Association IS Bindra Stadium, Mohali",76,49,155.10204081632654
KD Karthik,"Punjab Cricket Association IS Bindra Stadium, Mohali, Chandigarh",7,5,140.0
KD Karthik,"Punjab Cricket Association Stadium, Mohali",165,128,128.90625
KD Karthik,Rajiv Gandhi International Stadium,78,79,98.73417721518987
KD Karthik,"Sardar Patel Stadium, Motera",26,35,74.28571428571429
KD Karthik,Saurashtra Cricket Association Stadium,224,187,119.78609625668449
KD Karthik,Sawai Mansingh Stadium,85,73,116.43835616438356
KD Karthik,"Sawai Mansingh Stadium, Jaipur",0,2,0.0
KD Karthik,Sharjah Cricket Stadium,45,56,80.35714285714286
KD Karthik,Sheikh Zayed Stadium,161,133,121.05263157894737
KD Karthik,St George's Park,12,10,120.0
KD Karthik,Subrata Roy Sahara Stadium,35,47,74.46808510638297
KD Karthik,SuperSport Park,54,47,114.89361702127661
KD Karthik,Wankhede Stadium,855,620,137.90322580645162
KD Karthik,"Zayed Cricket Stadium, Abu Dhabi",26,12,216.66666666666666
KH Pandya,Arun Jaitley Stadium,203,152,133.55263157894737
KH Pandya,"Barsapara Cricket Stadium, Guwahati",1,6,16.666666666666664
KH Pandya,"Bharat Ratna Shri Atal Bihari Vajpayee Ekana Cricket Stadium, Lucknow",258,207,124.63768115942028
KH Pandya,"Brabourne Stadium, Mumbai",26,24,108.33333333333333
KH Pandya,"Dr DY Patil Sports Academy, Mumbai",67,46,145.65217391304347
KH Pandya,Dr. Y.S. Rajasekhara Reddy ACA-VDCA Cricket Stadium,122,61,200.0
KH Pandya,Dubai International Cricket Stadium,57,58,98.27586206896551
KH Pandya,Eden Gardens,48,38,126.3157894736842
KH Pandya,Feroz Shah Kotla,36,17,211.76470588235296
KH Pandya,Green Park,4,3,133.33333333333331
KH Pandya,"Himachal Pradesh Cricket Association Stadium, Dharamsala",43,29,148.27586206896552
KH Pandya,Holkar Cricket Stadium,31,13,238.46153846153845
KH Pandya,M Chinnaswamy Stadium,165,134,123.13432835820895
KH Pandya,MA Chidambaram Stadium,47,55,85.45454545454545
KH Pandya,Maharashtra Cricket Association Stadium,3,6,50.0
KH Pandya,"Maharashtra Cricket Association Stadium, Pune",37,39,94.87179487179486
KH Pandya,"Narendra Modi Stadium, Ahmedabad",9,12,75.0
KH Pandya,Punjab Cricket Association IS Bindra Stadium,10,6,166.66666666666669
KH Pandya,"Punjab Cricket Association IS Bindra Stadium, Mohali, Chandigarh",5,3,166.66666666666669
KH Pandya,Rajiv Gandhi International Stadium,189,155,121.93548387096773
KH Pandya,Saurashtra Cricket Association Stadium,29,20,145.0
KH Pandya,Sawai Mansingh Stadium,9,8,112.5
KH Pandya,"Sawai Mansingh Stadium, Jaipur",7,8,87.5
KH Pandya,"Shaheed Veer Narayan Singh International Stadium, Raipur",73,50,146.0
KH Pandya,Sharjah Cricket Stadium,33,22,150.0
KH Pandya,Sheikh Zayed Stadium,41,44,93.18181818181817
KH Pandya,Wankhede Stadium,408,307,132.89902280130292
KH Pandya,"Zayed Cricket Stadium, Abu Dhabi",21,16,131.25
KJ Abbott,Dr. Y.S. Rajasekhara Reddy ACA-VDCA Cricket Stadium,1,1,100.0
KJ Abbott,M Chinnaswamy Stadium,0,1,0.0
KJ Abbott,"Punjab Cricket Association IS Bindra Stadium, Mohali",12,6,200.0
KK Ahmed,"Dr DY Patil Sports Academy, Mumbai",0,1,0.0
KK Ahmed,Dubai International Cricket Stadium,0,2,0.0
KK Ahmed,MA Chidambaram Stadium,2,4,50.0
KK Ahmed,"Maharashtra Cricket Association Stadium, Pune",0,1,0.0
KK Ahmed,Rajiv Gandhi International Stadium,0,1,0.0
KK Cooper,Eden Gardens,4,2,200.0
KK Cooper,Feroz Shah Kotla,2,2,100.0
KK Cooper,"Punjab Cricket Association Stadium, Mohali",2,2,100.0
KK Cooper,Rajiv Gandhi International Stadium,26,12,216.66666666666666
KK Cooper,"Sardar Patel Stadium, Motera",37,26,142.30769230769232
KK Cooper,Sawai Mansingh Stadium,24,16,150.0
KK Cooper,Wankhede Stadium,21,10,210.0
KK Nair,Arun Jaitley Stadium,155,108,143.5185185185185
KK Nair,"Bharat Ratna Shri Atal Bihari Vajpayee Ekana Cricket Stadium, Lucknow",15,11,136.36363636363635
KK Nair,Brabourne Stadium,81,59,137.28813559322032
KK Nair,"Brabourne Stadium, Mumbai",3,5,60.0
KK Nair,Dr. Y.S. Rajasekhara Reddy ACA-VDCA Cricket Stadium,50,56,89.28571428571429
KK Nair,Dubai International Cricket Stadium,16,11,145.45454545454547
KK Nair,Eden Gardens,18,27,66.66666666666666
KK Nair,Feroz Shah Kotla,390,293,133.10580204778157
KK Nair,Green Park,30,15,200.0
KK Nair,Holkar Cricket Stadium,58,44,131.8181818181818
KK Nair,JSCA International Stadium Complex,8,11,72.72727272727273
KK Nair,M Chinnaswamy Stadium,148,121,122.31404958677685
KK Nair,MA Chidambaram Stadium,10,12,83.33333333333334
KK Nair,Maharashtra Cricket Association Stadium,74,51,145.09803921568627
KK Nair,"Narendra Modi Stadium, Ahmedabad",31,20,155.0
KK Nair,Punjab Cricket Association IS Bindra Stadium,110,72,152.77777777777777
KK Nair,"Punjab Cricket Association IS Bindra Stadium, Mohali",34,36,94.44444444444444
KK Nair,"Punjab Cricket Association Stadium, Mohali",11,6,183.33333333333331
KK Nair,Rajiv Gandhi International Stadium,75,68,110.29411764705883
KK Nair,"Sardar Patel Stadium, Motera",165,114,144.73684210526315
KK Nair,Sawai Mansingh Stadium,3,5,60.0
KK Nair,"Sawai Mansingh Stadium, Jaipur",44,28,157.14285714285714
KK Nair,Shaheed Veer Narayan Singh International Stadium,94,71,132.3943661971831
KK Nair,Sheikh Zayed Stadium,9,21,42.857142857142854
KK Nair,Wankhede Stadium,80,67,119.40298507462686
KL Nagarkoti,Dubai International Cricket Stadium,9,6,150.0
KL Nagarkoti,Sharjah Cricket Stadium,13,23,56.52173913043478
KL Nagarkoti,Sheikh Zayed Stadium,0,3,0.0
KL Nagarkoti,Wankhede Stadium,0,2,0.0
KL Rahul,Arun Jaitley Stadium,597,391,152.6854219948849
KL Rahul,"Bharat Ratna Shri Atal Bihari Vajpayee Ekana Cricket Stadium, Lucknow",540,428,126.16822429906543
KL Rahul,"Brabourne Stadium, Mumbai",153,108,141.66666666666669
KL Rahul,"Dr DY Patil Sports Academy, Mumbai",190,152,125.0
KL Rahul,Dr. Y.S. Rajasekhara Reddy ACA-VDCA Cricket Stadium,26,29,89.65517241379311
KL Rahul,"Dr. Y.S. Rajasekhara Reddy ACA-VDCA Cricket Stadium, Visakhapatnam",15,6,250.0
KL Rahul,Dubai International Cricket Stadium,612,433,141.33949191685912
KL Rahul,Eden Gardens,239,153,156.20915032679738
KL Rahul,"Himachal Pradesh Cricket Association Stadium, Dharamsala",9,8,112.5
KL Rahul,Holkar Cricket Stadium,195,122,159.8360655737705
KL Rahul,M Chinnaswamy Stadium,532,377,141.11405835543766
KL Rahul,MA Chidambaram Stadium,255,207,123.18840579710144
KL Rahul,Maharashtra Cricket Association Stadium,14,22,63.63636363636363
KL Rahul,"Maharashtra Cricket Association Stadium, Pune",14,28,50.0
KL Rahul,"Narendra Modi Stadium, Ahmedabad",138,93,148.38709677419354
KL Rahul,Punjab Cricket Association IS Bindra Stadium,406,286,141.95804195804195
KL Rahul,"Punjab Cricket Association IS Bindra Stadium, Mohali",42,26,161.53846153846155
KL Rahul,"Punjab Cricket Association IS Bindra Stadium, Mohali, Chandigarh",12,9,133.33333333333331
KL Rahul,Rajiv Gandhi International Stadium,304,250,121.6
KL Rahul,"Sardar Patel Stadium, Motera",18,18,100.0
KL Rahul,Saurashtra Cricket Association Stadium,51,36,141.66666666666669
KL Rahul,Sawai Mansingh Stadium,99,74,133.7837837837838
KL Rahul,"Sawai Mansingh Stadium, Jaipur",207,138,150.0
KL Rahul,Shaheed Veer Narayan Singh International Stadium,38,23,165.2173913043478
KL Rahul,Sharjah Cricket Stadium,270,242,111.5702479338843
KL Rahul,Sheikh Zayed Stadium,186,165,112.72727272727272
KL Rahul,Wankhede Stadium,645,455,141.75824175824175
KL Rahul,"Zayed Cricket Stadium, Abu Dhabi",21,23,91.30434782608695
KM Asif,"Sawai Mansingh Stadium, Jaipur",0,2,0.0
KM Jadhav,Arun Jaitley Stadium,58,59,98.30508474576271
KM Jadhav,Brabourne Stadium,11,8,137.5
KM Jadhav,Dr. Y.S. Rajasekhara Reddy ACA-VDCA Cricket Stadium,19,12,158.33333333333331
KM Jadhav,Dubai International Cricket Stadium,32,40,80.0
KM Jadhav,Eden Gardens,56,45,124.44444444444444
KM Jadhav,Feroz Shah Kotla,236,192,122.91666666666667
KM Jadhav,Holkar Cricket Stadium,1,4,25.0
KM Jadhav,M Chinnaswamy Stadium,283,199,142.21105527638193
KM Jadhav,MA Chidambaram Stadium,78,87,89.65517241379311
KM Jadhav,Maharashtra Cricket Association Stadium,10,18,55.55555555555556
KM Jadhav,Nehru Stadium,0,2,0.0
KM Jadhav,Punjab Cricket Association IS Bindra Stadium,0,1,0.0
KM Jadhav,"Punjab Cricket Association Stadium, Mohali",0,4,0.0
KM Jadhav,Rajiv Gandhi International Stadium,60,39,153.84615384615387
KM Jadhav,"Sardar Patel Stadium, Motera",3,3,100.0
KM Jadhav,Saurashtra Cricket Association Stadium,38,16,237.5
KM Jadhav,Sawai Mansingh Stadium,29,37,78.37837837837837
KM Jadhav,Shaheed Veer Narayan Singh International Stadium,89,55,161.8181818181818
KM Jadhav,Sharjah Cricket Stadium,48,39,123.07692307692308
KM Jadhav,Sheikh Zayed Stadium,11,19,57.89473684210527
KM Jadhav,Wankhede Stadium,146,133,109.77443609022556
KMA Paul,Arun Jaitley Stadium,0,4,0.0
KMA Paul,Dr. Y.S. Rajasekhara Reddy ACA-VDCA Cricket Stadium,8,12,66.66666666666666
KMA Paul,Rajiv Gandhi International Stadium,7,4,175.0
KMA Paul,Wankhede Stadium,3,6,50.0
KMDN Kulasekara,MA Chidambaram Stadium,5,3,166.66666666666669
KP Appanna,Feroz Shah Kotla,1,2,50.0
KP Appanna,Kingsmead,0,1,0.0
KP Appanna,"Vidarbha Cricket Association Stadium, Jamtha",1,1,100.0
KP Pietersen,Dr DY Patil Sports Academy,48,36,133.33333333333331
KP Pietersen,Dubai International Cricket Stadium,16,17,94.11764705882352
KP Pietersen,Feroz Shah Kotla,353,247,142.91497975708504
KP Pietersen,Kingsmead,13,15,86.66666666666667
KP Pietersen,M Chinnaswamy Stadium,54,47,114.89361702127661
KP Pietersen,MA Chidambaram Stadium,23,14,164.28571428571428
KP Pietersen,Maharashtra Cricket Association Stadium,0,1,0.0
KP Pietersen,Newlands,43,47,91.48936170212765
KP Pietersen,"Punjab Cricket Association IS Bindra Stadium, Mohali",15,15,100.0
KP Pietersen,"Punjab Cricket Association Stadium, Mohali",124,86,144.1860465116279
KP Pietersen,"Sardar Patel Stadium, Motera",13,20,65.0
KP Pietersen,Saurashtra Cricket Association Stadium,37,31,119.35483870967742
KP Pietersen,Sawai Mansingh Stadium,98,63,155.55555555555557
KP Pietersen,Sharjah Cricket Stadium,26,18,144.44444444444443
KP Pietersen,St George's Park,37,27,137.03703703703704
KP Pietersen,Subrata Roy Sahara Stadium,27,21,128.57142857142858
KP Pietersen,Wankhede Stadium,74,53,139.62264150943395
KR Mayers,"Bharat Ratna Shri Atal Bihari Vajpayee Ekana Cricket Stadium, Lucknow",153,113,135.39823008849558
KR Mayers,M Chinnaswamy Stadium,0,4,0.0
KR Mayers,MA Chidambaram Stadium,71,40,177.5
KR Mayers,"Narendra Modi Stadium, Ahmedabad",48,35,137.14285714285714
KR Mayers,"Punjab Cricket Association IS Bindra Stadium, Mohali, Chandigarh",54,26,207.6923076923077
KR Mayers,Rajiv Gandhi International Stadium,2,15,13.333333333333334
KR Mayers,"Sawai Mansingh Stadium, Jaipur",51,43,118.6046511627907
KR Sen,"Dr DY Patil Sports Academy, Mumbai",0,3,0.0
KS Bharat,"Dr DY Patil Sports Academy, Mumbai",8,7,114.28571428571428
KS Bharat,Dubai International Cricket Stadium,154,116,132.75862068965517
KS Bharat,Sharjah Cricket Stadium,9,16,56.25
KS Bharat,"Zayed Cricket Stadium, Abu Dhabi",28,29,96.55172413793103
KS Rathore,Eden Gardens,0,5,0.0
KS Sharma,"Bharat Ratna Shri Atal Bihari Vajpayee Ekana Cricket Stadium, Lucknow",9,16,56.25
KS Sharma,Eden Gardens,3,5,60.0
KS Sharma,"Maharashtra Cricket Association Stadium, Pune",4,4,100.0
KS Williamson,Arun Jaitley Stadium,129,85,151.76470588235293
KS Williamson,"Bharat Ratna Shri Atal Bihari Vajpayee Ekana Cricket Stadium, Lucknow",1,5,20.0
KS Williamson,"Brabourne Stadium, Mumbai",37,47,78.72340425531915
KS Williamson,"Dr DY Patil Sports Academy, Mumbai",108,112,96.42857142857143
KS Williamson,Dr. Y.S. Rajasekhara Reddy ACA-VDCA Cricket Stadium,62,73,84.93150684931507
KS Williamson,Dubai International Cricket Stadium,214,177,120.90395480225989
KS Williamson,Eden Gardens,60,56,107.14285714285714
KS Williamson,Feroz Shah Kotla,24,24,100.0
KS Williamson,M Chinnaswamy Stadium,180,121,148.7603305785124
KS Williamson,MA Chidambaram Stadium,112,97,115.46391752577318
KS Williamson,Maharashtra Cricket Association Stadium,72,53,135.8490566037736
KS Williamson,"Maharashtra Cricket Association Stadium, Pune",58,61,95.08196721311475
KS Williamson,"Narendra Modi Stadium, Ahmedabad",26,22,118.18181818181819
KS Williamson,Punjab Cricket Association IS Bindra Stadium,54,41,131.70731707317074
KS Williamson,"Punjab Cricket Association IS Bindra Stadium, Mohali",54,27,200.0
KS Williamson,Rajiv Gandhi International Stadium,508,374,135.8288770053476
KS Williamson,Sawai Mansingh Stadium,76,57,133.33333333333331
KS Williamson,Sharjah Cricket Stadium,23,37,62.16216216216216
KS Williamson,Sheikh Zayed Stadium,187,137,136.4963503649635
KS Williamson,Wankhede Stadium,116,97,119.58762886597938
KS Williamson,"Zayed Cricket Stadium, Abu Dhabi",31,31,100.0
KT Maphaka,"Sawai Mansingh Stadium, Jaipur",8,3,266.66666666666663
KV Sharma,"Bharat Ratna Shri Atal Bihari Vajpayee Ekana Cricket Stadium, Lucknow",2,2,100.0
KV Sharma,Dr. Y.S. Rajasekhara Reddy ACA-VDCA Cricket Stadium,19,10,190.0
KV Sharma,Eden Gardens,71,58,122.41379310344827
KV Sharma,Feroz Shah Kotla,2,2,100.0
KV Sharma,M Chinnaswamy Stadium,33,23,143.47826086956522
KV Sharma,MA Chidambaram Stadium,4,7,57.14285714285714
KV Sharma,Maharashtra Cricket Association Stadium,7,14,50.0
KV Sharma,"Narendra Modi Stadium, Ahmedabad",5,4,125.0
KV Sharma,Newlands,1,3,33.33333333333333
KV Sharma,"Punjab Cricket Association Stadium, Mohali",23,19,121.05263157894737
KV Sharma,Rajiv Gandhi International Stadium,86,85,101.17647058823529
KV Sharma,"Sardar Patel Stadium, Motera",0,1,0.0
KV Sharma,Sawai Mansingh Stadium,6,8,75.0
KV Sharma,Shaheed Veer Narayan Singh International Stadium,16,13,123.07692307692308
KV Sharma,Sharjah Cricket Stadium,27,15,180.0
KV Sharma,Sheikh Zayed Stadium,4,5,80.0
KV Sharma,Wankhede Stadium,46,38,121.05263157894737
KW Richardson,"Sardar Patel Stadium, Motera",1,2,50.0
KW Richardson,Subrata Roy Sahara Stadium,34,36,94.44444444444444
KW Richardson,Wankhede Stadium,1,1,100.0
Kamran Akmal,Dr DY Patil Sports Academy,6,7,85.71428571428571
Kamran Akmal,MA Chidambaram Stadium,53,28,189.28571428571428
Kamran Akmal,"Punjab Cricket Association Stadium, Mohali",24,8,300.0
Kamran Akmal,Rajiv Gandhi International Stadium,12,9,133.33333333333331
Kamran Akmal,Sawai Mansingh Stadium,33,26,126.92307692307692
Kamran Khan,Newlands,3,5,60.0
Karanveer Singh,Eden Gardens,1,1,100.0
Karanveer Singh,M Chinnaswamy Stadium,4,7,57.14285714285714
Karanveer Singh,MA Chidambaram Stadium,2,5,40.0
Karanveer Singh,Maharashtra Cricket Association Stadium,5,4,125.0
Kartik Sharma,Arun Jaitley Stadium,41,32,128.125
Kartik Sharma,"Barsapara Cricket Stadium, Guwahati",18,16,112.5
Kartik Sharma,"Bharat Ratna Shri Atal Bihari Vajpayee Ekana Cricket Stadium, Lucknow",71,43,165.11627906976744
Kartik Sharma,M Chinnaswamy Stadium,6,3,200.0
Kartik Sharma,MA Chidambaram Stadium,122,91,134.06593406593404
Kartik Sharma,"Narendra Modi Stadium, Ahmedabad",19,15,126.66666666666666
Kartik Sharma,Wankhede Stadium,18,20,90.0
Kartik Tyagi,"Brabourne Stadium, Mumbai",7,5,140.0
Kartik Tyagi,Dubai International Cricket Stadium,4,7,57.14285714285714
Kartik Tyagi,Eden Gardens,5,6,83.33333333333334
Kartik Tyagi,"Narendra Modi Stadium, Ahmedabad",6,4,150.0
Kartik Tyagi,Sharjah Cricket Stadium,2,3,66.66666666666666
Kartik Tyagi,Wankhede Stadium,0,1,0.0
Krish Bhagat,MA Chidambaram Stadium,3,6,50.0
Krish Bhagat,Wankhede Stadium,7,15,46.666666666666664
Kuldeep Yadav,Arun Jaitley Stadium,39,51,76.47058823529412
Kuldeep Yadav,"Barsapara Cricket Stadium, Guwahati",3,7,42.857142857142854
Kuldeep Yadav,"Bharat Ratna Shri Atal Bihari Vajpayee Ekana Cricket Stadium, Lucknow",6,11,54.54545454545454
Kuldeep Yadav,"Dr DY Patil Sports Academy, Mumbai",7,20,35.0
Kuldeep Yadav,"Dr. Y.S. Rajasekhara Reddy ACA-VDCA Cricket Stadium, Visakhapatnam",5,5,100.0
Kuldeep Yadav,Eden Gardens,62,70,88.57142857142857
Kuldeep Yadav,M Chinnaswamy Stadium,13,18,72.22222222222221
Kuldeep Yadav,MA Chidambaram Stadium,4,9,44.44444444444444
Kuldeep Yadav,"Maharaja Yadavindra Singh International Cricket Stadium, Mullanpur",1,2,50.0
Kuldeep Yadav,"Maharashtra Cricket Association Stadium, Pune",14,14,100.0
Kuldeep Yadav,"Narendra Modi Stadium, Ahmedabad",4,2,200.0
Kuldeep Yadav,Rajiv Gandhi International Stadium,5,5,100.0
Kuldeep Yadav,Sheikh Zayed Stadium,13,21,61.904761904761905
Kuldeep Yadav,Wankhede Stadium,34,28,121.42857142857142
Kumar Kushagra,Eden Gardens,1,3,33.33333333333333
Kumar Kushagra,M Chinnaswamy Stadium,2,3,66.66666666666666
Kumar Kushagra,"Narendra Modi Stadium, Ahmedabad",18,14,128.57142857142858
Kumar Kushagra,Wankhede Stadium,0,1,0.0
L Ablish,M Chinnaswamy Stadium,0,2,0.0
L Balaji,Eden Gardens,10,8,125.0
L Balaji,Feroz Shah Kotla,3,1,300.0
L Balaji,Kingsmead,2,7,28.57142857142857
L Balaji,M Chinnaswamy Stadium,1,3,33.33333333333333
L Balaji,MA Chidambaram Stadium,18,23,78.26086956521739
L Balaji,New Wanderers Stadium,2,3,66.66666666666666
L Balaji,Sheikh Zayed Stadium,0,2,0.0
L Balaji,Wankhede Stadium,0,3,0.0
L Ngidi,Arun Jaitley Stadium,1,1,100.0
L Ngidi,"Bharat Ratna Shri Atal Bihari Vajpayee Ekana Cricket Stadium, Lucknow",0,2,0.0
L Ngidi,MA Chidambaram Stadium,3,5,60.0
L Ngidi,Rajiv Gandhi International Stadium,0,1,0.0
L Ronchi,Buffalo Park,0,3,0.0
L Ronchi,Dr DY Patil Sports Academy,13,11,118.18181818181819
L Ronchi,MA Chidambaram Stadium,2,4,50.0
L Ronchi,"Punjab Cricket Association Stadium, Mohali",11,9,122.22222222222223
L Ronchi,Wankhede Stadium,8,10,80.0
L Wood,Arun Jaitley Stadium,9,3,300.0
LA Carseldine,De Beers Diamond Oval,17,20,85.0
LA Carseldine,Kingsmead,16,9,177.77777777777777
LA Carseldine,St George's Park,39,34,114.70588235294117
LA Carseldine,SuperSport Park,9,8,112.5
LA Pomersbach,Feroz Shah Kotla,43,22,195.45454545454547
LA Pomersbach,Kingsmead,26,32,81.25
LA Pomersbach,M Chinnaswamy Stadium,16,15,106.66666666666667
LA Pomersbach,MA Chidambaram Stadium,13,17,76.47058823529412
LA Pomersbach,New Wanderers Stadium,1,2,50.0
LA Pomersbach,OUTsurance Oval,9,8,112.5
LA Pomersbach,"Punjab Cricket Association Stadium, Mohali",81,78,103.84615384615385
LA Pomersbach,SuperSport Park,5,7,71.42857142857143
LA Pomersbach,Wankhede Stadium,108,70,154.2857142857143
LB Williams,Eden Gardens,1,2,50.0
LE Plunkett,Arun Jaitley Stadium,1,3,33.33333333333333
LG Pretorius,Rajiv Gandhi International Stadium,0,2,0.0
LG Pretorius,"Sawai Mansingh Stadium, Jaipur",7,6,116.66666666666667
LH Ferguson,"Dr DY Patil Sports Academy, Mumbai",5,4,125.0
LH Ferguson,Dubai International Cricket Stadium,18,13,138.46153846153845
LH Ferguson,Eden Gardens,1,1,100.0
LH Ferguson,"Maharaja Yadavindra Singh International Cricket Stadium, Mullanpur",4,1,400.0
LH Ferguson,Saurashtra Cricket Association Stadium,1,1,100.0
LH Ferguson,Sharjah Cricket Stadium,24,13,184.6153846153846
LH Ferguson,Sheikh Zayed Stadium,19,16,118.75
LJ Wright,M Chinnaswamy Stadium,7,4,175.0
LJ Wright,"Punjab Cricket Association Stadium, Mohali",34,11,309.09090909090907
LJ Wright,Shaheed Veer Narayan Singh International Stadium,19,18,105.55555555555556
LJ Wright,Subrata Roy Sahara Stadium,46,30,153.33333333333334
LMP Simmons,Barabati Stadium,12,15,80.0
LMP Simmons,Brabourne Stadium,67,44,152.27272727272728
LMP Simmons,Eden Gardens,68,50,136.0
LMP Simmons,Feroz Shah Kotla,81,60,135.0
LMP Simmons,M Chinnaswamy Stadium,62,52,119.23076923076923
LMP Simmons,MA Chidambaram Stadium,38,32,118.75
LMP Simmons,"Punjab Cricket Association Stadium, Mohali",171,121,141.32231404958677
LMP Simmons,Rajiv Gandhi International Stadium,120,110,109.09090909090908
LMP Simmons,"Sardar Patel Stadium, Motera",62,51,121.56862745098039
LMP Simmons,Wankhede Stadium,398,343,116.03498542274053
LPC Silva,"Punjab Cricket Association Stadium, Mohali",23,10,229.99999999999997
LPC Silva,Rajiv Gandhi International Stadium,17,17,100.0
LR Shukla,Buffalo Park,6,7,85.71428571428571
LR Shukla,Eden Gardens,153,116,131.89655172413794
LR Shukla,Feroz Shah Kotla,31,38,81.57894736842105
LR Shukla,Kingsmead,50,50,100.0
LR Shukla,M Chinnaswamy Stadium,5,8,62.5
LR Shukla,MA Chidambaram Stadium,76,62,122.58064516129032
LR Shukla,Newlands,21,19,110.5263157894737
LR Shukla,"Punjab Cricket Association Stadium, Mohali",7,10,70.0
LR Shukla,Rajiv Gandhi International Stadium,14,3,466.6666666666667
LR Shukla,Sawai Mansingh Stadium,12,20,60.0
LR Shukla,St George's Park,6,10,60.0
LR Shukla,Subrata Roy Sahara Stadium,24,11,218.18181818181816
LR Shukla,Wankhede Stadium,0,4,0.0
LRPL Taylor,Dr DY Patil Sports Academy,31,32,96.875
LRPL Taylor,Dubai International Cricket Stadium,6,9,66.66666666666666
LRPL Taylor,Eden Gardens,6,10,60.0
LRPL Taylor,Feroz Shah Kotla,187,149,125.503355704698
LRPL Taylor,Kingsmead,81,73,110.95890410958904
LRPL Taylor,M Chinnaswamy Stadium,121,76,159.21052631578948
LRPL Taylor,MA Chidambaram Stadium,52,41,126.82926829268293
LRPL Taylor,New Wanderers Stadium,69,44,156.8181818181818
LRPL Taylor,Newlands,0,1,0.0
LRPL Taylor,"Punjab Cricket Association Stadium, Mohali",0,5,0.0
LRPL Taylor,Rajiv Gandhi International Stadium,40,33,121.21212121212122
LRPL Taylor,"Sardar Patel Stadium, Motera",4,6,66.66666666666666
LRPL Taylor,Sawai Mansingh Stadium,150,131,114.50381679389312
LRPL Taylor,Sharjah Cricket Stadium,43,40,107.5
LRPL Taylor,Sheikh Zayed Stadium,6,7,85.71428571428571
LRPL Taylor,St George's Park,48,56,85.71428571428571
LRPL Taylor,Subrata Roy Sahara Stadium,52,61,85.24590163934425
LRPL Taylor,SuperSport Park,82,37,221.6216216216216
LRPL Taylor,"Vidarbha Cricket Association Stadium, Jamtha",1,5,20.0
LRPL Taylor,Wankhede Stadium,38,31,122.58064516129032
LS Livingstone,Arun Jaitley Stadium,18,18,100.0
LS Livingstone,"Bharat Ratna Shri Atal Bihari Vajpayee Ekana Cricket Stadium, Lucknow",28,19,147.36842105263156
LS Livingstone,"Brabourne Stadium, Mumbai",196,111,176.57657657657657
LS Livingstone,"Dr DY Patil Sports Academy, Mumbai",112,65,172.30769230769232
LS Livingstone,Dubai International Cricket Stadium,35,34,102.94117647058823
LS Livingstone,Eden Gardens,30,14,214.28571428571428
LS Livingstone,"Himachal Pradesh Cricket Association Stadium, Dharamsala",103,64,160.9375
LS Livingstone,M Chinnaswamy Stadium,90,73,123.28767123287672
LS Livingstone,MA Chidambaram Stadium,50,33,151.5151515151515
LS Livingstone,"Maharaja Yadavindra Singh International Cricket Stadium, Mullanpur",66,48,137.5
LS Livingstone,"Maharashtra Cricket Association Stadium, Pune",20,19,105.26315789473684
LS Livingstone,"Narendra Modi Stadium, Ahmedabad",25,20,125.0
LS Livingstone,"Punjab Cricket Association IS Bindra Stadium, Mohali, Chandigarh",107,61,175.40983606557376
LS Livingstone,Rajiv Gandhi International Stadium,15,26,57.692307692307686
LS Livingstone,Sawai Mansingh Stadium,44,26,169.23076923076923
LS Livingstone,Sharjah Cricket Stadium,6,6,100.0
LS Livingstone,Wankhede Stadium,120,85,141.1764705882353
LS Livingstone,"Zayed Cricket Stadium, Abu Dhabi",1,3,33.33333333333333
Lalit Yadav,Arun Jaitley Stadium,19,33,57.57575757575758
Lalit Yadav,"Barsapara Cricket Stadium, Guwahati",38,25,152.0
Lalit Yadav,"Brabourne Stadium, Mumbai",49,46,106.5217391304348
Lalit Yadav,"Dr DY Patil Sports Academy, Mumbai",24,21,114.28571428571428
Lalit Yadav,M Chinnaswamy Stadium,4,7,57.14285714285714
Lalit Yadav,MA Chidambaram Stadium,34,31,109.6774193548387
Lalit Yadav,"Maharashtra Cricket Association Stadium, Pune",25,22,113.63636363636364
Lalit Yadav,Sharjah Cricket Stadium,0,3,0.0
Lalit Yadav,Wankhede Stadium,98,98,100.0
Lalit Yadav,"Zayed Cricket Stadium, Abu Dhabi",14,15,93.33333333333333
Liton Das,Arun Jaitley Stadium,4,4,100.0
M Ashwin,"Brabourne Stadium, Mumbai",6,2,300.0
M Ashwin,"Dr DY Patil Sports Academy, Mumbai",6,10,60.0
M Ashwin,Dubai International Cricket Stadium,4,4,100.0
M Ashwin,M Chinnaswamy Stadium,1,2,50.0
M Ashwin,MA Chidambaram Stadium,9,10,90.0
M Ashwin,Maharashtra Cricket Association Stadium,1,3,33.33333333333333
M Ashwin,"Maharashtra Cricket Association Stadium, Pune",0,2,0.0
M Ashwin,Punjab Cricket Association IS Bindra Stadium,1,2,50.0
M Ashwin,Rajiv Gandhi International Stadium,1,1,100.0
M Ashwin,Wankhede Stadium,6,14,42.857142857142854
M Jansen,Eden Gardens,4,8,50.0
M Jansen,"Himachal Pradesh Cricket Association Stadium, Dharamsala",2,7,28.57142857142857
M Jansen,MA Chidambaram Stadium,21,29,72.41379310344827
M Jansen,"Maharaja Yadavindra Singh International Cricket Stadium, Mullanpur",63,49,128.57142857142858
M Jansen,"Maharaja Yadavindra Singh International Cricket Stadium, New Chandigarh",10,13,76.92307692307693
M Jansen,"Maharashtra Cricket Association Stadium, Pune",1,2,50.0
M Jansen,"Narendra Modi Stadium, Ahmedabad",23,19,121.05263157894737
M Jansen,Rajiv Gandhi International Stadium,40,36,111.11111111111111
M Jansen,"Sawai Mansingh Stadium, Jaipur",3,4,75.0
M Jansen,Wankhede Stadium,25,19,131.57894736842107
M Kaif,Dr DY Patil Sports Academy,16,16,100.0
M Kaif,Eden Gardens,34,32,106.25
M Kaif,Feroz Shah Kotla,9,19,47.368421052631575
M Kaif,Himachal Pradesh Cricket Association Stadium,15,11,136.36363636363635
M Kaif,M Chinnaswamy Stadium,44,46,95.65217391304348
M Kaif,MA Chidambaram Stadium,24,24,100.0
M Kaif,"Punjab Cricket Association Stadium, Mohali",15,19,78.94736842105263
M Kaif,Rajiv Gandhi International Stadium,34,16,212.5
M Kaif,Sawai Mansingh Stadium,56,63,88.88888888888889
M Kaif,Wankhede Stadium,12,12,100.0
M Kartik,Eden Gardens,48,45,106.66666666666667
M Kartik,Feroz Shah Kotla,1,2,50.0
M Kartik,JSCA International Stadium Complex,0,1,0.0
M Kartik,MA Chidambaram Stadium,8,8,100.0
M Kartik,New Wanderers Stadium,11,10,110.00000000000001
M Kartik,Newlands,10,10,100.0
M Kartik,Rajiv Gandhi International Stadium,2,2,100.0
M Kartik,Sawai Mansingh Stadium,8,9,88.88888888888889
M Kartik,Wankhede Stadium,25,22,113.63636363636364
M Klinger,Feroz Shah Kotla,18,21,85.71428571428571
M Klinger,M Chinnaswamy Stadium,24,25,96.0
M Klinger,Nehru Stadium,31,32,96.875
M Manhas,Barabati Stadium,23,16,143.75
M Manhas,Dr DY Patil Sports Academy,67,78,85.8974358974359
M Manhas,Dubai International Cricket Stadium,10,11,90.9090909090909
M Manhas,Eden Gardens,1,3,33.33333333333333
M Manhas,Feroz Shah Kotla,82,75,109.33333333333333
M Manhas,M Chinnaswamy Stadium,20,22,90.9090909090909
M Manhas,MA Chidambaram Stadium,45,58,77.58620689655173
M Manhas,New Wanderers Stadium,0,6,0.0
M Manhas,OUTsurance Oval,26,28,92.85714285714286
M Manhas,"Punjab Cricket Association Stadium, Mohali",62,53,116.98113207547169
M Manhas,"Sardar Patel Stadium, Motera",11,10,110.00000000000001
M Manhas,Sawai Mansingh Stadium,24,20,120.0
M Manhas,Shaheed Veer Narayan Singh International Stadium,2,4,50.0
M Manhas,Sharjah Cricket Stadium,3,4,75.0
M Manhas,Sheikh Zayed Stadium,13,6,216.66666666666666
M Manhas,St George's Park,23,13,176.9230769230769
M Manhas,Subrata Roy Sahara Stadium,75,59,127.11864406779661
M Manhas,SuperSport Park,26,18,144.44444444444443
M Manhas,Wankhede Stadium,1,2,50.0
M Markande,Arun Jaitley Stadium,3,11,27.27272727272727
M Markande,M Chinnaswamy Stadium,6,5,120.0
M Markande,"Narendra Modi Stadium, Ahmedabad",18,9,200.0
M Markande,Rajiv Gandhi International Stadium,9,8,112.5
M Markande,Sawai Mansingh Stadium,0,1,0.0
M Markande,Wankhede Stadium,12,10,120.0
M Morkel,Brabourne Stadium,4,3,133.33333333333331
M Morkel,De Beers Diamond Oval,8,9,88.88888888888889
M Morkel,Feroz Shah Kotla,36,27,133.33333333333331
M Morkel,Green Park,1,1,100.0
M Morkel,Himachal Pradesh Cricket Association Stadium,29,10,290.0
M Morkel,M Chinnaswamy Stadium,4,12,33.33333333333333
M Morkel,Sheikh Zayed Stadium,4,4,100.0
M Morkel,Subrata Roy Sahara Stadium,0,2,0.0
M Morkel,"Vidarbha Cricket Association Stadium, Jamtha",7,7,100.0
M Morkel,Wankhede Stadium,33,18,183.33333333333331
M Muralitharan,Kingsmead,5,4,125.0
M Muralitharan,M Chinnaswamy Stadium,6,8,75.0
M Muralitharan,MA Chidambaram Stadium,1,2,50.0
M Muralitharan,New Wanderers Stadium,3,4,75.0
M Muralitharan,Rajiv Gandhi International Stadium,0,1,0.0
M Muralitharan,Sawai Mansingh Stadium,5,11,45.45454545454545
M Ntini,MA Chidambaram Stadium,0,6,0.0
M Ntini,Sawai Mansingh Stadium,11,13,84.61538461538461
M Prasidh Krishna,"Dr DY Patil Sports Academy, Mumbai",4,7,57.14285714285714
M Prasidh Krishna,Eden Gardens,1,5,20.0
M Prasidh Krishna,"Himachal Pradesh Cricket Association Stadium, Dharamsala",6,7,85.71428571428571
M Prasidh Krishna,MA Chidambaram Stadium,0,2,0.0
M Prasidh Krishna,"Maharashtra Cricket Association Stadium, Pune",2,5,40.0
M Prasidh Krishna,Sharjah Cricket Stadium,2,4,50.0
M Prasidh Krishna,Wankhede Stadium,0,1,0.0
M Rawat,Dr DY Patil Sports Academy,1,5,20.0
M Rawat,Feroz Shah Kotla,2,4,50.0
M Rawat,M Chinnaswamy Stadium,0,2,0.0
M Rawat,Newlands,8,13,61.53846153846154
M Rawat,"Punjab Cricket Association Stadium, Mohali",23,19,121.05263157894737
M Rawat,Sawai Mansingh Stadium,6,5,120.0
M Rawat,Subrata Roy Sahara Stadium,5,11,45.45454545454545
M Rawat,SuperSport Park,8,7,114.28571428571428
M Rawat,Wankhede Stadium,2,4,50.0
M Shahrukh Khan,Arun Jaitley Stadium,10,9,111.11111111111111
M Shahrukh Khan,"Barsapara Cricket Stadium, Guwahati",11,10,110.00000000000001
M Shahrukh Khan,"Bharat Ratna Shri Atal Bihari Vajpayee Ekana Cricket Stadium, Lucknow",34,19,178.94736842105263
M Shahrukh Khan,"Brabourne Stadium, Mumbai",33,40,82.5
M Shahrukh Khan,"Dr DY Patil Sports Academy, Mumbai",50,55,90.9090909090909
M Shahrukh Khan,Dubai International Cricket Stadium,30,19,157.89473684210526
M Shahrukh Khan,Eden Gardens,32,14,228.57142857142856
M Shahrukh Khan,"Himachal Pradesh Cricket Association Stadium, Dharamsala",47,27,174.07407407407408
M Shahrukh Khan,M Chinnaswamy Stadium,37,24,154.16666666666669
M Shahrukh Khan,MA Chidambaram Stadium,24,21,114.28571428571428
M Shahrukh Khan,"Maharaja Yadavindra Singh International Cricket Stadium, Mullanpur",8,4,200.0
M Shahrukh Khan,"Maharaja Yadavindra Singh International Cricket Stadium, New Chandigarh",17,13,130.76923076923077
M Shahrukh Khan,"Maharashtra Cricket Association Stadium, Pune",15,8,187.5
M Shahrukh Khan,"Narendra Modi Stadium, Ahmedabad",249,163,152.76073619631902
M Shahrukh Khan,"Punjab Cricket Association IS Bindra Stadium, Mohali, Chandigarh",46,32,143.75
M Shahrukh Khan,Rajiv Gandhi International Stadium,4,3,133.33333333333331
M Shahrukh Khan,"Sawai Mansingh Stadium, Jaipur",19,10,190.0
M Shahrukh Khan,Sharjah Cricket Stadium,16,12,133.33333333333331
M Shahrukh Khan,Wankhede Stadium,93,68,136.76470588235296
M Theekshana,"Barsapara Cricket Stadium, Guwahati",3,5,60.0
M Theekshana,"Maharashtra Cricket Association Stadium, Pune",7,4,175.0
M Theekshana,"Narendra Modi Stadium, Ahmedabad",5,13,38.46153846153847
M Theekshana,"Sawai Mansingh Stadium, Jaipur",2,9,22.22222222222222
M Theekshana,Wankhede Stadium,0,3,0.0
M Tiwari,"Himachal Pradesh Cricket Association Stadium, Dharamsala",18,8,225.0
M Tiwari,Wankhede Stadium,3,4,75.0
M Vijay,Buffalo Park,31,33,93.93939393939394
M Vijay,De Beers Diamond Oval,10,13,76.92307692307693
M Vijay,Dr DY Patil Sports Academy,72,64,112.5
M Vijay,Dr. Y.S. Rajasekhara Reddy ACA-VDCA Cricket Stadium,115,101,113.86138613861385
M Vijay,Dubai International Cricket Stadium,62,58,106.89655172413792
M Vijay,Eden Gardens,128,124,103.2258064516129
M Vijay,Feroz Shah Kotla,133,115,115.65217391304347
M Vijay,Himachal Pradesh Cricket Association Stadium,23,26,88.46153846153845
M Vijay,Kingsmead,5,9,55.55555555555556
M Vijay,M Chinnaswamy Stadium,61,57,107.01754385964912
M Vijay,MA Chidambaram Stadium,928,713,130.15427769985973
M Vijay,Maharashtra Cricket Association Stadium,56,57,98.24561403508771
M Vijay,Nehru Stadium,28,19,147.36842105263156
M Vijay,New Wanderers Stadium,14,14,100.0
M Vijay,Punjab Cricket Association IS Bindra Stadium,12,11,109.09090909090908
M Vijay,"Punjab Cricket Association IS Bindra Stadium, Mohali",260,207,125.60386473429952
M Vijay,"Punjab Cricket Association Stadium, Mohali",175,146,119.86301369863013
M Vijay,Rajiv Gandhi International Stadium,55,41,134.14634146341464
M Vijay,"Sardar Patel Stadium, Motera",63,46,136.95652173913044
M Vijay,Saurashtra Cricket Association Stadium,55,42,130.95238095238096
M Vijay,Sawai Mansingh Stadium,108,99,109.09090909090908
M Vijay,Sharjah Cricket Stadium,79,77,102.59740259740259
M Vijay,Sheikh Zayed Stadium,12,20,60.0
M Vijay,Subrata Roy Sahara Stadium,8,11,72.72727272727273
M Vijay,"Vidarbha Cricket Association Stadium, Jamtha",23,14,164.28571428571428
M Vijay,Wankhede Stadium,103,91,113.18681318681318
M Vohra,"Bharat Ratna Shri Atal Bihari Vajpayee Ekana Cricket Stadium, Lucknow",10,11,90.9090909090909
M Vohra,Eden Gardens,143,115,124.34782608695652
M Vohra,Feroz Shah Kotla,86,73,117.8082191780822
M Vohra,Himachal Pradesh Cricket Association Stadium,20,8,250.0
M Vohra,Holkar Cricket Stadium,48,33,145.45454545454547
M Vohra,M Chinnaswamy Stadium,141,123,114.6341463414634
M Vohra,"Punjab Cricket Association IS Bindra Stadium, Mohali",132,105,125.71428571428571
M Vohra,"Punjab Cricket Association Stadium, Mohali",183,159,115.09433962264151
M Vohra,Rajiv Gandhi International Stadium,195,123,158.53658536585365
M Vohra,Saurashtra Cricket Association Stadium,2,4,50.0
M Vohra,Sawai Mansingh Stadium,3,6,50.0
M Vohra,Subrata Roy Sahara Stadium,43,28,153.57142857142858
M Vohra,Wankhede Stadium,77,75,102.66666666666666
M de Lange,Wankhede Stadium,1,2,50.0
MA Agarwal,Arun Jaitley Stadium,28,33,84.84848484848484
MA Agarwal,"Bharat Ratna Shri Atal Bihari Vajpayee Ekana Cricket Stadium, Lucknow",60,40,150.0
MA Agarwal,Brabourne Stadium,11,8,137.5
MA Agarwal,"Brabourne Stadium, Mumbai",52,43,120.93023255813952
MA Agarwal,"Dr DY Patil Sports Academy, Mumbai",32,28,114.28571428571428
MA Agarwal,Dr. Y.S. Rajasekhara Reddy ACA-VDCA Cricket Stadium,9,8,112.5
MA Agarwal,Dubai International Cricket Stadium,319,232,137.5
MA Agarwal,Eden Gardens,120,99,121.21212121212122
MA Agarwal,Feroz Shah Kotla,149,132,112.87878787878789
MA Agarwal,Holkar Cricket Stadium,15,21,71.42857142857143
MA Agarwal,M Chinnaswamy Stadium,270,193,139.89637305699483
MA Agarwal,MA Chidambaram Stadium,191,165,115.75757575757575
MA Agarwal,"Maharaja Yadavindra Singh International Cricket Stadium, Mullanpur",19,13,146.15384615384613
MA Agarwal,Maharashtra Cricket Association Stadium,94,76,123.6842105263158
MA Agarwal,"Maharashtra Cricket Association Stadium, Pune",77,50,154.0
MA Agarwal,"Narendra Modi Stadium, Ahmedabad",170,130,130.76923076923077
MA Agarwal,Nehru Stadium,33,27,122.22222222222223
MA Agarwal,Punjab Cricket Association IS Bindra Stadium,243,161,150.93167701863354
MA Agarwal,"Punjab Cricket Association Stadium, Mohali",3,8,37.5
MA Agarwal,Rajiv Gandhi International Stadium,247,218,113.30275229357798
MA Agarwal,"Sardar Patel Stadium, Motera",17,10,170.0
MA Agarwal,Sawai Mansingh Stadium,37,42,88.09523809523809
MA Agarwal,Sharjah Cricket Stadium,219,143,153.14685314685315
MA Agarwal,Sheikh Zayed Stadium,109,80,136.25
MA Agarwal,Wankhede Stadium,240,186,129.03225806451613
MA Khote,Dr DY Patil Sports Academy,7,10,70.0
MA Khote,MA Chidambaram Stadium,9,5,180.0
MA Khote,"Punjab Cricket Association Stadium, Mohali",8,7,114.28571428571428
MA Starc,Arun Jaitley Stadium,1,5,20.0
MA Starc,"Dr. Y.S. Rajasekhara Reddy ACA-VDCA Cricket Stadium, Visakhapatnam",3,6,50.0
MA Starc,Dubai International Cricket Stadium,8,17,47.05882352941176
MA Starc,Eden Gardens,20,13,153.84615384615387
MA Starc,JSCA International Stadium Complex,1,1,100.0
MA Starc,M Chinnaswamy Stadium,45,39,115.38461538461537
MA Starc,MA Chidambaram Stadium,1,10,10.0
MA Starc,"Narendra Modi Stadium, Ahmedabad",2,2,100.0
MA Starc,Rajiv Gandhi International Stadium,7,7,100.0
MA Starc,Sheikh Zayed Stadium,18,16,112.5
MA Starc,Wankhede Stadium,5,6,83.33333333333334
MA Wood,M Chinnaswamy Stadium,1,2,50.0
MA Wood,MA Chidambaram Stadium,10,3,333.33333333333337
MA Wood,Wankhede Stadium,1,5,20.0
MC Henriques,Barabati Stadium,11,5,220.00000000000003
MC Henriques,Brabourne Stadium,20,21,95.23809523809523
MC Henriques,Dr. Y.S. Rajasekhara Reddy ACA-VDCA Cricket Stadium,18,15,120.0
MC Henriques,Dubai International Cricket Stadium,3,3,100.0
MC Henriques,Eden Gardens,65,53,122.64150943396226
MC Henriques,Feroz Shah Kotla,93,68,136.76470588235296
MC Henriques,Green Park,4,2,200.0
MC Henriques,JSCA International Stadium Complex,11,11,100.0
MC Henriques,Kingsmead,30,24,125.0
MC Henriques,M Chinnaswamy Stadium,42,43,97.67441860465115
MC Henriques,MA Chidambaram Stadium,14,17,82.35294117647058
MC Henriques,Maharashtra Cricket Association Stadium,55,29,189.6551724137931
MC Henriques,"Narendra Modi Stadium, Ahmedabad",2,3,66.66666666666666
MC Henriques,New Wanderers Stadium,2,8,25.0
MC Henriques,Newlands,6,8,75.0
MC Henriques,"Punjab Cricket Association IS Bindra Stadium, Mohali",7,6,116.66666666666667
MC Henriques,"Punjab Cricket Association Stadium, Mohali",46,39,117.94871794871796
MC Henriques,Rajiv Gandhi International Stadium,409,330,123.93939393939395
MC Henriques,"Sardar Patel Stadium, Motera",9,13,69.23076923076923
MC Henriques,Sawai Mansingh Stadium,22,19,115.78947368421053
MC Henriques,Shaheed Veer Narayan Singh International Stadium,92,62,148.38709677419354
MC Henriques,Sharjah Cricket Stadium,12,9,133.33333333333331
MC Henriques,Subrata Roy Sahara Stadium,27,13,207.6923076923077
MC Juneja,Eden Gardens,8,9,88.88888888888889
MC Juneja,Feroz Shah Kotla,51,65,78.46153846153847
MC Juneja,M Chinnaswamy Stadium,17,18,94.44444444444444
MC Juneja,Wankhede Stadium,49,42,116.66666666666667
MD Choudhary,"Bharat Ratna Shri Atal Bihari Vajpayee Ekana Cricket Stadium, Lucknow",54,43,125.5813953488372
MD Choudhary,Eden Gardens,54,27,200.0
MD Choudhary,M Chinnaswamy Stadium,39,30,130.0
MD Choudhary,"Maharaja Yadavindra Singh International Cricket Stadium, New Chandigarh",21,17,123.52941176470588
MD Choudhary,Rajiv Gandhi International Stadium,2,5,40.0
MD Mishra,Barabati Stadium,1,4,25.0
MD Mishra,Brabourne Stadium,5,7,71.42857142857143
MD Mishra,Dr DY Patil Sports Academy,61,60,101.66666666666666
MD Mishra,Eden Gardens,29,16,181.25
MD Mishra,Feroz Shah Kotla,25,19,131.57894736842107
MD Mishra,Himachal Pradesh Cricket Association Stadium,20,23,86.95652173913044
MD Mishra,M Chinnaswamy Stadium,9,11,81.81818181818183
MD Mishra,MA Chidambaram Stadium,9,9,100.0
MD Mishra,Subrata Roy Sahara Stadium,4,4,100.0
MD Mishra,"Vidarbha Cricket Association Stadium, Jamtha",62,50,124.0
MD Mishra,Wankhede Stadium,12,10,120.0
MD Shanaka,Arun Jaitley Stadium,10,8,125.0
MD Shanaka,M Chinnaswamy Stadium,0,3,0.0
MD Shanaka,MA Chidambaram Stadium,17,16,106.25
MD Shanaka,"Maharaja Yadavindra Singh International Cricket Stadium, New Chandigarh",8,12,66.66666666666666
MD Shanaka,"Narendra Modi Stadium, Ahmedabad",9,7,128.57142857142858
MD Shanaka,"Sawai Mansingh Stadium, Jaipur",16,12,133.33333333333331
MD Shanaka,Wankhede Stadium,29,16,181.25
MDKJ Perera,Feroz Shah Kotla,14,12,116.66666666666667
MDKJ Perera,Subrata Roy Sahara Stadium,0,1,0.0
MEK Hussey,Brabourne Stadium,39,33,118.18181818181819
MEK Hussey,Dr DY Patil Sports Academy,9,19,47.368421052631575
MEK Hussey,Dubai International Cricket Stadium,17,22,77.27272727272727
MEK Hussey,Eden Gardens,116,130,89.23076923076924
MEK Hussey,Feroz Shah Kotla,151,111,136.03603603603605
MEK Hussey,Himachal Pradesh Cricket Association Stadium,7,11,63.63636363636363
MEK Hussey,JSCA International Stadium Complex,56,46,121.73913043478262
MEK Hussey,M Chinnaswamy Stadium,106,89,119.10112359550563
MEK Hussey,MA Chidambaram Stadium,848,686,123.61516034985422
MEK Hussey,Nehru Stadium,8,10,80.0
MEK Hussey,"Punjab Cricket Association Stadium, Mohali",209,126,165.87301587301587
MEK Hussey,Rajiv Gandhi International Stadium,67,44,152.27272727272728
MEK Hussey,"Sardar Patel Stadium, Motera",56,41,136.58536585365854
MEK Hussey,Sawai Mansingh Stadium,105,105,100.0
MEK Hussey,Sharjah Cricket Stadium,10,19,52.63157894736842
MEK Hussey,Sheikh Zayed Stadium,3,13,23.076923076923077
MEK Hussey,Subrata Roy Sahara Stadium,5,8,62.5
MEK Hussey,"Vidarbha Cricket Association Stadium, Jamtha",8,11,72.72727272727273
MEK Hussey,Wankhede Stadium,157,124,126.61290322580645
MF Maharoof,Eden Gardens,12,15,80.0
MF Maharoof,Feroz Shah Kotla,67,45,148.88888888888889
MF Maharoof,M Chinnaswamy Stadium,13,8,162.5
MF Maharoof,New Wanderers Stadium,18,13,138.46153846153845
MF Maharoof,OUTsurance Oval,3,8,37.5
MF Maharoof,"Punjab Cricket Association Stadium, Mohali",19,13,146.15384615384613
MF Maharoof,Sawai Mansingh Stadium,39,16,243.75
MF Maharoof,Wankhede Stadium,6,6,100.0
MG Bracewell,Eden Gardens,19,18,105.55555555555556
MG Bracewell,M Chinnaswamy Stadium,26,17,152.94117647058823
MG Bracewell,Rajiv Gandhi International Stadium,4,5,80.0
MG Bracewell,"Sawai Mansingh Stadium, Jaipur",9,9,100.0
MG Johnson,Arun Jaitley Stadium,12,6,200.0
MG Johnson,Barabati Stadium,25,18,138.88888888888889
MG Johnson,Eden Gardens,15,18,83.33333333333334
MG Johnson,Feroz Shah Kotla,10,19,52.63157894736842
MG Johnson,M Chinnaswamy Stadium,17,17,100.0
MG Johnson,MA Chidambaram Stadium,1,2,50.0
MG Johnson,Maharashtra Cricket Association Stadium,1,6,16.666666666666664
MG Johnson,"Punjab Cricket Association IS Bindra Stadium, Mohali",1,2,50.0
MG Johnson,"Punjab Cricket Association Stadium, Mohali",12,10,120.0
MG Johnson,Rajiv Gandhi International Stadium,13,14,92.85714285714286
MG Johnson,"Sardar Patel Stadium, Motera",13,8,162.5
MG Johnson,Sawai Mansingh Stadium,11,9,122.22222222222223
MG Johnson,Sharjah Cricket Stadium,4,7,57.14285714285714
MG Johnson,Sheikh Zayed Stadium,0,1,0.0
MG Johnson,Wankhede Stadium,32,31,103.2258064516129
MJ Clarke,Barabati Stadium,41,31,132.25806451612902
MJ Clarke,Eden Gardens,1,2,50.0
MJ Clarke,Subrata Roy Sahara Stadium,56,63,88.88888888888889
MJ Guptill,Dr. Y.S. Rajasekhara Reddy ACA-VDCA Cricket Stadium,84,61,137.70491803278688
MJ Guptill,Green Park,7,9,77.77777777777779
MJ Guptill,M Chinnaswamy Stadium,39,33,118.18181818181819
MJ Guptill,Maharashtra Cricket Association Stadium,0,1,0.0
MJ Guptill,"Punjab Cricket Association IS Bindra Stadium, Mohali",87,59,147.45762711864407
MJ Guptill,Rajiv Gandhi International Stadium,2,4,50.0
MJ Guptill,Wankhede Stadium,52,30,173.33333333333334
MJ Henry,"Barsapara Cricket Stadium, Guwahati",5,7,71.42857142857143
MJ Henry,M Chinnaswamy Stadium,2,3,66.66666666666666
MJ Lumb,Feroz Shah Kotla,0,2,0.0
MJ Lumb,M Chinnaswamy Stadium,10,18,55.55555555555556
MJ Lumb,MA Chidambaram Stadium,37,26,142.30769230769232
MJ Lumb,"Punjab Cricket Association Stadium, Mohali",41,30,136.66666666666666
MJ Lumb,"Sardar Patel Stadium, Motera",75,51,147.05882352941177
MJ Lumb,Sawai Mansingh Stadium,100,59,169.4915254237288
MJ Lumb,"Vidarbha Cricket Association Stadium, Jamtha",15,10,150.0
MJ Lumb,Wankhede Stadium,0,2,0.0
MJ McClenaghan,Dr. Y.S. Rajasekhara Reddy ACA-VDCA Cricket Stadium,12,13,92.3076923076923
MJ McClenaghan,Eden Gardens,20,8,250.0
MJ McClenaghan,Feroz Shah Kotla,0,1,0.0
MJ McClenaghan,M Chinnaswamy Stadium,1,5,20.0
MJ McClenaghan,Punjab Cricket Association IS Bindra Stadium,0,2,0.0
MJ McClenaghan,Rajiv Gandhi International Stadium,2,3,66.66666666666666
MJ McClenaghan,Saurashtra Cricket Association Stadium,1,1,100.0
MJ McClenaghan,Sawai Mansingh Stadium,0,1,0.0
MJ McClenaghan,Wankhede Stadium,49,39,125.64102564102564
MJ Owen,"Sawai Mansingh Stadium, Jaipur",0,2,0.0
MJ Santner,Arun Jaitley Stadium,18,14,128.57142857142858
MJ Santner,"Bharat Ratna Shri Atal Bihari Vajpayee Ekana Cricket Stadium, Lucknow",2,2,100.0
MJ Santner,"Brabourne Stadium, Mumbai",1,2,50.0
MJ Santner,"Dr DY Patil Sports Academy, Mumbai",11,11,100.0
MJ Santner,"Himachal Pradesh Cricket Association Stadium, Dharamsala",11,11,100.0
MJ Santner,M Chinnaswamy Stadium,3,5,60.0
MJ Santner,MA Chidambaram Stadium,34,36,94.44444444444444
MJ Santner,"Maharaja Yadavindra Singh International Cricket Stadium, New Chandigarh",0,2,0.0
MJ Santner,"Narendra Modi Stadium, Ahmedabad",19,15,126.66666666666666
MJ Santner,Sawai Mansingh Stadium,10,4,250.0
MJ Santner,"Sawai Mansingh Stadium, Jaipur",1,1,100.0
MJ Santner,Wankhede Stadium,26,29,89.65517241379311
MJ Suthar,M Chinnaswamy Stadium,1,2,50.0
MK Lomror,Arun Jaitley Stadium,62,35,177.14285714285714
MK Lomror,"Bharat Ratna Shri Atal Bihari Vajpayee Ekana Cricket Stadium, Lucknow",3,4,75.0
MK Lomror,"Brabourne Stadium, Mumbai",22,12,183.33333333333331
MK Lomror,Dubai International Cricket Stadium,75,52,144.23076923076923
MK Lomror,Eden Gardens,18,12,150.0
MK Lomror,"Himachal Pradesh Cricket Association Stadium, Dharamsala",0,2,0.0
MK Lomror,M Chinnaswamy Stadium,151,97,155.6701030927835
MK Lomror,"Maharashtra Cricket Association Stadium, Pune",42,29,144.82758620689654
MK Lomror,"Narendra Modi Stadium, Ahmedabad",40,27,148.14814814814815
MK Lomror,"Punjab Cricket Association IS Bindra Stadium, Mohali, Chandigarh",7,9,77.77777777777779
MK Lomror,Rajiv Gandhi International Stadium,7,5,140.0
MK Lomror,Sawai Mansingh Stadium,20,21,95.23809523809523
MK Lomror,"Sawai Mansingh Stadium, Jaipur",1,2,50.0
MK Lomror,Sharjah Cricket Stadium,1,2,50.0
MK Lomror,Sheikh Zayed Stadium,58,52,111.53846153846155
MK Lomror,Wankhede Stadium,1,4,25.0
MK Lomror,"Zayed Cricket Stadium, Abu Dhabi",19,24,79.16666666666666
MK Pandey,Arun Jaitley Stadium,187,155,120.64516129032259
MK Pandey,Barabati Stadium,50,58,86.20689655172413
MK Pandey,"Barsapara Cricket Stadium, Guwahati",0,1,0.0
MK Pandey,Brabourne Stadium,61,48,127.08333333333333
MK Pandey,"Brabourne Stadium, Mumbai",43,37,116.21621621621621
MK Pandey,Dr DY Patil Sports Academy,113,104,108.65384615384615
MK Pandey,"Dr DY Patil Sports Academy, Mumbai",17,18,94.44444444444444
MK Pandey,Dr. Y.S. Rajasekhara Reddy ACA-VDCA Cricket Stadium,63,62,101.61290322580645
MK Pandey,Dubai International Cricket Stadium,329,283,116.25441696113074
MK Pandey,Eden Gardens,697,590,118.13559322033898
MK Pandey,Feroz Shah Kotla,128,97,131.95876288659792
MK Pandey,Green Park,1,3,33.33333333333333
MK Pandey,JSCA International Stadium Complex,67,50,134.0
MK Pandey,Kingsmead,2,2,100.0
MK Pandey,M Chinnaswamy Stadium,402,325,123.69230769230771
MK Pandey,MA Chidambaram Stadium,265,224,118.30357142857142
MK Pandey,Maharashtra Cricket Association Stadium,24,18,133.33333333333331
MK Pandey,"Narendra Modi Stadium, Ahmedabad",1,4,25.0
MK Pandey,New Wanderers Stadium,52,44,118.18181818181819
MK Pandey,Punjab Cricket Association IS Bindra Stadium,76,62,122.58064516129032
MK Pandey,"Punjab Cricket Association IS Bindra Stadium, Mohali",30,34,88.23529411764706
MK Pandey,"Punjab Cricket Association Stadium, Mohali",57,61,93.44262295081968
MK Pandey,Rajiv Gandhi International Stadium,352,333,105.7057057057057
MK Pandey,"Sardar Patel Stadium, Motera",0,1,0.0
MK Pandey,Sawai Mansingh Stadium,124,101,122.77227722772277
MK Pandey,Sharjah Cricket Stadium,74,68,108.8235294117647
MK Pandey,Sheikh Zayed Stadium,204,169,120.71005917159763
MK Pandey,Subrata Roy Sahara Stadium,152,131,116.03053435114504
MK Pandey,SuperSport Park,114,74,154.05405405405406
MK Pandey,"Vidarbha Cricket Association Stadium, Jamtha",0,1,0.0
MK Pandey,Wankhede Stadium,267,205,130.2439024390244
MK Pandey,"Zayed Cricket Stadium, Abu Dhabi",69,43,160.46511627906978
MK Tiwary,Barabati Stadium,30,30,100.0
MK Tiwary,Dr DY Patil Sports Academy,24,25,96.0
MK Tiwary,Dubai International Cricket Stadium,31,19,163.1578947368421
MK Tiwary,Eden Gardens,515,469,109.80810234541578
MK Tiwary,Feroz Shah Kotla,227,183,124.04371584699454
MK Tiwary,Holkar Cricket Stadium,40,23,173.91304347826087
MK Tiwary,JSCA International Stadium Complex,24,29,82.75862068965517
MK Tiwary,Kingsmead,9,13,69.23076923076923
MK Tiwary,M Chinnaswamy Stadium,71,61,116.39344262295081
MK Tiwary,MA Chidambaram Stadium,76,64,118.75
MK Tiwary,Maharashtra Cricket Association Stadium,97,81,119.75308641975309
MK Tiwary,Nehru Stadium,1,7,14.285714285714285
MK Tiwary,"Punjab Cricket Association Stadium, Mohali",123,106,116.03773584905662
MK Tiwary,Rajiv Gandhi International Stadium,50,46,108.69565217391303
MK Tiwary,"Sardar Patel Stadium, Motera",72,60,120.0
MK Tiwary,Saurashtra Cricket Association Stadium,31,28,110.71428571428572
MK Tiwary,Sawai Mansingh Stadium,80,71,112.67605633802818
MK Tiwary,Sharjah Cricket Stadium,1,3,33.33333333333333
MK Tiwary,Sheikh Zayed Stadium,0,2,0.0
MK Tiwary,Subrata Roy Sahara Stadium,23,20,114.99999999999999
MK Tiwary,Wankhede Stadium,170,149,114.09395973154362
ML Hayden,"Brabourne Stadium, Mumbai",20,15,133.33333333333331
ML Hayden,Buffalo Park,43,28,153.57142857142858
ML Hayden,De Beers Diamond Oval,48,46,104.34782608695652
ML Hayden,Dr DY Patil Sports Academy,25,41,60.97560975609756
ML Hayden,Eden Gardens,1,8,12.5
ML Hayden,Feroz Shah Kotla,93,46,202.17391304347828
ML Hayden,Himachal Pradesh Cricket Association Stadium,5,8,62.5
ML Hayden,Kingsmead,166,103,161.16504854368932
ML Hayden,M Chinnaswamy Stadium,45,53,84.90566037735849
ML Hayden,MA Chidambaram Stadium,283,209,135.4066985645933
ML Hayden,New Wanderers Stadium,56,39,143.5897435897436
ML Hayden,Newlands,44,35,125.71428571428571
ML Hayden,"Punjab Cricket Association Stadium, Mohali",25,17,147.05882352941177
ML Hayden,"Sardar Patel Stadium, Motera",19,14,135.71428571428572
ML Hayden,St George's Park,125,98,127.55102040816327
ML Hayden,SuperSport Park,90,60,150.0
ML Hayden,"Vidarbha Cricket Association Stadium, Jamtha",19,19,100.0
MM Ali,Arun Jaitley Stadium,74,48,154.16666666666669
MM Ali,"Barsapara Cricket Stadium, Guwahati",5,14,35.714285714285715
MM Ali,"Bharat Ratna Shri Atal Bihari Vajpayee Ekana Cricket Stadium, Lucknow",30,20,150.0
MM Ali,"Brabourne Stadium, Mumbai",128,84,152.38095238095238
MM Ali,"Dr DY Patil Sports Academy, Mumbai",60,47,127.65957446808511
MM Ali,Dubai International Cricket Stadium,70,66,106.06060606060606
MM Ali,Eden Gardens,66,31,212.9032258064516
MM Ali,"Himachal Pradesh Cricket Association Stadium, Dharamsala",17,20,85.0
MM Ali,M Chinnaswamy Stadium,159,95,167.3684210526316
MM Ali,MA Chidambaram Stadium,93,87,106.89655172413792
MM Ali,"Maharashtra Cricket Association Stadium, Pune",35,31,112.90322580645163
MM Ali,"Narendra Modi Stadium, Ahmedabad",79,56,141.07142857142858
MM Ali,Rajiv Gandhi International Stadium,12,15,80.0
MM Ali,Sawai Mansingh Stadium,19,11,172.72727272727272
MM Ali,"Sawai Mansingh Stadium, Jaipur",23,12,191.66666666666669
MM Ali,Sharjah Cricket Stadium,40,36,111.11111111111111
MM Ali,Sheikh Zayed Stadium,0,1,0.0
MM Ali,Wankhede Stadium,204,144,141.66666666666669
MM Ali,"Zayed Cricket Stadium, Abu Dhabi",53,47,112.7659574468085
MM Patel,De Beers Diamond Oval,5,7,71.42857142857143
MM Patel,Dr DY Patil Sports Academy,0,1,0.0
MM Patel,Green Park,0,1,0.0
MM Patel,Kingsmead,5,6,83.33333333333334
MM Patel,M Chinnaswamy Stadium,0,2,0.0
MM Patel,Newlands,0,2,0.0
MM Patel,OUTsurance Oval,23,10,229.99999999999997
MM Patel,"Punjab Cricket Association Stadium, Mohali",0,1,0.0
MM Patel,"Sardar Patel Stadium, Motera",4,3,133.33333333333331
MM Patel,SuperSport Park,0,1,0.0
MM Patel,Wankhede Stadium,2,7,28.57142857142857
MM Sharma,Arun Jaitley Stadium,0,1,0.0
MM Sharma,"Dr. Y.S. Rajasekhara Reddy ACA-VDCA Cricket Stadium, Visakhapatnam",1,2,50.0
MM Sharma,Eden Gardens,32,19,168.42105263157893
MM Sharma,Feroz Shah Kotla,28,23,121.73913043478262
MM Sharma,Holkar Cricket Stadium,7,8,87.5
MM Sharma,M Chinnaswamy Stadium,23,26,88.46153846153845
MM Sharma,MA Chidambaram Stadium,2,1,200.0
MM Sharma,Maharashtra Cricket Association Stadium,8,15,53.333333333333336
MM Sharma,"Narendra Modi Stadium, Ahmedabad",2,16,12.5
MM Sharma,"Punjab Cricket Association IS Bindra Stadium, Mohali",3,7,42.857142857142854
MM Sharma,Rajiv Gandhi International Stadium,10,6,166.66666666666669
MM Sharma,Saurashtra Cricket Association Stadium,5,5,100.0
MM Sharma,Wankhede Stadium,4,11,36.36363636363637
MN Samuels,Barabati Stadium,1,1,100.0
MN Samuels,Feroz Shah Kotla,28,28,100.0
MN Samuels,Green Park,1,4,25.0
MN Samuels,M Chinnaswamy Stadium,34,20,170.0
MN Samuels,MA Chidambaram Stadium,26,24,108.33333333333333
MN Samuels,"Punjab Cricket Association Stadium, Mohali",2,13,15.384615384615385
MN Samuels,Rajiv Gandhi International Stadium,5,9,55.55555555555556
MN Samuels,Subrata Roy Sahara Stadium,60,71,84.50704225352112
MN Samuels,Wankhede Stadium,4,4,100.0
MN van Wyk,Buffalo Park,32,37,86.48648648648648
MN van Wyk,Kingsmead,117,83,140.96385542168676
MN van Wyk,New Wanderers Stadium,0,3,0.0
MN van Wyk,St George's Park,18,12,150.0
MP Breetzke,"Bharat Ratna Shri Atal Bihari Vajpayee Ekana Cricket Stadium, Lucknow",14,12,116.66666666666667
MP Stoinis,Arun Jaitley Stadium,37,32,115.625
MP Stoinis,"Bharat Ratna Shri Atal Bihari Vajpayee Ekana Cricket Stadium, Lucknow",336,255,131.76470588235293
MP Stoinis,"Brabourne Stadium, Mumbai",37,27,137.03703703703704
MP Stoinis,"Dr DY Patil Sports Academy, Mumbai",24,17,141.1764705882353
MP Stoinis,Dubai International Cricket Stadium,210,145,144.82758620689654
MP Stoinis,Eden Gardens,45,45,100.0
MP Stoinis,"Himachal Pradesh Cricket Association Stadium, Dharamsala",53,34,155.88235294117646
MP Stoinis,Holkar Cricket Stadium,55,39,141.02564102564102
MP Stoinis,M Chinnaswamy Stadium,210,135,155.55555555555557
MP Stoinis,MA Chidambaram Stadium,196,117,167.52136752136752
MP Stoinis,"Maharaja Yadavindra Singh International Cricket Stadium, Mullanpur",32,34,94.11764705882352
MP Stoinis,"Maharaja Yadavindra Singh International Cricket Stadium, New Chandigarh",91,42,216.66666666666666
MP Stoinis,"Maharashtra Cricket Association Stadium, Pune",31,21,147.61904761904762
MP Stoinis,"Narendra Modi Stadium, Ahmedabad",100,83,120.48192771084338
MP Stoinis,Punjab Cricket Association IS Bindra Stadium,50,31,161.29032258064515
MP Stoinis,"Punjab Cricket Association IS Bindra Stadium, Mohali",119,89,133.7078651685393
MP Stoinis,"Punjab Cricket Association IS Bindra Stadium, Mohali, Chandigarh",72,40,180.0
MP Stoinis,Rajiv Gandhi International Stadium,105,58,181.0344827586207
MP Stoinis,Saurashtra Cricket Association Stadium,34,28,121.42857142857142
MP Stoinis,Sawai Mansingh Stadium,42,44,95.45454545454545
MP Stoinis,"Sawai Mansingh Stadium, Jaipur",68,39,174.35897435897436
MP Stoinis,Sharjah Cricket Stadium,82,72,113.88888888888889
MP Stoinis,Sheikh Zayed Stadium,78,57,136.8421052631579
MP Stoinis,Wankhede Stadium,135,104,129.80769230769232
MP Yadav,"Bharat Ratna Shri Atal Bihari Vajpayee Ekana Cricket Stadium, Lucknow",5,6,83.33333333333334
MR Marsh,Arun Jaitley Stadium,98,73,134.24657534246575
MR Marsh,"Bharat Ratna Shri Atal Bihari Vajpayee Ekana Cricket Stadium, Lucknow",571,354,161.29943502824858
MR Marsh,"Brabourne Stadium, Mumbai",10,7,142.85714285714286
MR Marsh,Dr DY Patil Sports Academy,48,44,109.09090909090908
MR Marsh,"Dr DY Patil Sports Academy, Mumbai",177,133,133.08270676691728
MR Marsh,"Dr. Y.S. Rajasekhara Reddy ACA-VDCA Cricket Stadium, Visakhapatnam",90,53,169.81132075471697
MR Marsh,Dubai International Cricket Stadium,0,1,0.0
MR Marsh,Eden Gardens,96,64,150.0
MR Marsh,Feroz Shah Kotla,13,19,68.42105263157895
MR Marsh,Himachal Pradesh Cricket Association Stadium,15,12,125.0
MR Marsh,"Himachal Pradesh Cricket Association Stadium, Dharamsala",0,5,0.0
MR Marsh,M Chinnaswamy Stadium,64,62,103.2258064516129
MR Marsh,MA Chidambaram Stadium,17,19,89.47368421052632
MR Marsh,"Maharaja Yadavindra Singh International Cricket Stadium, Mullanpur",20,14,142.85714285714286
MR Marsh,"Maharaja Yadavindra Singh International Cricket Stadium, New Chandigarh",40,29,137.93103448275863
MR Marsh,Maharashtra Cricket Association Stadium,14,13,107.6923076923077
MR Marsh,"Narendra Modi Stadium, Ahmedabad",117,65,180.0
MR Marsh,"Punjab Cricket Association Stadium, Mohali",2,6,33.33333333333333
MR Marsh,Rajiv Gandhi International Stadium,98,64,153.125
MR Marsh,Saurashtra Cricket Association Stadium,7,11,63.63636363636363
MR Marsh,Sawai Mansingh Stadium,35,22,159.0909090909091
MR Marsh,"Sawai Mansingh Stadium, Jaipur",123,77,159.74025974025975
MR Marsh,Subrata Roy Sahara Stadium,20,17,117.64705882352942
MR Marsh,Wankhede Stadium,180,127,141.73228346456693
MS Bhandage,M Chinnaswamy Stadium,1,4,25.0
MS Bisla,Barabati Stadium,10,21,47.61904761904761
MS Bisla,Brabourne Stadium,11,10,110.00000000000001
MS Bisla,Eden Gardens,231,235,98.29787234042553
MS Bisla,JSCA International Stadium Complex,1,8,12.5
MS Bisla,M Chinnaswamy Stadium,159,120,132.5
MS Bisla,MA Chidambaram Stadium,215,154,139.6103896103896
MS Bisla,"Punjab Cricket Association Stadium, Mohali",98,96,102.08333333333333
MS Bisla,Rajiv Gandhi International Stadium,15,19,78.94736842105263
MS Bisla,Sawai Mansingh Stadium,22,25,88.0
MS Bisla,Shaheed Veer Narayan Singh International Stadium,4,8,50.0
MS Bisla,Sheikh Zayed Stadium,3,9,33.33333333333333
MS Bisla,Subrata Roy Sahara Stadium,12,13,92.3076923076923
MS Bisla,Wankhede Stadium,17,19,89.47368421052632
MS Dhoni,Arun Jaitley Stadium,70,82,85.36585365853658
MS Dhoni,Barabati Stadium,23,20,114.99999999999999
MS Dhoni,"Barsapara Cricket Stadium, Guwahati",16,12,133.33333333333331
MS Dhoni,"Bharat Ratna Shri Atal Bihari Vajpayee Ekana Cricket Stadium, Lucknow",54,25,216.0
MS Dhoni,"Brabourne Stadium, Mumbai",65,64,101.5625
MS Dhoni,Buffalo Park,58,39,148.71794871794873
MS Dhoni,Dr DY Patil Sports Academy,81,65,124.61538461538461
MS Dhoni,"Dr DY Patil Sports Academy, Mumbai",52,30,173.33333333333334
MS Dhoni,Dr. Y.S. Rajasekhara Reddy ACA-VDCA Cricket Stadium,110,75,146.66666666666666
MS Dhoni,"Dr. Y.S. Rajasekhara Reddy ACA-VDCA Cricket Stadium, Visakhapatnam",37,19,194.73684210526315
MS Dhoni,Dubai International Cricket Stadium,183,166,110.24096385542168
MS Dhoni,Eden Gardens,297,233,127.46781115879828
MS Dhoni,Feroz Shah Kotla,132,105,125.71428571428571
MS Dhoni,Himachal Pradesh Cricket Association Stadium,60,45,133.33333333333331
MS Dhoni,"Himachal Pradesh Cricket Association Stadium, Dharamsala",0,1,0.0
MS Dhoni,Holkar Cricket Stadium,5,13,38.46153846153847
MS Dhoni,JSCA International Stadium Complex,138,111,124.32432432432432
MS Dhoni,Kingsmead,47,53,88.67924528301887
MS Dhoni,M Chinnaswamy Stadium,501,289,173.35640138408303
MS Dhoni,MA Chidambaram Stadium,1547,1109,139.49504057709646
MS Dhoni,"Maharaja Yadavindra Singh International Cricket Stadium, Mullanpur",27,13,207.6923076923077
MS Dhoni,Maharashtra Cricket Association Stadium,421,317,132.80757097791798
MS Dhoni,"Maharashtra Cricket Association Stadium, Pune",10,10,100.0
MS Dhoni,"Narendra Modi Stadium, Ahmedabad",40,19,210.52631578947367
MS Dhoni,Nehru Stadium,14,13,107.6923076923077
MS Dhoni,New Wanderers Stadium,34,38,89.47368421052632
MS Dhoni,Newlands,36,26,138.46153846153845
MS Dhoni,Punjab Cricket Association IS Bindra Stadium,89,59,150.84745762711864
MS Dhoni,"Punjab Cricket Association IS Bindra Stadium, Mohali",1,2,50.0
MS Dhoni,"Punjab Cricket Association Stadium, Mohali",70,39,179.4871794871795
MS Dhoni,Rajiv Gandhi International Stadium,135,108,125.0
MS Dhoni,"Sardar Patel Stadium, Motera",52,59,88.13559322033898
MS Dhoni,Saurashtra Cricket Association Stadium,27,18,150.0
MS Dhoni,Sawai Mansingh Stadium,145,115,126.08695652173914
MS Dhoni,Shaheed Veer Narayan Singh International Stadium,27,24,112.5
MS Dhoni,Sharjah Cricket Stadium,86,75,114.66666666666667
MS Dhoni,Sheikh Zayed Stadium,97,68,142.64705882352942
MS Dhoni,St George's Park,39,38,102.63157894736842
MS Dhoni,Subrata Roy Sahara Stadium,71,44,161.36363636363635
MS Dhoni,SuperSport Park,118,76,155.26315789473685
MS Dhoni,"Vidarbha Cricket Association Stadium, Jamtha",7,13,53.84615384615385
MS Dhoni,Wankhede Stadium,416,367,113.35149863760219
MS Dhoni,"Zayed Cricket Stadium, Abu Dhabi",1,4,25.0
MS Gony,Dr. Y.S. Rajasekhara Reddy ACA-VDCA Cricket Stadium,4,8,50.0
MS Gony,Feroz Shah Kotla,13,6,216.66666666666666
MS Gony,Kingsmead,13,7,185.71428571428572
MS Gony,MA Chidambaram Stadium,23,23,100.0
MS Gony,Nehru Stadium,0,1,0.0
MS Gony,"Punjab Cricket Association Stadium, Mohali",45,23,195.65217391304347
MS Gony,Rajiv Gandhi International Stadium,0,1,0.0
MS Gony,Sawai Mansingh Stadium,1,4,25.0
MS Gony,Wankhede Stadium,0,3,0.0
MS Wade,"Brabourne Stadium, Mumbai",6,7,85.71428571428571
MS Wade,Dr DY Patil Sports Academy,3,4,75.0
MS Wade,"Dr DY Patil Sports Academy, Mumbai",31,27,114.81481481481481
MS Wade,Eden Gardens,35,32,109.375
MS Wade,Feroz Shah Kotla,19,29,65.51724137931035
MS Wade,"Maharashtra Cricket Association Stadium, Pune",11,9,122.22222222222223
MS Wade,"Narendra Modi Stadium, Ahmedabad",8,11,72.72727272727273
MS Wade,"Sawai Mansingh Stadium, Jaipur",4,7,57.14285714285714
MS Wade,Wankhede Stadium,66,59,111.86440677966101
MV Boucher,Eden Gardens,50,40,125.0
MV Boucher,Feroz Shah Kotla,31,17,182.35294117647058
MV Boucher,Kingsmead,32,22,145.45454545454547
MV Boucher,M Chinnaswamy Stadium,63,68,92.64705882352942
MV Boucher,MA Chidambaram Stadium,17,15,113.33333333333333
MV Boucher,Nehru Stadium,5,4,125.0
MV Boucher,New Wanderers Stadium,15,15,100.0
MV Boucher,"Punjab Cricket Association Stadium, Mohali",39,33,118.18181818181819
MV Boucher,St George's Park,84,66,127.27272727272727
MV Boucher,SuperSport Park,19,18,105.55555555555556
MV Boucher,Wankhede Stadium,39,20,195.0
MW Short,"Barsapara Cricket Stadium, Guwahati",2,8,25.0
MW Short,"Bharat Ratna Shri Atal Bihari Vajpayee Ekana Cricket Stadium, Lucknow",34,22,154.54545454545453
MW Short,"Narendra Modi Stadium, Ahmedabad",24,15,160.0
MW Short,"Punjab Cricket Association IS Bindra Stadium, Mohali, Chandigarh",71,61,116.39344262295081
MW Short,Rajiv Gandhi International Stadium,35,36,97.22222222222221
MW Short,Wankhede Stadium,11,11,100.0
Mandeep Singh,Arun Jaitley Stadium,55,52,105.76923076923077
Mandeep Singh,Barabati Stadium,3,11,27.27272727272727
Mandeep Singh,"Brabourne Stadium, Mumbai",0,7,0.0
Mandeep Singh,Dubai International Cricket Stadium,50,37,135.13513513513513
Mandeep Singh,Eden Gardens,140,94,148.93617021276594
Mandeep Singh,Feroz Shah Kotla,45,32,140.625
Mandeep Singh,Himachal Pradesh Cricket Association Stadium,43,42,102.38095238095238
Mandeep Singh,Holkar Cricket Stadium,43,45,95.55555555555556
Mandeep Singh,JSCA International Stadium Complex,4,7,57.14285714285714
Mandeep Singh,M Chinnaswamy Stadium,413,309,133.6569579288026
Mandeep Singh,MA Chidambaram Stadium,72,69,104.34782608695652
Mandeep Singh,Maharashtra Cricket Association Stadium,61,48,127.08333333333333
Mandeep Singh,"Maharashtra Cricket Association Stadium, Pune",18,17,105.88235294117648
Mandeep Singh,Punjab Cricket Association IS Bindra Stadium,85,70,121.42857142857142
Mandeep Singh,"Punjab Cricket Association IS Bindra Stadium, Mohali, Chandigarh",2,4,50.0
Mandeep Singh,"Punjab Cricket Association Stadium, Mohali",274,229,119.65065502183405
Mandeep Singh,Rajiv Gandhi International Stadium,131,104,125.96153846153845
Mandeep Singh,Sawai Mansingh Stadium,44,40,110.00000000000001
Mandeep Singh,Sharjah Cricket Stadium,66,57,115.78947368421053
Mandeep Singh,Sheikh Zayed Stadium,14,17,82.35294117647058
Mandeep Singh,Subrata Roy Sahara Stadium,55,51,107.84313725490196
Mandeep Singh,Wankhede Stadium,73,62,117.74193548387098
Mandeep Singh,"Zayed Cricket Stadium, Abu Dhabi",15,14,107.14285714285714
Mashrafe Mortaza,New Wanderers Stadium,2,2,100.0
Mayank Dagar,M Chinnaswamy Stadium,0,1,0.0
Misbah-ul-Haq,M Chinnaswamy Stadium,58,39,148.71794871794873
Misbah-ul-Haq,MA Chidambaram Stadium,4,6,66.66666666666666
Misbah-ul-Haq,"Punjab Cricket Association Stadium, Mohali",21,8,262.5
Misbah-ul-Haq,Rajiv Gandhi International Stadium,34,28,121.42857142857142
Misbah-ul-Haq,Sawai Mansingh Stadium,0,1,0.0
Mohammad Ashraful,SuperSport Park,2,12,16.666666666666664
Mohammad Asif,Dr DY Patil Sports Academy,0,1,0.0
Mohammad Asif,Wankhede Stadium,3,5,60.0
Mohammad Hafeez,Eden Gardens,25,33,75.75757575757575
Mohammad Hafeez,M Chinnaswamy Stadium,5,3,166.66666666666669
Mohammad Hafeez,MA Chidambaram Stadium,16,24,66.66666666666666
Mohammad Hafeez,"Punjab Cricket Association Stadium, Mohali",13,12,108.33333333333333
Mohammad Hafeez,Wankhede Stadium,5,12,41.66666666666667
Mohammad Nabi,Arun Jaitley Stadium,41,18,227.77777777777777
Mohammad Nabi,"Bharat Ratna Shri Atal Bihari Vajpayee Ekana Cricket Stadium, Lucknow",1,2,50.0
Mohammad Nabi,Dr. Y.S. Rajasekhara Reddy ACA-VDCA Cricket Stadium,20,13,153.84615384615387
Mohammad Nabi,M Chinnaswamy Stadium,4,3,133.33333333333331
Mohammad Nabi,MA Chidambaram Stadium,14,13,107.6923076923077
Mohammad Nabi,"Maharaja Yadavindra Singh International Cricket Stadium, Mullanpur",0,1,0.0
Mohammad Nabi,Punjab Cricket Association IS Bindra Stadium,12,7,171.42857142857142
Mohammad Nabi,Rajiv Gandhi International Stadium,37,32,115.625
Mohammad Nabi,"Sawai Mansingh Stadium, Jaipur",23,17,135.29411764705884
Mohammad Nabi,Sheikh Zayed Stadium,11,8,137.5
Mohammad Nabi,Wankhede Stadium,55,39,141.02564102564102
Mohammad Nabi,"Zayed Cricket Stadium, Abu Dhabi",3,4,75.0
Mohammed Shami,"Bharat Ratna Shri Atal Bihari Vajpayee Ekana Cricket Stadium, Lucknow",30,18,166.66666666666669
Mohammed Shami,"Dr. Y.S. Rajasekhara Reddy ACA-VDCA Cricket Stadium, Visakhapatnam",1,1,100.0
Mohammed Shami,Dubai International Cricket Stadium,0,1,0.0
Mohammed Shami,Eden Gardens,10,14,71.42857142857143
Mohammed Shami,Feroz Shah Kotla,33,24,137.5
Mohammed Shami,Green Park,4,2,200.0
Mohammed Shami,M Chinnaswamy Stadium,1,2,50.0
Mohammed Shami,MA Chidambaram Stadium,8,11,72.72727272727273
Mohammed Shami,"Narendra Modi Stadium, Ahmedabad",1,3,33.33333333333333
Mohammed Shami,Punjab Cricket Association IS Bindra Stadium,0,1,0.0
Mohammed Shami,"Punjab Cricket Association IS Bindra Stadium, Mohali",2,4,50.0
Mohammed Shami,"Punjab Cricket Association Stadium, Mohali",0,1,0.0
Mohammed Shami,Rajiv Gandhi International Stadium,8,6,133.33333333333331
Mohammed Shami,Sawai Mansingh Stadium,5,10,50.0
Mohammed Shami,Sheikh Zayed Stadium,3,6,50.0
Mohammed Shami,Wankhede Stadium,9,12,75.0
Mohammed Siraj,"Bharat Ratna Shri Atal Bihari Vajpayee Ekana Cricket Stadium, Lucknow",0,1,0.0
Mohammed Siraj,"Brabourne Stadium, Mumbai",11,17,64.70588235294117
Mohammed Siraj,"Dr DY Patil Sports Academy, Mumbai",14,11,127.27272727272727
Mohammed Siraj,Dubai International Cricket Stadium,5,4,125.0
Mohammed Siraj,"Himachal Pradesh Cricket Association Stadium, Dharamsala",5,13,38.46153846153847
Mohammed Siraj,M Chinnaswamy Stadium,14,15,93.33333333333333
Mohammed Siraj,MA Chidambaram Stadium,0,2,0.0
Mohammed Siraj,Maharashtra Cricket Association Stadium,3,7,42.857142857142854
Mohammed Siraj,"Maharashtra Cricket Association Stadium, Pune",5,5,100.0
Mohammed Siraj,"Narendra Modi Stadium, Ahmedabad",3,10,30.0
Mohammed Siraj,Rajiv Gandhi International Stadium,3,9,33.33333333333333
Mohammed Siraj,Sawai Mansingh Stadium,14,13,107.6923076923077
Mohammed Siraj,Sharjah Cricket Stadium,2,3,66.66666666666666
Mohammed Siraj,Sheikh Zayed Stadium,10,7,142.85714285714286
Mohammed Siraj,Wankhede Stadium,20,17,117.64705882352942
Mohammed Siraj,"Zayed Cricket Stadium, Abu Dhabi",8,10,80.0
Mohit Rathee,Rajiv Gandhi International Stadium,1,2,50.0
Mohsin Khan,"Bharat Ratna Shri Atal Bihari Vajpayee Ekana Cricket Stadium, Lucknow",2,5,40.0
Mohsin Khan,"Brabourne Stadium, Mumbai",9,10,90.0
Mohsin Khan,MA Chidambaram Stadium,0,7,0.0
Mohsin Khan,"Maharashtra Cricket Association Stadium, Pune",14,9,155.55555555555557
Mujeeb Ur Rahman,Dubai International Cricket Stadium,1,3,33.33333333333333
Mujeeb Ur Rahman,M Chinnaswamy Stadium,0,2,0.0
Mujeeb Ur Rahman,MA Chidambaram Stadium,1,1,100.0
Mujeeb Ur Rahman,Punjab Cricket Association IS Bindra Stadium,0,1,0.0
Mujeeb Ur Rahman,Rajiv Gandhi International Stadium,10,8,125.0
Mukesh Choudhary,"Brabourne Stadium, Mumbai",2,2,100.0
Mukesh Choudhary,"Narendra Modi Stadium, Ahmedabad",2,2,100.0
Mukesh Choudhary,Wankhede Stadium,4,4,100.0
Mukesh Kumar,Arun Jaitley Stadium,6,10,60.0
Mukesh Kumar,"Barsapara Cricket Stadium, Guwahati",1,1,100.0
Mukesh Kumar,"Bharat Ratna Shri Atal Bihari Vajpayee Ekana Cricket Stadium, Lucknow",0,1,0.0
Mukesh Kumar,M Chinnaswamy Stadium,3,8,37.5
Musheer Khan,"Maharaja Yadavindra Singh International Cricket Stadium, Mullanpur",0,3,0.0
Mustafizur Rahman,Arun Jaitley Stadium,1,1,100.0
Mustafizur Rahman,"Maharashtra Cricket Association Stadium, Pune",3,5,60.0
Mustafizur Rahman,Sharjah Cricket Stadium,8,10,80.0
Mustafizur Rahman,Wankhede Stadium,1,8,12.5
N Burger,"Maharaja Yadavindra Singh International Cricket Stadium, New Chandigarh",1,1,100.0
N Burger,Rajiv Gandhi International Stadium,3,5,60.0
N Burger,Wankhede Stadium,10,3,333.33333333333337
N Jagadeesan,"Brabourne Stadium, Mumbai",1,4,25.0
N Jagadeesan,Dubai International Cricket Stadium,33,30,110.00000000000001
N Jagadeesan,Eden Gardens,56,40,140.0
N Jagadeesan,M Chinnaswamy Stadium,27,30,90.0
N Jagadeesan,"Narendra Modi Stadium, Ahmedabad",6,8,75.0
N Jagadeesan,Sharjah Cricket Stadium,0,1,0.0
N Jagadeesan,Wankhede Stadium,39,42,92.85714285714286
N Pooran,Arun Jaitley Stadium,61,27,225.9259259259259
N Pooran,"Bharat Ratna Shri Atal Bihari Vajpayee Ekana Cricket Stadium, Lucknow",539,423,127.42316784869976
N Pooran,"Brabourne Stadium, Mumbai",67,47,142.5531914893617
N Pooran,"Dr DY Patil Sports Academy, Mumbai",108,80,135.0
N Pooran,"Dr. Y.S. Rajasekhara Reddy ACA-VDCA Cricket Stadium, Visakhapatnam",75,31,241.93548387096774
N Pooran,Dubai International Cricket Stadium,280,176,159.0909090909091
N Pooran,Eden Gardens,203,126,161.11111111111111
N Pooran,"Himachal Pradesh Cricket Association Stadium, Dharamsala",6,5,120.0
N Pooran,M Chinnaswamy Stadium,149,77,193.5064935064935
N Pooran,MA Chidambaram Stadium,67,37,181.08108108108107
N Pooran,"Maharaja Yadavindra Singh International Cricket Stadium, New Chandigarh",9,10,90.0
N Pooran,"Maharashtra Cricket Association Stadium, Pune",66,49,134.6938775510204
N Pooran,"Narendra Modi Stadium, Ahmedabad",78,60,130.0
N Pooran,Punjab Cricket Association IS Bindra Stadium,89,57,156.140350877193
N Pooran,"Punjab Cricket Association IS Bindra Stadium, Mohali, Chandigarh",45,20,225.0
N Pooran,Rajiv Gandhi International Stadium,184,85,216.47058823529412
N Pooran,Sawai Mansingh Stadium,12,15,80.0
N Pooran,"Sawai Mansingh Stadium, Jaipur",120,86,139.53488372093022
N Pooran,Sharjah Cricket Stadium,44,23,191.30434782608697
N Pooran,Sheikh Zayed Stadium,84,56,150.0
N Pooran,Wankhede Stadium,239,136,175.73529411764704
N Pooran,"Zayed Cricket Stadium, Abu Dhabi",2,3,66.66666666666666
N Rana,Arun Jaitley Stadium,184,130,141.53846153846155
N Rana,"Barsapara Cricket Stadium, Guwahati",89,46,193.47826086956522
N Rana,"Bharat Ratna Shri Atal Bihari Vajpayee Ekana Cricket Stadium, Lucknow",15,21,71.42857142857143
N Rana,"Brabourne Stadium, Mumbai",102,69,147.82608695652172
N Rana,"Dr DY Patil Sports Academy, Mumbai",97,63,153.96825396825398
N Rana,Dr. Y.S. Rajasekhara Reddy ACA-VDCA Cricket Stadium,25,29,86.20689655172413
N Rana,Dubai International Cricket Stadium,165,134,123.13432835820895
N Rana,Eden Gardens,680,503,135.18886679920476
N Rana,Green Park,70,38,184.21052631578948
N Rana,Holkar Cricket Stadium,73,41,178.0487804878049
N Rana,M Chinnaswamy Stadium,148,104,142.30769230769232
N Rana,MA Chidambaram Stadium,228,180,126.66666666666666
N Rana,"Maharaja Yadavindra Singh International Cricket Stadium, Mullanpur",12,9,133.33333333333331
N Rana,Maharashtra Cricket Association Stadium,34,29,117.24137931034481
N Rana,"Maharashtra Cricket Association Stadium, Pune",36,34,105.88235294117648
N Rana,"Narendra Modi Stadium, Ahmedabad",61,46,132.6086956521739
N Rana,"Punjab Cricket Association IS Bindra Stadium, Mohali, Chandigarh",24,17,141.1764705882353
N Rana,Rajiv Gandhi International Stadium,137,101,135.64356435643566
N Rana,Saurashtra Cricket Association Stadium,19,16,118.75
N Rana,Sawai Mansingh Stadium,35,28,125.0
N Rana,"Sawai Mansingh Stadium, Jaipur",58,41,141.46341463414635
N Rana,Sharjah Cricket Stadium,151,123,122.76422764227641
N Rana,Sheikh Zayed Stadium,176,128,137.5
N Rana,Wankhede Stadium,417,352,118.46590909090908
N Rana,"Zayed Cricket Stadium, Abu Dhabi",42,32,131.25
N Saini,Feroz Shah Kotla,15,15,100.0
N Saini,Himachal Pradesh Cricket Association Stadium,1,4,25.0
N Saini,M Chinnaswamy Stadium,50,36,138.88888888888889
N Saini,MA Chidambaram Stadium,6,4,150.0
N Saini,"Punjab Cricket Association Stadium, Mohali",36,55,65.45454545454545
N Saini,Rajiv Gandhi International Stadium,2,4,50.0
N Saini,Wankhede Stadium,30,25,120.0
N Sindhu,Eden Gardens,1,5,20.0
N Sindhu,"Himachal Pradesh Cricket Association Stadium, Dharamsala",5,3,166.66666666666669
N Sindhu,"Narendra Modi Stadium, Ahmedabad",57,43,132.5581395348837
N Wadhera,Arun Jaitley Stadium,29,21,138.0952380952381
N Wadhera,"Bharat Ratna Shri Atal Bihari Vajpayee Ekana Cricket Stadium, Lucknow",105,89,117.97752808988764
N Wadhera,Eden Gardens,3,4,75.0
N Wadhera,"Himachal Pradesh Cricket Association Stadium, Dharamsala",16,10,160.0
N Wadhera,M Chinnaswamy Stadium,54,32,168.75
N Wadhera,MA Chidambaram Stadium,102,75,136.0
N Wadhera,"Maharaja Yadavindra Singh International Cricket Stadium, Mullanpur",94,76,123.6842105263158
N Wadhera,"Maharaja Yadavindra Singh International Cricket Stadium, New Chandigarh",30,27,111.11111111111111
N Wadhera,"Narendra Modi Stadium, Ahmedabad",107,81,132.0987654320988
N Wadhera,Rajiv Gandhi International Stadium,27,22,122.72727272727273
N Wadhera,"Sawai Mansingh Stadium, Jaipur",137,80,171.25
N Wadhera,Wankhede Stadium,80,66,121.21212121212122
ND Doshi,Holkar Cricket Stadium,0,13,0.0
NJ Maddinson,Dubai International Cricket Stadium,12,8,150.0
NJ Maddinson,MA Chidambaram Stadium,4,7,57.14285714285714
NJ Maddinson,Sharjah Cricket Stadium,4,6,66.66666666666666
NJ Rimmington,Dr DY Patil Sports Academy,1,1,100.0
NK Patel,Dr DY Patil Sports Academy,2,11,18.181818181818183
NK Patel,Kingsmead,14,22,63.63636363636363
NK Patel,Newlands,4,19,21.052631578947366
NK Patel,"Punjab Cricket Association Stadium, Mohali",57,40,142.5
NK Patel,Sawai Mansingh Stadium,44,32,137.5
NL McCullum,MA Chidambaram Stadium,15,16,93.75
NL McCullum,Sawai Mansingh Stadium,11,7,157.14285714285714
NLTC Perera,Dr. Y.S. Rajasekhara Reddy ACA-VDCA Cricket Stadium,40,28,142.85714285714286
NLTC Perera,Eden Gardens,49,36,136.11111111111111
NLTC Perera,Feroz Shah Kotla,30,23,130.43478260869566
NLTC Perera,M Chinnaswamy Stadium,54,35,154.2857142857143
NLTC Perera,Maharashtra Cricket Association Stadium,72,48,150.0
NLTC Perera,Nehru Stadium,22,25,88.0
NLTC Perera,"Punjab Cricket Association IS Bindra Stadium, Mohali",8,9,88.88888888888889
NLTC Perera,"Punjab Cricket Association Stadium, Mohali",32,19,168.42105263157893
NLTC Perera,Rajiv Gandhi International Stadium,106,78,135.8974358974359
NLTC Perera,Sawai Mansingh Stadium,5,8,62.5
NLTC Perera,Subrata Roy Sahara Stadium,0,4,0.0
NLTC Perera,Wankhede Stadium,6,13,46.15384615384615
NM Coulter-Nile,Brabourne Stadium,6,4,150.0
NM Coulter-Nile,Dr. Y.S. Rajasekhara Reddy ACA-VDCA Cricket Stadium,2,3,66.66666666666666
NM Coulter-Nile,Dubai International Cricket Stadium,24,12,200.0
NM Coulter-Nile,Eden Gardens,15,20,75.0
NM Coulter-Nile,Feroz Shah Kotla,6,10,60.0
NM Coulter-Nile,Himachal Pradesh Cricket Association Stadium,9,6,150.0
NM Coulter-Nile,M Chinnaswamy Stadium,6,4,150.0
NM Coulter-Nile,MA Chidambaram Stadium,5,4,125.0
NM Coulter-Nile,"Maharashtra Cricket Association Stadium, Pune",1,2,50.0
NM Coulter-Nile,Sharjah Cricket Stadium,2,5,40.0
NM Coulter-Nile,Wankhede Stadium,3,2,150.0
NM Coulter-Nile,"Zayed Cricket Stadium, Abu Dhabi",3,3,100.0
NS Naik,Arun Jaitley Stadium,7,17,41.17647058823529
NS Naik,"Punjab Cricket Association IS Bindra Stadium, Mohali",1,3,33.33333333333333
NS Naik,Rajiv Gandhi International Stadium,22,30,73.33333333333333
NS Naik,Sheikh Zayed Stadium,1,3,33.33333333333333
NT Ellis,"Brabourne Stadium, Mumbai",0,2,0.0
NT Ellis,"Punjab Cricket Association IS Bindra Stadium, Mohali, Chandigarh",1,2,50.0
NT Ellis,Rajiv Gandhi International Stadium,0,5,0.0
NT Ellis,Sharjah Cricket Stadium,12,13,92.3076923076923
NT Ellis,"Zayed Cricket Stadium, Abu Dhabi",6,4,150.0
NV Ojha,Brabourne Stadium,20,19,105.26315789473684
NV Ojha,De Beers Diamond Oval,16,16,100.0
NV Ojha,Dr DY Patil Sports Academy,11,10,110.00000000000001
NV Ojha,Dr. Y.S. Rajasekhara Reddy ACA-VDCA Cricket Stadium,62,57,108.77192982456141
NV Ojha,Dubai International Cricket Stadium,10,4,250.0
NV Ojha,Eden Gardens,79,96,82.29166666666666
NV Ojha,Feroz Shah Kotla,236,213,110.7981220657277
NV Ojha,Himachal Pradesh Cricket Association Stadium,33,37,89.1891891891892
NV Ojha,JSCA International Stadium Complex,19,18,105.55555555555556
NV Ojha,Kingsmead,91,68,133.8235294117647
NV Ojha,M Chinnaswamy Stadium,87,85,102.35294117647058
NV Ojha,MA Chidambaram Stadium,144,99,145.45454545454547
NV Ojha,Nehru Stadium,0,3,0.0
NV Ojha,OUTsurance Oval,9,17,52.94117647058824
NV Ojha,"Punjab Cricket Association Stadium, Mohali",41,36,113.88888888888889
NV Ojha,Rajiv Gandhi International Stadium,343,268,127.98507462686568
NV Ojha,"Sardar Patel Stadium, Motera",162,120,135.0
NV Ojha,Sawai Mansingh Stadium,62,58,106.89655172413792
NV Ojha,Shaheed Veer Narayan Singh International Stadium,16,14,114.28571428571428
NV Ojha,St George's Park,0,6,0.0
NV Ojha,Subrata Roy Sahara Stadium,28,28,100.0
NV Ojha,SuperSport Park,52,38,136.8421052631579
NV Ojha,"Vidarbha Cricket Association Stadium, Jamtha",1,6,16.666666666666664
NV Ojha,Wankhede Stadium,32,44,72.72727272727273
Naman Dhir,Arun Jaitley Stadium,66,38,173.6842105263158
Naman Dhir,"Barsapara Cricket Stadium, Guwahati",25,13,192.30769230769232
Naman Dhir,"Bharat Ratna Shri Atal Bihari Vajpayee Ekana Cricket Stadium, Lucknow",46,24,191.66666666666669
Naman Dhir,Eden Gardens,17,9,188.88888888888889
Naman Dhir,"Himachal Pradesh Cricket Association Stadium, Dharamsala",9,6,150.0
Naman Dhir,MA Chidambaram Stadium,74,49,151.0204081632653
Naman Dhir,"Maharaja Yadavindra Singh International Cricket Stadium, New Chandigarh",9,7,128.57142857142858
Naman Dhir,"Narendra Modi Stadium, Ahmedabad",120,74,162.16216216216216
Naman Dhir,Rajiv Gandhi International Stadium,30,15,200.0
Naman Dhir,"Sawai Mansingh Stadium, Jaipur",20,12,166.66666666666669
Naman Dhir,"Shaheed Veer Narayan Singh International Stadium, Raipur",47,33,142.42424242424244
Naman Dhir,Wankhede Stadium,247,164,150.609756097561
Navdeep Saini,"Dr DY Patil Sports Academy, Mumbai",2,2,100.0
Navdeep Saini,Dubai International Cricket Stadium,18,19,94.73684210526315
Navdeep Saini,M Chinnaswamy Stadium,0,1,0.0
Navdeep Saini,MA Chidambaram Stadium,2,3,66.66666666666666
Navdeep Saini,Sheikh Zayed Stadium,9,8,112.5
Navdeep Saini,Wankhede Stadium,2,5,40.0
Naveen-ul-Haq,Arun Jaitley Stadium,2,4,50.0
Naveen-ul-Haq,"Bharat Ratna Shri Atal Bihari Vajpayee Ekana Cricket Stadium, Lucknow",13,14,92.85714285714286
Naveen-ul-Haq,Eden Gardens,2,3,66.66666666666666
Naveen-ul-Haq,MA Chidambaram Stadium,1,5,20.0
Nithish Kumar Reddy,Arun Jaitley Stadium,37,28,132.14285714285714
Nithish Kumar Reddy,"Bharat Ratna Shri Atal Bihari Vajpayee Ekana Cricket Stadium, Lucknow",9,9,100.0
Nithish Kumar Reddy,"Dr. Y.S. Rajasekhara Reddy ACA-VDCA Cricket Stadium, Visakhapatnam",0,3,0.0
Nithish Kumar Reddy,Eden Gardens,58,39,148.71794871794873
Nithish Kumar Reddy,M Chinnaswamy Stadium,1,6,16.666666666666664
Nithish Kumar Reddy,MA Chidambaram Stadium,63,57,110.5263157894737
Nithish Kumar Reddy,"Maharaja Yadavindra Singh International Cricket Stadium, Mullanpur",64,38,168.42105263157893
Nithish Kumar Reddy,"Maharaja Yadavindra Singh International Cricket Stadium, New Chandigarh",38,22,172.72727272727272
Nithish Kumar Reddy,"Narendra Modi Stadium, Ahmedabad",32,28,114.28571428571428
Nithish Kumar Reddy,Rajiv Gandhi International Stadium,389,265,146.79245283018867
Nithish Kumar Reddy,"Sawai Mansingh Stadium, Jaipur",36,18,200.0
Nithish Kumar Reddy,Wankhede Stadium,60,53,113.20754716981132
Noor Ahmad,Arun Jaitley Stadium,2,1,200.0
Noor Ahmad,"Barsapara Cricket Stadium, Guwahati",1,9,11.11111111111111
Noor Ahmad,"Bharat Ratna Shri Atal Bihari Vajpayee Ekana Cricket Stadium, Lucknow",4,2,200.0
Noor Ahmad,Eden Gardens,2,2,100.0
Noor Ahmad,M Chinnaswamy Stadium,8,9,88.88888888888889
Noor Ahmad,MA Chidambaram Stadium,10,19,52.63157894736842
Noor Ahmad,"Narendra Modi Stadium, Ahmedabad",2,13,15.384615384615385
Noor Ahmad,Rajiv Gandhi International Stadium,1,1,100.0
Noor Ahmad,Wankhede Stadium,1,3,33.33333333333333
OA Shah,Brabourne Stadium,31,23,134.7826086956522
OA Shah,Dr DY Patil Sports Academy,58,46,126.08695652173914
OA Shah,Eden Gardens,62,68,91.17647058823529
OA Shah,Feroz Shah Kotla,1,1,100.0
OA Shah,Holkar Cricket Stadium,23,13,176.9230769230769
OA Shah,M Chinnaswamy Stadium,60,27,222.22222222222223
OA Shah,MA Chidambaram Stadium,55,48,114.58333333333333
OA Shah,Rajiv Gandhi International Stadium,28,34,82.35294117647058
OA Shah,"Sardar Patel Stadium, Motera",19,18,105.55555555555556
OA Shah,Sawai Mansingh Stadium,89,77,115.5844155844156
OA Shah,Subrata Roy Sahara Stadium,4,7,57.14285714285714
OA Shah,Wankhede Stadium,76,43,176.74418604651163
OC McCoy,"Narendra Modi Stadium, Ahmedabad",8,5,160.0
OF Smith,"Brabourne Stadium, Mumbai",3,10,30.0
OF Smith,"Dr DY Patil Sports Academy, Mumbai",38,24,158.33333333333331
OF Smith,"Maharashtra Cricket Association Stadium, Pune",1,1,100.0
OF Smith,Wankhede Stadium,9,15,60.0
P Awana,Feroz Shah Kotla,4,5,80.0
P Awana,"Punjab Cricket Association Stadium, Mohali",1,6,16.666666666666664
P Awana,Sawai Mansingh Stadium,0,1,0.0
P Awana,Wankhede Stadium,0,2,0.0
P Chopra,Sawai Mansingh Stadium,8,6,133.33333333333331
P Dogra,Brabourne Stadium,41,30,136.66666666666666
P Dogra,Eden Gardens,14,23,60.86956521739131
P Dogra,Feroz Shah Kotla,20,25,80.0
P Dogra,M Chinnaswamy Stadium,6,14,42.857142857142854
P Dogra,"Punjab Cricket Association Stadium, Mohali",7,10,70.0
P Dogra,Rajiv Gandhi International Stadium,5,8,62.5
P Dogra,"Sardar Patel Stadium, Motera",34,31,109.6774193548387
P Dubey,Arun Jaitley Stadium,16,20,80.0
P Dubey,Dubai International Cricket Stadium,7,13,53.84615384615385
P Kumar,Brabourne Stadium,1,2,50.0
P Kumar,Dr DY Patil Sports Academy,4,8,50.0
P Kumar,Dr. Y.S. Rajasekhara Reddy ACA-VDCA Cricket Stadium,1,1,100.0
P Kumar,Eden Gardens,21,26,80.76923076923077
P Kumar,Feroz Shah Kotla,14,11,127.27272727272727
P Kumar,Green Park,1,2,50.0
P Kumar,Himachal Pradesh Cricket Association Stadium,3,10,30.0
P Kumar,Kingsmead,34,20,170.0
P Kumar,M Chinnaswamy Stadium,93,90,103.33333333333334
P Kumar,MA Chidambaram Stadium,27,17,158.8235294117647
P Kumar,New Wanderers Stadium,2,3,66.66666666666666
P Kumar,Newlands,22,16,137.5
P Kumar,"Punjab Cricket Association Stadium, Mohali",22,33,66.66666666666666
P Kumar,Rajiv Gandhi International Stadium,20,23,86.95652173913044
P Kumar,Saurashtra Cricket Association Stadium,16,14,114.28571428571428
P Kumar,Sawai Mansingh Stadium,25,15,166.66666666666669
P Kumar,St George's Park,0,3,0.0
P Kumar,Subrata Roy Sahara Stadium,1,2,50.0
P Kumar,SuperSport Park,7,4,175.0
P Kumar,Wankhede Stadium,26,23,113.04347826086956
P Negi,Eden Gardens,43,41,104.8780487804878
P Negi,Feroz Shah Kotla,67,50,134.0
P Negi,JSCA International Stadium Complex,12,7,171.42857142857142
P Negi,M Chinnaswamy Stadium,103,90,114.44444444444444
P Negi,MA Chidambaram Stadium,59,35,168.57142857142858
P Negi,Maharashtra Cricket Association Stadium,3,7,42.857142857142854
P Negi,Rajiv Gandhi International Stadium,15,11,136.36363636363635
P Negi,Shaheed Veer Narayan Singh International Stadium,11,21,52.38095238095239
P Negi,Subrata Roy Sahara Stadium,14,11,127.27272727272727
P Negi,Wankhede Stadium,38,28,135.71428571428572
P Nissanka,Arun Jaitley Stadium,165,107,154.20560747663552
P Nissanka,"Bharat Ratna Shri Atal Bihari Vajpayee Ekana Cricket Stadium, Lucknow",1,7,14.285714285714285
P Nissanka,M Chinnaswamy Stadium,1,2,50.0
P Nissanka,MA Chidambaram Stadium,41,24,170.83333333333331
P Nissanka,Rajiv Gandhi International Stadium,8,6,133.33333333333331
P Nissanka,"Sawai Mansingh Stadium, Jaipur",62,34,182.35294117647058
P Parameswaran,M Chinnaswamy Stadium,1,1,100.0
P Parameswaran,Rajiv Gandhi International Stadium,0,2,0.0
P Ray Barman,Rajiv Gandhi International Stadium,19,25,76.0
P Sahu,Feroz Shah Kotla,18,12,150.0
P Sahu,"Punjab Cricket Association IS Bindra Stadium, Mohali",1,1,100.0
P Simran Singh,Arun Jaitley Stadium,179,97,184.53608247422682
P Simran Singh,"Barsapara Cricket Stadium, Guwahati",66,40,165.0
P Simran Singh,"Bharat Ratna Shri Atal Bihari Vajpayee Ekana Cricket Stadium, Lucknow",161,86,187.2093023255814
P Simran Singh,"Dr DY Patil Sports Academy, Mumbai",14,11,127.27272727272727
P Simran Singh,Dubai International Cricket Stadium,11,8,137.5
P Simran Singh,Eden Gardens,149,79,188.60759493670886
P Simran Singh,"Himachal Pradesh Cricket Association Stadium, Dharamsala",278,180,154.44444444444446
P Simran Singh,M Chinnaswamy Stadium,38,26,146.15384615384613
P Simran Singh,MA Chidambaram Stadium,152,106,143.39622641509433
P Simran Singh,"Maharaja Yadavindra Singh International Cricket Stadium, Mullanpur",173,122,141.80327868852459
P Simran Singh,"Maharaja Yadavindra Singh International Cricket Stadium, New Chandigarh",147,96,153.125
P Simran Singh,"Narendra Modi Stadium, Ahmedabad",106,101,104.95049504950495
P Simran Singh,"Punjab Cricket Association IS Bindra Stadium, Mohali, Chandigarh",87,65,133.84615384615384
P Simran Singh,Rajiv Gandhi International Stadium,132,92,143.47826086956522
P Simran Singh,"Sawai Mansingh Stadium, Jaipur",62,44,140.9090909090909
P Simran Singh,Sheikh Zayed Stadium,4,7,57.14285714285714
P Simran Singh,Wankhede Stadium,106,60,176.66666666666666
PA Patel,Arun Jaitley Stadium,45,28,160.71428571428572
PA Patel,Barabati Stadium,23,20,114.99999999999999
PA Patel,"Brabourne Stadium, Mumbai",8,13,61.53846153846154
PA Patel,Dr DY Patil Sports Academy,59,53,111.32075471698113
PA Patel,Dr. Y.S. Rajasekhara Reddy ACA-VDCA Cricket Stadium,21,26,80.76923076923077
PA Patel,Dubai International Cricket Stadium,59,53,111.32075471698113
PA Patel,Eden Gardens,89,111,80.18018018018019
PA Patel,Feroz Shah Kotla,162,137,118.24817518248176
PA Patel,Holkar Cricket Stadium,98,58,168.9655172413793
PA Patel,JSCA International Stadium Complex,10,14,71.42857142857143
PA Patel,Kingsmead,48,42,114.28571428571428
PA Patel,M Chinnaswamy Stadium,308,269,114.49814126394051
PA Patel,MA Chidambaram Stadium,276,280,98.57142857142858
PA Patel,Maharashtra Cricket Association Stadium,105,81,129.62962962962962
PA Patel,Nehru Stadium,57,53,107.54716981132076
PA Patel,New Wanderers Stadium,36,27,133.33333333333331
PA Patel,Newlands,0,2,0.0
PA Patel,Punjab Cricket Association IS Bindra Stadium,19,9,211.11111111111111
PA Patel,"Punjab Cricket Association IS Bindra Stadium, Mohali",81,60,135.0
PA Patel,"Punjab Cricket Association Stadium, Mohali",153,110,139.0909090909091
PA Patel,Rajiv Gandhi International Stadium,314,289,108.65051903114187
PA Patel,"Sardar Patel Stadium, Motera",16,11,145.45454545454547
PA Patel,Saurashtra Cricket Association Stadium,70,45,155.55555555555557
PA Patel,Sawai Mansingh Stadium,132,97,136.08247422680412
PA Patel,Sharjah Cricket Stadium,58,49,118.36734693877551
PA Patel,Sheikh Zayed Stadium,1,1,100.0
PA Patel,St George's Park,30,27,111.11111111111111
PA Patel,Subrata Roy Sahara Stadium,24,18,133.33333333333331
PA Patel,SuperSport Park,28,33,84.84848484848484
PA Patel,Wankhede Stadium,518,426,121.59624413145539
PA Reddy,Feroz Shah Kotla,1,9,11.11111111111111
PA Reddy,M Chinnaswamy Stadium,12,11,109.09090909090908
PA Reddy,Rajiv Gandhi International Stadium,149,142,104.92957746478872
PA Reddy,Sawai Mansingh Stadium,2,5,40.0
PBB Rajapaksa,"Barsapara Cricket Stadium, Guwahati",1,1,100.0
PBB Rajapaksa,"Brabourne Stadium, Mumbai",10,9,111.11111111111111
PBB Rajapaksa,"Dr DY Patil Sports Academy, Mumbai",87,58,150.0
PBB Rajapaksa,Eden Gardens,0,3,0.0
PBB Rajapaksa,"Maharashtra Cricket Association Stadium, Pune",9,8,112.5
PBB Rajapaksa,"Punjab Cricket Association IS Bindra Stadium, Mohali, Chandigarh",70,60,116.66666666666667
PBB Rajapaksa,Wankhede Stadium,100,62,161.29032258064515
PC Valthaty,Dr DY Patil Sports Academy,6,6,100.0
PC Valthaty,Eden Gardens,7,8,87.5
PC Valthaty,Feroz Shah Kotla,14,10,140.0
PC Valthaty,Himachal Pradesh Cricket Association Stadium,89,88,101.13636363636364
PC Valthaty,Holkar Cricket Stadium,17,10,170.0
PC Valthaty,M Chinnaswamy Stadium,21,18,116.66666666666667
PC Valthaty,Newlands,5,7,71.42857142857143
PC Valthaty,"Punjab Cricket Association Stadium, Mohali",217,155,140.0
PC Valthaty,Rajiv Gandhi International Stadium,81,66,122.72727272727273
PC Valthaty,Sawai Mansingh Stadium,13,15,86.66666666666667
PC Valthaty,Subrata Roy Sahara Stadium,1,5,20.0
PC Valthaty,SuperSport Park,1,5,20.0
PC Valthaty,Wankhede Stadium,33,39,84.61538461538461
PD Collingwood,Brabourne Stadium,2,5,40.0
PD Collingwood,Eden Gardens,2,3,66.66666666666666
PD Collingwood,Feroz Shah Kotla,199,151,131.78807947019868
PD Salt,Arun Jaitley Stadium,175,107,163.5514018691589
PD Salt,"Barsapara Cricket Stadium, Guwahati",0,1,0.0
PD Salt,"Bharat Ratna Shri Atal Bihari Vajpayee Ekana Cricket Stadium, Lucknow",124,67,185.07462686567163
PD Salt,"Dr. Y.S. Rajasekhara Reddy ACA-VDCA Cricket Stadium, Visakhapatnam",18,14,128.57142857142858
PD Salt,Eden Gardens,406,229,177.29257641921396
PD Salt,"Himachal Pradesh Cricket Association Stadium, Dharamsala",26,14,185.71428571428572
PD Salt,M Chinnaswamy Stadium,235,164,143.29268292682926
PD Salt,MA Chidambaram Stadium,49,30,163.33333333333334
PD Salt,"Maharaja Yadavindra Singh International Cricket Stadium, Mullanpur",57,30,190.0
PD Salt,"Narendra Modi Stadium, Ahmedabad",16,11,145.45454545454547
PD Salt,Rajiv Gandhi International Stadium,0,1,0.0
PD Salt,"Sawai Mansingh Stadium, Jaipur",65,34,191.1764705882353
PD Salt,Wankhede Stadium,87,44,197.72727272727272
PHKD Mendis,"Bharat Ratna Shri Atal Bihari Vajpayee Ekana Cricket Stadium, Lucknow",32,21,152.38095238095238
PHKD Mendis,Eden Gardens,27,20,135.0
PHKD Mendis,MA Chidambaram Stadium,32,25,128.0
PHKD Mendis,"Narendra Modi Stadium, Ahmedabad",0,1,0.0
PHKD Mendis,Rajiv Gandhi International Stadium,1,5,20.0
PJ Cummins,Arun Jaitley Stadium,1,1,100.0
PJ Cummins,"Bharat Ratna Shri Atal Bihari Vajpayee Ekana Cricket Stadium, Lucknow",13,6,216.66666666666666
PJ Cummins,"Brabourne Stadium, Mumbai",7,7,100.0
PJ Cummins,"Dr DY Patil Sports Academy, Mumbai",0,2,0.0
PJ Cummins,"Dr. Y.S. Rajasekhara Reddy ACA-VDCA Cricket Stadium, Visakhapatnam",2,7,28.57142857142857
PJ Cummins,Dubai International Cricket Stadium,27,21,128.57142857142858
PJ Cummins,Eden Gardens,14,16,87.5
PJ Cummins,Feroz Shah Kotla,43,30,143.33333333333334
PJ Cummins,Green Park,24,13,184.6153846153846
PJ Cummins,M Chinnaswamy Stadium,6,6,100.0
PJ Cummins,MA Chidambaram Stadium,40,36,111.11111111111111
PJ Cummins,"Maharaja Yadavindra Singh International Cricket Stadium, Mullanpur",3,5,60.0
PJ Cummins,"Maharaja Yadavindra Singh International Cricket Stadium, New Chandigarh",1,3,33.33333333333333
PJ Cummins,"Maharashtra Cricket Association Stadium, Pune",56,15,373.3333333333333
PJ Cummins,"Narendra Modi Stadium, Ahmedabad",81,59,137.28813559322032
PJ Cummins,Rajiv Gandhi International Stadium,82,40,204.99999999999997
PJ Cummins,Sharjah Cricket Stadium,7,15,46.666666666666664
PJ Cummins,Sheikh Zayed Stadium,112,84,133.33333333333331
PJ Cummins,Wankhede Stadium,123,71,173.2394366197183
PJ Sangwan,Brabourne Stadium,6,5,120.0
PJ Sangwan,Dr DY Patil Sports Academy,2,4,50.0
PJ Sangwan,"Dr DY Patil Sports Academy, Mumbai",2,6,33.33333333333333
PJ Sangwan,Eden Gardens,0,1,0.0
PJ Sangwan,Feroz Shah Kotla,5,11,45.45454545454545
PJ Sangwan,Green Park,0,1,0.0
PJ Sangwan,M Chinnaswamy Stadium,4,2,200.0
PJ Sangwan,Maharashtra Cricket Association Stadium,1,2,50.0
PJ Sangwan,New Wanderers Stadium,0,3,0.0
PJ Sangwan,OUTsurance Oval,5,5,100.0
PJ Sangwan,Rajiv Gandhi International Stadium,0,5,0.0
PJ Sangwan,SuperSport Park,1,2,50.0
PK Garg,Arun Jaitley Stadium,12,9,133.33333333333331
PK Garg,Dubai International Cricket Stadium,118,107,110.28037383177569
PK Garg,"Narendra Modi Stadium, Ahmedabad",10,14,71.42857142857143
PK Garg,Sharjah Cricket Stadium,15,18,83.33333333333334
PK Garg,Sheikh Zayed Stadium,28,34,82.35294117647058
PK Garg,Wankhede Stadium,46,33,139.3939393939394
PK Garg,"Zayed Cricket Stadium, Abu Dhabi",44,32,137.5
PM Sarvesh Kumar,Feroz Shah Kotla,1,2,50.0
PN Mankad,"Bharat Ratna Shri Atal Bihari Vajpayee Ekana Cricket Stadium, Lucknow",0,1,0.0
PN Mankad,Eden Gardens,26,20,130.0
PN Mankad,MA Chidambaram Stadium,3,6,50.0
PN Mankad,Rajiv Gandhi International Stadium,64,47,136.17021276595744
PN Mankad,Wankhede Stadium,4,1,400.0
PP Chawla,Arun Jaitley Stadium,24,13,184.6153846153846
PP Chawla,Barabati Stadium,9,13,69.23076923076923
PP Chawla,Brabourne Stadium,22,16,137.5
PP Chawla,De Beers Diamond Oval,8,6,133.33333333333331
PP Chawla,Dr DY Patil Sports Academy,15,28,53.57142857142857
PP Chawla,Eden Gardens,123,103,119.41747572815532
PP Chawla,Feroz Shah Kotla,23,22,104.54545454545455
PP Chawla,Green Park,11,16,68.75
PP Chawla,Himachal Pradesh Cricket Association Stadium,16,12,133.33333333333331
PP Chawla,JSCA International Stadium Complex,1,2,50.0
PP Chawla,Kingsmead,16,25,64.0
PP Chawla,M Chinnaswamy Stadium,26,20,130.0
PP Chawla,MA Chidambaram Stadium,35,39,89.74358974358975
PP Chawla,Maharashtra Cricket Association Stadium,12,6,200.0
PP Chawla,"Narendra Modi Stadium, Ahmedabad",18,15,120.0
PP Chawla,New Wanderers Stadium,1,1,100.0
PP Chawla,Newlands,6,7,85.71428571428571
PP Chawla,"Punjab Cricket Association Stadium, Mohali",120,97,123.71134020618557
PP Chawla,Rajiv Gandhi International Stadium,27,24,112.5
PP Chawla,Sawai Mansingh Stadium,51,44,115.90909090909092
PP Chawla,"Sawai Mansingh Stadium, Jaipur",1,1,100.0
PP Chawla,Sheikh Zayed Stadium,0,3,0.0
PP Chawla,Subrata Roy Sahara Stadium,16,8,200.0
PP Chawla,Wankhede Stadium,43,57,75.43859649122807
PP Chawla,"Zayed Cricket Stadium, Abu Dhabi",0,2,0.0
PP Hinge,"Narendra Modi Stadium, Ahmedabad",3,8,37.5
PP Hinge,Rajiv Gandhi International Stadium,0,1,0.0
PP Ojha,Brabourne Stadium,3,3,100.0
PP Ojha,Buffalo Park,0,2,0.0
PP Ojha,Dr DY Patil Sports Academy,1,6,16.666666666666664
PP Ojha,Dubai International Cricket Stadium,1,5,20.0
PP Ojha,Eden Gardens,1,1,100.0
PP Ojha,Feroz Shah Kotla,0,3,0.0
PP Ojha,Kingsmead,0,4,0.0
PP Ojha,Rajiv Gandhi International Stadium,1,1,100.0
PP Ojha,Sawai Mansingh Stadium,2,3,66.66666666666666
PP Ojha,Subrata Roy Sahara Stadium,1,1,100.0
PP Ojha,SuperSport Park,1,1,100.0
PP Ojha,Wankhede Stadium,5,15,33.33333333333333
PP Shaw,Arun Jaitley Stadium,431,307,140.39087947882734
PP Shaw,"Barsapara Cricket Stadium, Guwahati",0,3,0.0
PP Shaw,"Bharat Ratna Shri Atal Bihari Vajpayee Ekana Cricket Stadium, Lucknow",44,32,137.5
PP Shaw,"Brabourne Stadium, Mumbai",130,76,171.05263157894737
PP Shaw,"Dr DY Patil Sports Academy, Mumbai",61,36,169.44444444444443
PP Shaw,Dr. Y.S. Rajasekhara Reddy ACA-VDCA Cricket Stadium,61,47,129.7872340425532
PP Shaw,"Dr. Y.S. Rajasekhara Reddy ACA-VDCA Cricket Stadium, Visakhapatnam",53,36,147.22222222222223
PP Shaw,Dubai International Cricket Stadium,265,192,138.02083333333331
PP Shaw,Eden Gardens,27,15,180.0
PP Shaw,"Himachal Pradesh Cricket Association Stadium, Dharamsala",54,40,135.0
PP Shaw,M Chinnaswamy Stadium,28,24,116.66666666666667
PP Shaw,MA Chidambaram Stadium,64,50,128.0
PP Shaw,Maharashtra Cricket Association Stadium,9,6,150.0
PP Shaw,"Maharashtra Cricket Association Stadium, Pune",10,7,142.85714285714286
PP Shaw,"Narendra Modi Stadium, Ahmedabad",149,89,167.41573033707866
PP Shaw,Punjab Cricket Association IS Bindra Stadium,0,1,0.0
PP Shaw,Rajiv Gandhi International Stadium,69,42,164.28571428571428
PP Shaw,Sawai Mansingh Stadium,42,39,107.6923076923077
PP Shaw,Sharjah Cricket Stadium,109,72,151.38888888888889
PP Shaw,Sheikh Zayed Stadium,15,14,107.14285714285714
PP Shaw,Wankhede Stadium,261,181,144.1988950276243
PP Shaw,"Zayed Cricket Stadium, Abu Dhabi",10,12,83.33333333333334
PR Shah,Buffalo Park,11,23,47.82608695652174
PR Shah,Feroz Shah Kotla,0,1,0.0
PR Shah,Holkar Cricket Stadium,5,5,100.0
PR Shah,Kingsmead,1,1,100.0
PR Shah,Rajiv Gandhi International Stadium,10,9,111.11111111111111
PR Shah,SuperSport Park,41,30,136.66666666666666
PR Shah,Wankhede Stadium,24,28,85.71428571428571
PR Veer,"Bharat Ratna Shri Atal Bihari Vajpayee Ekana Cricket Stadium, Lucknow",13,12,108.33333333333333
PR Veer,M Chinnaswamy Stadium,43,29,148.27586206896552
PR Veer,MA Chidambaram Stadium,34,31,109.6774193548387
PSP Handscomb,Maharashtra Cricket Association Stadium,6,12,50.0
PV Tambe,Dubai International Cricket Stadium,2,2,100.0
PV Tambe,M Chinnaswamy Stadium,7,19,36.84210526315789
PV Tambe,MA Chidambaram Stadium,1,1,100.0
PV Tambe,Rajiv Gandhi International Stadium,3,6,50.0
PV Tambe,"Sardar Patel Stadium, Motera",5,11,45.45454545454545
PVD Chameera,Arun Jaitley Stadium,2,7,28.57142857142857
PVD Chameera,"Brabourne Stadium, Mumbai",0,2,0.0
PVD Chameera,"Dr DY Patil Sports Academy, Mumbai",1,4,25.0
PVD Chameera,Eden Gardens,11,5,220.00000000000003
PVD Chameera,"Maharashtra Cricket Association Stadium, Pune",17,11,154.54545454545453
PVD Chameera,Wankhede Stadium,22,20,110.00000000000001
PVSN Raju,MA Chidambaram Stadium,1,1,100.0
PWA Mulder,"Dr. Y.S. Rajasekhara Reddy ACA-VDCA Cricket Stadium, Visakhapatnam",9,12,75.0
PWH de Silva,"Barsapara Cricket Stadium, Guwahati",8,9,88.88888888888889
PWH de Silva,"Bharat Ratna Shri Atal Bihari Vajpayee Ekana Cricket Stadium, Lucknow",8,7,114.28571428571428
PWH de Silva,"Brabourne Stadium, Mumbai",9,24,37.5
PWH de Silva,"Dr DY Patil Sports Academy, Mumbai",11,6,183.33333333333331
PWH de Silva,Eden Gardens,0,2,0.0
PWH de Silva,M Chinnaswamy Stadium,14,18,77.77777777777779
PWH de Silva,"Maharashtra Cricket Association Stadium, Pune",18,17,105.88235294117648
PWH de Silva,"Narendra Modi Stadium, Ahmedabad",0,1,0.0
PWH de Silva,"Sawai Mansingh Stadium, Jaipur",0,1,0.0
PWH de Silva,Sharjah Cricket Stadium,1,1,100.0
PWH de Silva,Wankhede Stadium,12,8,150.0
PWH de Silva,"Zayed Cricket Stadium, Abu Dhabi",0,1,0.0
Pankaj Singh,Kingsmead,0,1,0.0
Pankaj Singh,M Chinnaswamy Stadium,1,2,50.0
Pankaj Singh,"Punjab Cricket Association Stadium, Mohali",1,5,20.0
Pankaj Singh,Rajiv Gandhi International Stadium,4,3,133.33333333333331
Pankaj Singh,St George's Park,1,1,100.0
Parvez Rasool,MA Chidambaram Stadium,2,2,100.0
Parvez Rasool,Rajiv Gandhi International Stadium,10,9,111.11111111111111
Parvez Rasool,Subrata Roy Sahara Stadium,5,9,55.55555555555556
Prince Yadav,"Bharat Ratna Shri Atal Bihari Vajpayee Ekana Cricket Stadium, Lucknow",0,1,0.0
Prince Yadav,"Himachal Pradesh Cricket Association Stadium, Dharamsala",1,1,100.0
Prince Yadav,Wankhede Stadium,4,10,40.0
Priyansh Arya,Arun Jaitley Stadium,43,19,226.3157894736842
Priyansh Arya,"Bharat Ratna Shri Atal Bihari Vajpayee Ekana Cricket Stadium, Lucknow",8,10,80.0
Priyansh Arya,Eden Gardens,69,36,191.66666666666669
Priyansh Arya,"Himachal Pradesh Cricket Association Stadium, Dharamsala",149,94,158.51063829787233
Priyansh Arya,M Chinnaswamy Stadium,16,12,133.33333333333331
Priyansh Arya,MA Chidambaram Stadium,62,27,229.62962962962962
Priyansh Arya,"Maharaja Yadavindra Singh International Cricket Stadium, Mullanpur",154,76,202.6315789473684
Priyansh Arya,"Maharaja Yadavindra Singh International Cricket Stadium, New Chandigarh",186,79,235.44303797468356
Priyansh Arya,"Narendra Modi Stadium, Ahmedabad",93,56,166.07142857142858
Priyansh Arya,Rajiv Gandhi International Stadium,37,18,205.55555555555554
Priyansh Arya,"Sawai Mansingh Stadium, Jaipur",77,54,142.59259259259258
Priyansh Arya,Wankhede Stadium,15,10,150.0
Q de Kock,Arun Jaitley Stadium,164,129,127.13178294573643
Q de Kock,"Barsapara Cricket Stadium, Guwahati",97,64,151.5625
Q de Kock,"Bharat Ratna Shri Atal Bihari Vajpayee Ekana Cricket Stadium, Lucknow",157,121,129.75206611570246
Q de Kock,"Brabourne Stadium, Mumbai",92,70,131.42857142857142
Q de Kock,"Dr DY Patil Sports Academy, Mumbai",224,134,167.1641791044776
Q de Kock,Dr. Y.S. Rajasekhara Reddy ACA-VDCA Cricket Stadium,42,37,113.51351351351352
Q de Kock,Dubai International Cricket Stadium,245,195,125.64102564102564
Q de Kock,Eden Gardens,85,80,106.25
Q de Kock,Feroz Shah Kotla,157,136,115.44117647058823
Q de Kock,M Chinnaswamy Stadium,465,324,143.5185185185185
Q de Kock,MA Chidambaram Stadium,97,100,97.0
Q de Kock,"Maharaja Yadavindra Singh International Cricket Stadium, Mullanpur",2,4,50.0
Q de Kock,Maharashtra Cricket Association Stadium,2,9,22.22222222222222
Q de Kock,"Maharashtra Cricket Association Stadium, Pune",107,78,137.17948717948718
Q de Kock,"Narendra Modi Stadium, Ahmedabad",83,53,156.60377358490567
Q de Kock,Punjab Cricket Association IS Bindra Stadium,60,39,153.84615384615387
Q de Kock,"Punjab Cricket Association IS Bindra Stadium, Mohali",52,31,167.74193548387098
Q de Kock,Rajiv Gandhi International Stadium,123,96,128.125
Q de Kock,Saurashtra Cricket Association Stadium,46,46,100.0
Q de Kock,Sawai Mansingh Stadium,65,48,135.41666666666669
Q de Kock,"Sawai Mansingh Stadium, Jaipur",4,5,80.0
Q de Kock,Shaheed Veer Narayan Singh International Stadium,115,103,111.6504854368932
Q de Kock,Sharjah Cricket Stadium,173,132,131.06060606060606
Q de Kock,Sheikh Zayed Stadium,212,149,142.28187919463087
Q de Kock,Wankhede Stadium,493,361,136.5650969529086
Q de Kock,"Zayed Cricket Stadium, Abu Dhabi",82,74,110.8108108108108
R Ashwin,Arun Jaitley Stadium,37,34,108.8235294117647
R Ashwin,Barabati Stadium,11,4,275.0
R Ashwin,"Barsapara Cricket Stadium, Guwahati",28,23,121.73913043478262
R Ashwin,"Brabourne Stadium, Mumbai",52,33,157.57575757575756
R Ashwin,Dr DY Patil Sports Academy,6,5,120.0
R Ashwin,"Dr DY Patil Sports Academy, Mumbai",80,57,140.35087719298244
R Ashwin,Dr. Y.S. Rajasekhara Reddy ACA-VDCA Cricket Stadium,30,26,115.38461538461537
R Ashwin,Dubai International Cricket Stadium,34,39,87.17948717948718
R Ashwin,Eden Gardens,40,61,65.57377049180327
R Ashwin,Feroz Shah Kotla,8,5,160.0
R Ashwin,Himachal Pradesh Cricket Association Stadium,0,1,0.0
R Ashwin,Holkar Cricket Stadium,45,25,180.0
R Ashwin,JSCA International Stadium Complex,15,17,88.23529411764706
R Ashwin,Kingsmead,8,15,53.333333333333336
R Ashwin,M Chinnaswamy Stadium,79,52,151.9230769230769
R Ashwin,MA Chidambaram Stadium,95,93,102.15053763440861
R Ashwin,Maharashtra Cricket Association Stadium,0,3,0.0
R Ashwin,"Maharashtra Cricket Association Stadium, Pune",17,9,188.88888888888889
R Ashwin,"Narendra Modi Stadium, Ahmedabad",16,12,133.33333333333331
R Ashwin,Punjab Cricket Association IS Bindra Stadium,34,22,154.54545454545453
R Ashwin,"Punjab Cricket Association IS Bindra Stadium, Mohali",1,2,50.0
R Ashwin,Rajiv Gandhi International Stadium,7,11,63.63636363636363
R Ashwin,Sawai Mansingh Stadium,0,2,0.0
R Ashwin,"Sawai Mansingh Stadium, Jaipur",35,29,120.6896551724138
R Ashwin,Sharjah Cricket Stadium,29,30,96.66666666666667
R Ashwin,Sheikh Zayed Stadium,15,14,107.14285714285714
R Ashwin,"Vidarbha Cricket Association Stadium, Jamtha",5,6,83.33333333333334
R Ashwin,Wankhede Stadium,100,92,108.69565217391303
R Ashwin,"Zayed Cricket Stadium, Abu Dhabi",6,6,100.0
R Bhatia,Dr DY Patil Sports Academy,10,11,90.9090909090909
R Bhatia,Dubai International Cricket Stadium,23,21,109.52380952380953
R Bhatia,Eden Gardens,36,41,87.8048780487805
R Bhatia,Feroz Shah Kotla,47,33,142.42424242424244
R Bhatia,JSCA International Stadium Complex,20,17,117.64705882352942
R Bhatia,Kingsmead,0,1,0.0
R Bhatia,M Chinnaswamy Stadium,26,13,200.0
R Bhatia,MA Chidambaram Stadium,0,2,0.0
R Bhatia,Maharashtra Cricket Association Stadium,41,31,132.25806451612902
R Bhatia,Nehru Stadium,1,1,100.0
R Bhatia,New Wanderers Stadium,2,7,28.57142857142857
R Bhatia,OUTsurance Oval,0,1,0.0
R Bhatia,"Punjab Cricket Association Stadium, Mohali",33,21,157.14285714285714
R Bhatia,"Sardar Patel Stadium, Motera",16,13,123.07692307692308
R Bhatia,Saurashtra Cricket Association Stadium,0,2,0.0
R Bhatia,Sawai Mansingh Stadium,20,15,133.33333333333331
R Bhatia,Shaheed Veer Narayan Singh International Stadium,26,26,100.0
R Bhatia,Sheikh Zayed Stadium,4,3,133.33333333333331
R Bhatia,Subrata Roy Sahara Stadium,13,5,260.0
R Bhatia,SuperSport Park,6,9,66.66666666666666
R Bhatia,Wankhede Stadium,18,17,105.88235294117648
R Bishnoi,Kingsmead,18,14,128.57142857142858
R Bishnoi,Newlands,1,2,50.0
R Bishnoi,St George's Park,0,1,0.0
R Dhawan,Barabati Stadium,4,6,66.66666666666666
R Dhawan,"Brabourne Stadium, Mumbai",7,3,233.33333333333334
R Dhawan,"Dr DY Patil Sports Academy, Mumbai",4,13,30.76923076923077
R Dhawan,Dr. Y.S. Rajasekhara Reddy ACA-VDCA Cricket Stadium,11,4,275.0
R Dhawan,Dubai International Cricket Stadium,23,22,104.54545454545455
R Dhawan,Eden Gardens,40,31,129.03225806451613
R Dhawan,Feroz Shah Kotla,8,5,160.0
R Dhawan,Himachal Pradesh Cricket Association Stadium,14,15,93.33333333333333
R Dhawan,"Maharashtra Cricket Association Stadium, Pune",21,23,91.30434782608695
R Dhawan,"Punjab Cricket Association IS Bindra Stadium, Mohali, Chandigarh",1,1,100.0
R Dhawan,"Punjab Cricket Association Stadium, Mohali",44,36,122.22222222222223
R Dhawan,Rajiv Gandhi International Stadium,3,2,150.0
R Dhawan,Sawai Mansingh Stadium,0,1,0.0
R Dhawan,Sheikh Zayed Stadium,19,18,105.55555555555556
R Dhawan,Wankhede Stadium,11,8,137.5
R Dravid,Dr DY Patil Sports Academy,58,53,109.43396226415094
R Dravid,Eden Gardens,103,94,109.57446808510637
R Dravid,Feroz Shah Kotla,169,141,119.8581560283688
R Dravid,Holkar Cricket Stadium,1,4,25.0
R Dravid,Kingsmead,18,21,85.71428571428571
R Dravid,M Chinnaswamy Stadium,283,250,113.19999999999999
R Dravid,MA Chidambaram Stadium,145,129,112.40310077519379
R Dravid,New Wanderers Stadium,91,86,105.8139534883721
R Dravid,Newlands,114,77,148.05194805194805
R Dravid,"Punjab Cricket Association Stadium, Mohali",87,79,110.12658227848102
R Dravid,Rajiv Gandhi International Stadium,123,118,104.23728813559323
R Dravid,Sawai Mansingh Stadium,735,635,115.74803149606299
R Dravid,St George's Park,30,31,96.7741935483871
R Dravid,Subrata Roy Sahara Stadium,68,64,106.25
R Dravid,SuperSport Park,18,24,75.0
R Dravid,"Vidarbha Cricket Association Stadium, Jamtha",49,36,136.11111111111111
R Dravid,Wankhede Stadium,82,76,107.89473684210526
R McLaren,Brabourne Stadium,11,5,220.00000000000003
R McLaren,"Brabourne Stadium, Mumbai",1,1,100.0
R McLaren,Dr DY Patil Sports Academy,64,62,103.2258064516129
R McLaren,Eden Gardens,0,2,0.0
R McLaren,Himachal Pradesh Cricket Association Stadium,9,14,64.28571428571429
R McLaren,M Chinnaswamy Stadium,70,79,88.60759493670885
R McLaren,MA Chidambaram Stadium,1,3,33.33333333333333
R McLaren,"Punjab Cricket Association Stadium, Mohali",2,9,22.22222222222222
R McLaren,Wankhede Stadium,1,3,33.33333333333333
R Minz,MA Chidambaram Stadium,8,13,61.53846153846154
R Minz,"Narendra Modi Stadium, Ahmedabad",3,6,50.0
R Minz,Wankhede Stadium,1,1,100.0
R Ninan,Rajiv Gandhi International Stadium,3,6,50.0
R Parag,Arun Jaitley Stadium,166,137,121.16788321167884
R Parag,"Barsapara Cricket Stadium, Guwahati",174,132,131.8181818181818
R Parag,"Bharat Ratna Shri Atal Bihari Vajpayee Ekana Cricket Stadium, Lucknow",34,31,109.6774193548387
R Parag,"Brabourne Stadium, Mumbai",34,32,106.25
R Parag,"Dr DY Patil Sports Academy, Mumbai",35,29,120.6896551724138
R Parag,Dubai International Cricket Stadium,77,78,98.71794871794873
R Parag,Eden Gardens,192,115,166.95652173913044
R Parag,"Himachal Pradesh Cricket Association Stadium, Dharamsala",20,13,153.84615384615387
R Parag,M Chinnaswamy Stadium,22,10,220.00000000000003
R Parag,MA Chidambaram Stadium,53,47,112.7659574468085
R Parag,"Maharaja Yadavindra Singh International Cricket Stadium, Mullanpur",66,44,150.0
R Parag,"Maharaja Yadavindra Singh International Cricket Stadium, New Chandigarh",66,34,194.11764705882354
R Parag,"Maharashtra Cricket Association Stadium, Pune",68,40,170.0
R Parag,"Narendra Modi Stadium, Ahmedabad",90,69,130.43478260869566
R Parag,Rajiv Gandhi International Stadium,92,71,129.5774647887324
R Parag,Sawai Mansingh Stadium,63,46,136.95652173913044
R Parag,"Sawai Mansingh Stadium, Jaipur",453,294,154.08163265306123
R Parag,Sharjah Cricket Stadium,6,6,100.0
R Parag,Sheikh Zayed Stadium,16,19,84.21052631578947
R Parag,Wankhede Stadium,150,105,142.85714285714286
R Parag,"Zayed Cricket Stadium, Abu Dhabi",2,7,28.57142857142857
R Powell,Arun Jaitley Stadium,22,21,104.76190476190477
R Powell,"Barsapara Cricket Stadium, Guwahati",6,7,85.71428571428571
R Powell,"Bharat Ratna Shri Atal Bihari Vajpayee Ekana Cricket Stadium, Lucknow",2,7,28.57142857142857
R Powell,"Brabourne Stadium, Mumbai",75,44,170.45454545454547
R Powell,"Dr DY Patil Sports Academy, Mumbai",8,25,32.0
R Powell,Eden Gardens,157,112,140.17857142857142
R Powell,MA Chidambaram Stadium,37,36,102.77777777777777
R Powell,"Maharaja Yadavindra Singh International Cricket Stadium, Mullanpur",11,5,220.00000000000003
R Powell,"Maharashtra Cricket Association Stadium, Pune",20,12,166.66666666666669
R Powell,"Narendra Modi Stadium, Ahmedabad",43,29,148.27586206896552
R Powell,Rajiv Gandhi International Stadium,27,18,150.0
R Powell,Wankhede Stadium,147,93,158.06451612903226
R Rampaul,JSCA International Stadium Complex,0,3,0.0
R Rampaul,M Chinnaswamy Stadium,12,8,150.0
R Rampaul,MA Chidambaram Stadium,0,6,0.0
R Rampaul,Sawai Mansingh Stadium,3,4,75.0
R Rampaul,Sheikh Zayed Stadium,13,13,100.0
R Rampaul,Wankhede Stadium,23,18,127.77777777777777
R Ravindra,"Barsapara Cricket Stadium, Guwahati",0,4,0.0
R Ravindra,"Bharat Ratna Shri Atal Bihari Vajpayee Ekana Cricket Stadium, Lucknow",37,23,160.8695652173913
R Ravindra,"Dr. Y.S. Rajasekhara Reddy ACA-VDCA Cricket Stadium, Visakhapatnam",2,12,16.666666666666664
R Ravindra,M Chinnaswamy Stadium,61,38,160.5263157894737
R Ravindra,MA Chidambaram Stadium,238,160,148.75
R Ravindra,"Maharaja Yadavindra Singh International Cricket Stadium, Mullanpur",36,23,156.52173913043478
R Ravindra,"Narendra Modi Stadium, Ahmedabad",1,2,50.0
R Ravindra,Rajiv Gandhi International Stadium,12,9,133.33333333333331
R Ravindra,Wankhede Stadium,26,27,96.29629629629629
R Sai Kishore,Arun Jaitley Stadium,13,6,216.66666666666666
R Sai Kishore,"Narendra Modi Stadium, Ahmedabad",5,10,50.0
R Sanjay Yadav,Wankhede Stadium,0,2,0.0
R Sathish,Brabourne Stadium,68,49,138.77551020408163
R Sathish,"Brabourne Stadium, Mumbai",5,9,55.55555555555556
R Sathish,Dr DY Patil Sports Academy,3,5,60.0
R Sathish,Eden Gardens,11,11,100.0
R Sathish,Feroz Shah Kotla,14,16,87.5
R Sathish,Himachal Pradesh Cricket Association Stadium,22,13,169.23076923076923
R Sathish,M Chinnaswamy Stadium,12,6,200.0
R Sathish,MA Chidambaram Stadium,22,28,78.57142857142857
R Sathish,Maharashtra Cricket Association Stadium,10,8,125.0
R Sathish,"Punjab Cricket Association Stadium, Mohali",84,64,131.25
R Sathish,Sawai Mansingh Stadium,19,20,95.0
R Sathish,Wankhede Stadium,0,7,0.0
R Sharma,Brabourne Stadium,5,7,71.42857142857143
R Sharma,Dr DY Patil Sports Academy,10,18,55.55555555555556
R Sharma,Feroz Shah Kotla,14,8,175.0
R Sharma,MA Chidambaram Stadium,1,1,100.0
R Sharma,Maharashtra Cricket Association Stadium,0,1,0.0
R Sharma,"Punjab Cricket Association Stadium, Mohali",2,4,50.0
R Sharma,Rajiv Gandhi International Stadium,0,1,0.0
R Sharma,"Sardar Patel Stadium, Motera",10,5,200.0
R Sharma,Sawai Mansingh Stadium,0,4,0.0
R Sharma,Subrata Roy Sahara Stadium,1,7,14.285714285714285
R Sharma,Wankhede Stadium,23,21,109.52380952380953
R Shepherd,"Barsapara Cricket Stadium, Guwahati",22,11,200.0
R Shepherd,"Bharat Ratna Shri Atal Bihari Vajpayee Ekana Cricket Stadium, Lucknow",23,18,127.77777777777777
R Shepherd,"Dr DY Patil Sports Academy, Mumbai",8,10,80.0
R Shepherd,M Chinnaswamy Stadium,68,27,251.85185185185185
R Shepherd,"Maharaja Yadavindra Singh International Cricket Stadium, Mullanpur",1,2,50.0
R Shepherd,"Maharashtra Cricket Association Stadium, Pune",24,18,133.33333333333331
R Shepherd,"Narendra Modi Stadium, Ahmedabad",34,24,141.66666666666669
R Shepherd,Rajiv Gandhi International Stadium,15,6,250.0
R Shepherd,"Shaheed Veer Narayan Singh International Stadium, Raipur",4,12,33.33333333333333
R Shepherd,Wankhede Stadium,69,33,209.0909090909091
R Shukla,Feroz Shah Kotla,3,5,60.0
R Shukla,M Chinnaswamy Stadium,2,6,33.33333333333333
R Shukla,"Sardar Patel Stadium, Motera",14,12,116.66666666666667
R Smaran,MA Chidambaram Stadium,5,2,250.0
R Smaran,"Maharaja Yadavindra Singh International Cricket Stadium, New Chandigarh",1,4,25.0
R Smaran,"Narendra Modi Stadium, Ahmedabad",9,15,60.0
R Smaran,Rajiv Gandhi International Stadium,4,4,100.0
R Tewatia,Arun Jaitley Stadium,45,46,97.82608695652173
R Tewatia,"Bharat Ratna Shri Atal Bihari Vajpayee Ekana Cricket Stadium, Lucknow",42,40,105.0
R Tewatia,"Brabourne Stadium, Mumbai",59,32,184.375
R Tewatia,"Dr DY Patil Sports Academy, Mumbai",34,32,106.25
R Tewatia,Dubai International Cricket Stadium,129,108,119.44444444444444
R Tewatia,Eden Gardens,3,8,37.5
R Tewatia,"Himachal Pradesh Cricket Association Stadium, Dharamsala",68,45,151.11111111111111
R Tewatia,M Chinnaswamy Stadium,53,37,143.24324324324326
R Tewatia,MA Chidambaram Stadium,9,18,50.0
R Tewatia,"Maharaja Yadavindra Singh International Cricket Stadium, Mullanpur",36,18,200.0
R Tewatia,"Maharaja Yadavindra Singh International Cricket Stadium, New Chandigarh",44,34,129.41176470588235
R Tewatia,Maharashtra Cricket Association Stadium,7,8,87.5
R Tewatia,"Maharashtra Cricket Association Stadium, Pune",42,42,100.0
R Tewatia,"Narendra Modi Stadium, Ahmedabad",244,169,144.3786982248521
R Tewatia,Punjab Cricket Association IS Bindra Stadium,9,7,128.57142857142858
R Tewatia,"Punjab Cricket Association IS Bindra Stadium, Mohali",15,8,187.5
R Tewatia,"Punjab Cricket Association IS Bindra Stadium, Mohali, Chandigarh",5,2,250.0
R Tewatia,"Punjab Cricket Association Stadium, Mohali",16,13,123.07692307692308
R Tewatia,"Sawai Mansingh Stadium, Jaipur",45,21,214.28571428571428
R Tewatia,Sharjah Cricket Stadium,157,127,123.62204724409449
R Tewatia,Sheikh Zayed Stadium,29,18,161.11111111111111
R Tewatia,Wankhede Stadium,202,146,138.35616438356163
R Tewatia,"Zayed Cricket Stadium, Abu Dhabi",9,15,60.0
R Vinay Kumar,Dr DY Patil Sports Academy,9,9,100.0
R Vinay Kumar,Eden Gardens,17,15,113.33333333333333
R Vinay Kumar,Feroz Shah Kotla,3,3,100.0
R Vinay Kumar,Green Park,1,1,100.0
R Vinay Kumar,Holkar Cricket Stadium,1,1,100.0
R Vinay Kumar,JSCA International Stadium Complex,14,13,107.6923076923077
R Vinay Kumar,Kingsmead,7,3,233.33333333333334
R Vinay Kumar,M Chinnaswamy Stadium,95,100,95.0
R Vinay Kumar,MA Chidambaram Stadium,6,2,300.0
R Vinay Kumar,Nehru Stadium,29,28,103.57142857142858
R Vinay Kumar,New Wanderers Stadium,8,8,100.0
R Vinay Kumar,Newlands,8,2,400.0
R Vinay Kumar,"Punjab Cricket Association Stadium, Mohali",1,4,25.0
R Vinay Kumar,Rajiv Gandhi International Stadium,14,11,127.27272727272727
R Vinay Kumar,Sawai Mansingh Stadium,27,10,270.0
R Vinay Kumar,Sharjah Cricket Stadium,4,6,66.66666666666666
R Vinay Kumar,Sheikh Zayed Stadium,0,1,0.0
R Vinay Kumar,St George's Park,12,18,66.66666666666666
R Vinay Kumar,SuperSport Park,12,13,92.3076923076923
R Vinay Kumar,"Vidarbha Cricket Association Stadium, Jamtha",4,8,50.0
R Vinay Kumar,Wankhede Stadium,38,33,115.15151515151516
RA Bawa,"Dr DY Patil Sports Academy, Mumbai",0,1,0.0
RA Bawa,"Narendra Modi Stadium, Ahmedabad",8,4,200.0
RA Bawa,"Shaheed Veer Narayan Singh International Stadium, Raipur",16,14,114.28571428571428
RA Bawa,Wankhede Stadium,11,13,84.61538461538461
RA Jadeja,Arun Jaitley Stadium,77,66,116.66666666666667
RA Jadeja,Barabati Stadium,17,8,212.5
RA Jadeja,"Barsapara Cricket Stadium, Guwahati",56,50,112.00000000000001
RA Jadeja,"Bharat Ratna Shri Atal Bihari Vajpayee Ekana Cricket Stadium, Lucknow",107,81,132.0987654320988
RA Jadeja,"Brabourne Stadium, Mumbai",17,12,141.66666666666669
RA Jadeja,De Beers Diamond Oval,46,39,117.94871794871796
RA Jadeja,Dr DY Patil Sports Academy,47,36,130.55555555555557
RA Jadeja,"Dr DY Patil Sports Academy, Mumbai",26,29,89.65517241379311
RA Jadeja,Dr. Y.S. Rajasekhara Reddy ACA-VDCA Cricket Stadium,48,29,165.51724137931035
RA Jadeja,"Dr. Y.S. Rajasekhara Reddy ACA-VDCA Cricket Stadium, Visakhapatnam",21,18,116.66666666666667
RA Jadeja,Dubai International Cricket Stadium,203,167,121.55688622754491
RA Jadeja,Eden Gardens,229,160,143.125
RA Jadeja,Feroz Shah Kotla,83,71,116.90140845070422
RA Jadeja,Green Park,65,49,132.6530612244898
RA Jadeja,Himachal Pradesh Cricket Association Stadium,13,14,92.85714285714286
RA Jadeja,"Himachal Pradesh Cricket Association Stadium, Dharamsala",43,28,153.57142857142858
RA Jadeja,Holkar Cricket Stadium,17,18,94.44444444444444
RA Jadeja,JSCA International Stadium Complex,38,25,152.0
RA Jadeja,Kingsmead,89,67,132.8358208955224
RA Jadeja,M Chinnaswamy Stadium,208,165,126.06060606060605
RA Jadeja,MA Chidambaram Stadium,518,441,117.46031746031747
RA Jadeja,"Maharaja Yadavindra Singh International Cricket Stadium, Mullanpur",9,5,180.0
RA Jadeja,"Maharaja Yadavindra Singh International Cricket Stadium, New Chandigarh",57,45,126.66666666666666
RA Jadeja,Maharashtra Cricket Association Stadium,21,14,150.0
RA Jadeja,"Maharashtra Cricket Association Stadium, Pune",26,18,144.44444444444443
RA Jadeja,"Narendra Modi Stadium, Ahmedabad",62,45,137.77777777777777
RA Jadeja,Nehru Stadium,101,92,109.78260869565217
RA Jadeja,Newlands,70,82,85.36585365853658
RA Jadeja,OUTsurance Oval,24,19,126.3157894736842
RA Jadeja,Punjab Cricket Association IS Bindra Stadium,19,15,126.66666666666666
RA Jadeja,"Punjab Cricket Association IS Bindra Stadium, Mohali",15,20,75.0
RA Jadeja,Rajiv Gandhi International Stadium,138,121,114.0495867768595
RA Jadeja,Saurashtra Cricket Association Stadium,137,127,107.87401574803151
RA Jadeja,Sawai Mansingh Stadium,157,129,121.70542635658914
RA Jadeja,"Sawai Mansingh Stadium, Jaipur",85,58,146.55172413793102
RA Jadeja,Shaheed Veer Narayan Singh International Stadium,3,4,75.0
RA Jadeja,Sharjah Cricket Stadium,47,31,151.61290322580646
RA Jadeja,Sheikh Zayed Stadium,73,47,155.3191489361702
RA Jadeja,St George's Park,12,17,70.58823529411765
RA Jadeja,Subrata Roy Sahara Stadium,44,27,162.96296296296296
RA Jadeja,SuperSport Park,54,52,103.84615384615385
RA Jadeja,Wankhede Stadium,350,250,140.0
RA Jadeja,"Zayed Cricket Stadium, Abu Dhabi",54,25,216.0
RA Tripathi,Arun Jaitley Stadium,19,16,118.75
RA Tripathi,"Barsapara Cricket Stadium, Guwahati",23,19,121.05263157894737
RA Tripathi,"Bharat Ratna Shri Atal Bihari Vajpayee Ekana Cricket Stadium, Lucknow",43,51,84.31372549019608
RA Tripathi,"Brabourne Stadium, Mumbai",100,59,169.4915254237288
RA Tripathi,"Dr DY Patil Sports Academy, Mumbai",134,79,169.62025316455694
RA Tripathi,Dubai International Cricket Stadium,85,73,116.43835616438356
RA Tripathi,Eden Gardens,169,106,159.43396226415095
RA Tripathi,Feroz Shah Kotla,7,6,116.66666666666667
RA Tripathi,Holkar Cricket Stadium,11,13,84.61538461538461
RA Tripathi,M Chinnaswamy Stadium,45,29,155.17241379310346
RA Tripathi,MA Chidambaram Stadium,212,159,133.33333333333331
RA Tripathi,"Maharaja Yadavindra Singh International Cricket Stadium, Mullanpur",11,14,78.57142857142857
RA Tripathi,Maharashtra Cricket Association Stadium,183,136,134.55882352941177
RA Tripathi,"Maharashtra Cricket Association Stadium, Pune",9,17,52.94117647058824
RA Tripathi,"Narendra Modi Stadium, Ahmedabad",116,88,131.8181818181818
RA Tripathi,Punjab Cricket Association IS Bindra Stadium,50,46,108.69565217391303
RA Tripathi,Rajiv Gandhi International Stadium,205,157,130.5732484076433
RA Tripathi,Saurashtra Cricket Association Stadium,33,17,194.11764705882354
RA Tripathi,Sawai Mansingh Stadium,174,145,120.0
RA Tripathi,"Sawai Mansingh Stadium, Jaipur",47,31,151.61290322580646
RA Tripathi,Sharjah Cricket Stadium,107,79,135.44303797468353
RA Tripathi,Sheikh Zayed Stadium,129,106,121.69811320754718
RA Tripathi,Wankhede Stadium,260,186,139.78494623655914
RA Tripathi,"Zayed Cricket Stadium, Abu Dhabi",119,75,158.66666666666666
RD Chahar,"Brabourne Stadium, Mumbai",48,36,133.33333333333331
RD Chahar,"Dr DY Patil Sports Academy, Mumbai",25,27,92.5925925925926
RD Chahar,Dubai International Cricket Stadium,0,2,0.0
RD Chahar,Eden Gardens,1,1,100.0
RD Chahar,"Himachal Pradesh Cricket Association Stadium, Dharamsala",21,15,140.0
RD Chahar,MA Chidambaram Stadium,14,13,107.6923076923077
RD Chahar,"Maharashtra Cricket Association Stadium, Pune",4,5,80.0
RD Chahar,"Punjab Cricket Association IS Bindra Stadium, Mohali, Chandigarh",0,2,0.0
RD Chahar,Rajiv Gandhi International Stadium,10,17,58.82352941176471
RD Chahar,Saurashtra Cricket Association Stadium,3,2,150.0
RD Chahar,Sheikh Zayed Stadium,2,4,50.0
RD Chahar,Wankhede Stadium,1,3,33.33333333333333
RD Gaikwad,Arun Jaitley Stadium,164,114,143.859649122807
RD Gaikwad,"Barsapara Cricket Stadium, Guwahati",69,57,121.05263157894737
RD Gaikwad,"Bharat Ratna Shri Atal Bihari Vajpayee Ekana Cricket Stadium, Lucknow",30,22,136.36363636363635
RD Gaikwad,"Brabourne Stadium, Mumbai",4,14,28.57142857142857
RD Gaikwad,"Dr DY Patil Sports Academy, Mumbai",74,65,113.84615384615384
RD Gaikwad,"Dr. Y.S. Rajasekhara Reddy ACA-VDCA Cricket Stadium, Visakhapatnam",1,3,33.33333333333333
RD Gaikwad,Dubai International Cricket Stadium,357,281,127.04626334519573
RD Gaikwad,Eden Gardens,35,20,175.0
RD Gaikwad,"Himachal Pradesh Cricket Association Stadium, Dharamsala",32,21,152.38095238095238
RD Gaikwad,M Chinnaswamy Stadium,10,10,100.0
RD Gaikwad,MA Chidambaram Stadium,1012,770,131.42857142857142
RD Gaikwad,"Maharaja Yadavindra Singh International Cricket Stadium, Mullanpur",1,3,33.33333333333333
RD Gaikwad,"Maharashtra Cricket Association Stadium, Pune",200,131,152.67175572519085
RD Gaikwad,"Narendra Modi Stadium, Ahmedabad",134,76,176.3157894736842
RD Gaikwad,Rajiv Gandhi International Stadium,45,37,121.62162162162163
RD Gaikwad,"Sawai Mansingh Stadium, Jaipur",47,29,162.06896551724137
RD Gaikwad,Sharjah Cricket Stadium,83,71,116.90140845070422
RD Gaikwad,Sheikh Zayed Stadium,62,50,124.0
RD Gaikwad,Wankhede Stadium,338,290,116.55172413793105
RD Gaikwad,"Zayed Cricket Stadium, Abu Dhabi",141,90,156.66666666666666
RD Rickelton,Arun Jaitley Stadium,50,38,131.57894736842107
RD Rickelton,"Barsapara Cricket Stadium, Guwahati",8,4,200.0
RD Rickelton,"Bharat Ratna Shri Atal Bihari Vajpayee Ekana Cricket Stadium, Lucknow",10,5,200.0
RD Rickelton,Eden Gardens,6,8,75.0
RD Rickelton,"Himachal Pradesh Cricket Association Stadium, Dharamsala",48,23,208.69565217391303
RD Rickelton,MA Chidambaram Stadium,50,31,161.29032258064515
RD Rickelton,"Narendra Modi Stadium, Ahmedabad",6,11,54.54545454545454
RD Rickelton,Rajiv Gandhi International Stadium,11,8,137.5
RD Rickelton,"Sawai Mansingh Stadium, Jaipur",88,60,146.66666666666666
RD Rickelton,"Shaheed Veer Narayan Singh International Stadium, Raipur",2,4,50.0
RD Rickelton,Wankhede Stadium,557,321,173.5202492211838
RE Levi,Dr. Y.S. Rajasekhara Reddy ACA-VDCA Cricket Stadium,3,9,33.33333333333333
RE Levi,MA Chidambaram Stadium,50,36,138.88888888888889
RE Levi,Wankhede Stadium,30,29,103.44827586206897
RE van der Merwe,Eden Gardens,1,2,50.0
RE van der Merwe,Feroz Shah Kotla,18,18,100.0
RE van der Merwe,Kingsmead,47,35,134.28571428571428
RE van der Merwe,MA Chidambaram Stadium,14,16,87.5
RE van der Merwe,Nehru Stadium,2,4,50.0
RE van der Merwe,New Wanderers Stadium,34,26,130.76923076923077
RE van der Merwe,Sawai Mansingh Stadium,2,3,66.66666666666666
RE van der Merwe,St George's Park,3,5,60.0
RE van der Merwe,SuperSport Park,38,35,108.57142857142857
RG More,Eden Gardens,2,2,100.0
RG Sharma,Arun Jaitley Stadium,218,171,127.48538011695906
RG Sharma,Barabati Stadium,97,78,124.35897435897436
RG Sharma,"Barsapara Cricket Stadium, Guwahati",5,6,83.33333333333334
RG Sharma,"Bharat Ratna Shri Atal Bihari Vajpayee Ekana Cricket Stadium, Lucknow",41,32,128.125
RG Sharma,Brabourne Stadium,31,30,103.33333333333334
RG Sharma,"Brabourne Stadium, Mumbai",90,70,128.57142857142858
RG Sharma,Buffalo Park,21,20,105.0
RG Sharma,De Beers Diamond Oval,18,29,62.06896551724138
RG Sharma,Dr DY Patil Sports Academy,72,71,101.40845070422534
RG Sharma,"Dr DY Patil Sports Academy, Mumbai",14,19,73.68421052631578
RG Sharma,Dr. Y.S. Rajasekhara Reddy ACA-VDCA Cricket Stadium,124,98,126.53061224489797
RG Sharma,Dubai International Cricket Stadium,183,152,120.39473684210526
RG Sharma,Eden Gardens,500,369,135.50135501355015
RG Sharma,Feroz Shah Kotla,271,202,134.15841584158417
RG Sharma,Green Park,30,17,176.47058823529412
RG Sharma,Himachal Pradesh Cricket Association Stadium,93,64,145.3125
RG Sharma,"Himachal Pradesh Cricket Association Stadium, Dharamsala",25,27,92.5925925925926
RG Sharma,Holkar Cricket Stadium,24,15,160.0
RG Sharma,Kingsmead,27,32,84.375
RG Sharma,M Chinnaswamy Stadium,235,196,119.89795918367348
RG Sharma,MA Chidambaram Stadium,364,300,121.33333333333334
RG Sharma,"Maharaja Yadavindra Singh International Cricket Stadium, Mullanpur",36,26,138.46153846153845
RG Sharma,"Maharaja Yadavindra Singh International Cricket Stadium, New Chandigarh",81,50,162.0
RG Sharma,Maharashtra Cricket Association Stadium,144,103,139.80582524271844
RG Sharma,"Maharashtra Cricket Association Stadium, Pune",57,45,126.66666666666666
RG Sharma,"Narendra Modi Stadium, Ahmedabad",69,56,123.21428571428572
RG Sharma,New Wanderers Stadium,98,65,150.76923076923077
RG Sharma,Newlands,88,63,139.68253968253967
RG Sharma,Punjab Cricket Association IS Bindra Stadium,32,18,177.77777777777777
RG Sharma,"Punjab Cricket Association IS Bindra Stadium, Mohali",0,2,0.0
RG Sharma,"Punjab Cricket Association IS Bindra Stadium, Mohali, Chandigarh",0,3,0.0
RG Sharma,"Punjab Cricket Association Stadium, Mohali",149,106,140.56603773584905
RG Sharma,Rajiv Gandhi International Stadium,590,415,142.16867469879517
RG Sharma,"Sardar Patel Stadium, Motera",89,61,145.9016393442623
RG Sharma,Saurashtra Cricket Association Stadium,5,13,38.46153846153847
RG Sharma,Sawai Mansingh Stadium,25,45,55.55555555555556
RG Sharma,"Sawai Mansingh Stadium, Jaipur",83,65,127.69230769230768
RG Sharma,"Shaheed Veer Narayan Singh International Stadium, Raipur",22,10,220.00000000000003
RG Sharma,Sharjah Cricket Stadium,43,41,104.8780487804878
RG Sharma,Sheikh Zayed Stadium,264,212,124.52830188679245
RG Sharma,St George's Park,38,34,111.76470588235294
RG Sharma,Subrata Roy Sahara Stadium,40,47,85.1063829787234
RG Sharma,SuperSport Park,72,80,90.0
RG Sharma,"Vidarbha Cricket Association Stadium, Jamtha",132,106,124.52830188679245
RG Sharma,Wankhede Stadium,2632,1940,135.6701030927835
RG Sharma,"Zayed Cricket Stadium, Abu Dhabi",59,55,107.27272727272728
RJ Gleeson,"Himachal Pradesh Cricket Association Stadium, Dharamsala",2,2,100.0
RJ Harris,Brabourne Stadium,13,10,130.0
RJ Harris,Buffalo Park,1,4,25.0
RJ Harris,Dr DY Patil Sports Academy,18,18,100.0
RJ Harris,Feroz Shah Kotla,1,1,100.0
RJ Harris,Himachal Pradesh Cricket Association Stadium,17,9,188.88888888888889
RJ Harris,M Chinnaswamy Stadium,17,25,68.0
RJ Harris,New Wanderers Stadium,11,7,157.14285714285714
RJ Harris,"Punjab Cricket Association Stadium, Mohali",13,15,86.66666666666667
RJ Harris,Sawai Mansingh Stadium,2,3,66.66666666666666
RJ Harris,SuperSport Park,9,7,128.57142857142858
RJ Harris,"Vidarbha Cricket Association Stadium, Jamtha",14,11,127.27272727272727
RJ Harris,Wankhede Stadium,1,2,50.0
RJ Peterson,Feroz Shah Kotla,2,2,100.0
RJ Peterson,"Punjab Cricket Association Stadium, Mohali",16,7,228.57142857142856
RJ Peterson,Subrata Roy Sahara Stadium,13,14,92.85714285714286
RJ Peterson,Wankhede Stadium,1,9,11.11111111111111
RJ Quiney,Kingsmead,52,42,123.80952380952381
RJ Quiney,Newlands,13,10,130.0
RJ Quiney,OUTsurance Oval,6,10,60.0
RJ Quiney,SuperSport Park,32,43,74.4186046511628
RJW Topley,M Chinnaswamy Stadium,3,6,50.0
RK Bhui,"Maharaja Yadavindra Singh International Cricket Stadium, Mullanpur",3,7,42.857142857142854
RK Bhui,Rajiv Gandhi International Stadium,7,18,38.88888888888889
RK Bhui,"Sawai Mansingh Stadium, Jaipur",0,2,0.0
RK Singh,Arun Jaitley Stadium,51,41,124.39024390243902
RK Singh,"Bharat Ratna Shri Atal Bihari Vajpayee Ekana Cricket Stadium, Lucknow",103,68,151.47058823529412
RK Singh,"Dr DY Patil Sports Academy, Mumbai",98,66,148.4848484848485
RK Singh,"Dr. Y.S. Rajasekhara Reddy ACA-VDCA Cricket Stadium, Visakhapatnam",26,10,260.0
RK Singh,Dubai International Cricket Stadium,11,11,100.0
RK Singh,Eden Gardens,641,435,147.35632183908046
RK Singh,M Chinnaswamy Stadium,23,16,143.75
RK Singh,MA Chidambaram Stadium,86,86,100.0
RK Singh,"Maharaja Yadavindra Singh International Cricket Stadium, Mullanpur",2,9,22.22222222222222
RK Singh,"Maharashtra Cricket Association Stadium, Pune",11,17,64.70588235294117
RK Singh,"Narendra Modi Stadium, Ahmedabad",49,25,196.0
RK Singh,"Punjab Cricket Association IS Bindra Stadium, Mohali, Chandigarh",4,4,100.0
RK Singh,Rajiv Gandhi International Stadium,98,76,128.94736842105263
RK Singh,"Shaheed Veer Narayan Singh International Stadium, Raipur",49,29,168.9655172413793
RK Singh,Wankhede Stadium,146,112,130.35714285714286
RM Patidar,Arun Jaitley Stadium,6,6,100.0
RM Patidar,"Barsapara Cricket Stadium, Guwahati",63,40,157.5
RM Patidar,"Bharat Ratna Shri Atal Bihari Vajpayee Ekana Cricket Stadium, Lucknow",93,55,169.0909090909091
RM Patidar,"Brabourne Stadium, Mumbai",78,56,139.28571428571428
RM Patidar,Eden Gardens,198,95,208.42105263157893
RM Patidar,"Himachal Pradesh Cricket Association Stadium, Dharamsala",148,57,259.64912280701753
RM Patidar,M Chinnaswamy Stadium,348,245,142.0408163265306
RM Patidar,MA Chidambaram Stadium,60,48,125.0
RM Patidar,"Maharaja Yadavindra Singh International Cricket Stadium, Mullanpur",27,21,128.57142857142858
RM Patidar,"Maharashtra Cricket Association Stadium, Pune",37,34,108.8235294117647
RM Patidar,"Narendra Modi Stadium, Ahmedabad",214,169,126.62721893491124
RM Patidar,Rajiv Gandhi International Stadium,106,61,173.77049180327867
RM Patidar,"Shaheed Veer Narayan Singh International Stadium, Raipur",19,18,105.55555555555556
RM Patidar,Wankhede Stadium,215,130,165.3846153846154
RN ten Doeschate,Eden Gardens,67,50,134.0
RN ten Doeschate,Feroz Shah Kotla,22,15,146.66666666666666
RN ten Doeschate,JSCA International Stadium Complex,53,37,143.24324324324326
RN ten Doeschate,M Chinnaswamy Stadium,19,14,135.71428571428572
RN ten Doeschate,MA Chidambaram Stadium,38,28,135.71428571428572
RN ten Doeschate,Maharashtra Cricket Association Stadium,0,1,0.0
RN ten Doeschate,Rajiv Gandhi International Stadium,26,20,130.0
RN ten Doeschate,"Sardar Patel Stadium, Motera",0,1,0.0
RN ten Doeschate,Subrata Roy Sahara Stadium,31,21,147.61904761904762
RN ten Doeschate,Wankhede Stadium,70,51,137.2549019607843
RP Meredith,"Dr DY Patil Sports Academy, Mumbai",0,1,0.0
RP Meredith,"Narendra Modi Stadium, Ahmedabad",0,2,0.0
RP Singh,Barabati Stadium,4,2,200.0
RP Singh,Buffalo Park,2,6,33.33333333333333
RP Singh,Dr DY Patil Sports Academy,1,9,11.11111111111111
RP Singh,Eden Gardens,1,2,50.0
RP Singh,Feroz Shah Kotla,2,3,66.66666666666666
RP Singh,Kingsmead,4,5,80.0
RP Singh,M Chinnaswamy Stadium,1,1,100.0
RP Singh,Nehru Stadium,1,2,50.0
RP Singh,New Wanderers Stadium,0,2,0.0
RP Singh,Rajiv Gandhi International Stadium,23,17,135.29411764705884
RP Singh,"Sardar Patel Stadium, Motera",1,4,25.0
RP Singh,Sawai Mansingh Stadium,3,5,60.0
RP Singh,SuperSport Park,2,4,50.0
RP Singh,"Vidarbha Cricket Association Stadium, Jamtha",3,6,50.0
RP Singh,Wankhede Stadium,4,10,40.0
RR Bhatkal,MA Chidambaram Stadium,0,2,0.0
RR Pant,Arun Jaitley Stadium,693,456,151.9736842105263
RR Pant,"Bharat Ratna Shri Atal Bihari Vajpayee Ekana Cricket Stadium, Lucknow",380,273,139.19413919413918
RR Pant,"Brabourne Stadium, Mumbai",54,34,158.8235294117647
RR Pant,"Dr DY Patil Sports Academy, Mumbai",80,55,145.45454545454547
RR Pant,Dr. Y.S. Rajasekhara Reddy ACA-VDCA Cricket Stadium,114,73,156.16438356164383
RR Pant,"Dr. Y.S. Rajasekhara Reddy ACA-VDCA Cricket Stadium, Visakhapatnam",106,65,163.07692307692307
RR Pant,Dubai International Cricket Stadium,348,299,116.38795986622073
RR Pant,Eden Gardens,132,96,137.5
RR Pant,Feroz Shah Kotla,291,179,162.56983240223462
RR Pant,Green Park,4,2,200.0
RR Pant,"Himachal Pradesh Cricket Association Stadium, Dharamsala",18,17,105.88235294117648
RR Pant,M Chinnaswamy Stadium,161,109,147.70642201834863
RR Pant,MA Chidambaram Stadium,69,55,125.45454545454547
RR Pant,"Maharaja Yadavindra Singh International Cricket Stadium, Mullanpur",18,13,138.46153846153845
RR Pant,"Maharaja Yadavindra Singh International Cricket Stadium, New Chandigarh",43,25,172.0
RR Pant,Maharashtra Cricket Association Stadium,110,69,159.42028985507247
RR Pant,"Maharashtra Cricket Association Stadium, Pune",43,30,143.33333333333334
RR Pant,"Narendra Modi Stadium, Ahmedabad",120,86,139.53488372093022
RR Pant,Punjab Cricket Association IS Bindra Stadium,67,39,171.7948717948718
RR Pant,"Punjab Cricket Association IS Bindra Stadium, Mohali",7,9,77.77777777777779
RR Pant,Rajiv Gandhi International Stadium,163,133,122.55639097744361
RR Pant,Saurashtra Cricket Association Stadium,69,40,172.5
RR Pant,Sawai Mansingh Stadium,98,51,192.15686274509804
RR Pant,"Sawai Mansingh Stadium, Jaipur",66,60,110.00000000000001
RR Pant,Shaheed Veer Narayan Singh International Stadium,33,29,113.79310344827587
RR Pant,Sharjah Cricket Stadium,114,94,121.27659574468086
RR Pant,Sheikh Zayed Stadium,65,73,89.04109589041096
RR Pant,Wankhede Stadium,389,251,154.9800796812749
RR Pant,"Zayed Cricket Stadium, Abu Dhabi",24,24,100.0
RR Powar,Eden Gardens,3,6,50.0
RR Powar,Kingsmead,23,22,104.54545454545455
RR Powar,M Chinnaswamy Stadium,8,6,133.33333333333331
RR Powar,MA Chidambaram Stadium,2,1,200.0
RR Powar,Nehru Stadium,0,1,0.0
RR Powar,"Punjab Cricket Association Stadium, Mohali",3,7,42.857142857142854
RR Powar,Wankhede Stadium,28,21,133.33333333333331
RR Raje,Buffalo Park,1,2,50.0
RR Raje,Dr DY Patil Sports Academy,6,5,120.0
RR Raje,Rajiv Gandhi International Stadium,1,2,50.0
RR Raje,Sawai Mansingh Stadium,1,2,50.0
RR Raje,SuperSport Park,11,7,157.14285714285714
RR Rossouw,Arun Jaitley Stadium,40,32,125.0
RR Rossouw,"Barsapara Cricket Stadium, Guwahati",36,26,138.46153846153845
RR Rossouw,"Bharat Ratna Shri Atal Bihari Vajpayee Ekana Cricket Stadium, Lucknow",30,20,150.0
RR Rossouw,Eden Gardens,26,18,144.44444444444443
RR Rossouw,"Himachal Pradesh Cricket Association Stadium, Dharamsala",143,70,204.28571428571428
RR Rossouw,M Chinnaswamy Stadium,29,37,78.37837837837837
RR Rossouw,MA Chidambaram Stadium,78,62,125.80645161290323
RR Rossouw,"Maharaja Yadavindra Singh International Cricket Stadium, Mullanpur",10,10,100.0
RR Rossouw,"Narendra Modi Stadium, Ahmedabad",8,6,133.33333333333331
RR Rossouw,Rajiv Gandhi International Stadium,49,26,188.46153846153845
RR Rossouw,Wankhede Stadium,24,14,171.42857142857142
RR Sarwan,M Chinnaswamy Stadium,31,32,96.875
RR Sarwan,MA Chidambaram Stadium,20,22,90.9090909090909
RR Sarwan,"Punjab Cricket Association Stadium, Mohali",7,9,77.77777777777779
RR Sarwan,Rajiv Gandhi International Stadium,15,15,100.0
RS Bopara,Barabati Stadium,38,33,115.15151515151516
RS Bopara,Brabourne Stadium,18,17,105.88235294117648
RS Bopara,Dr. Y.S. Rajasekhara Reddy ACA-VDCA Cricket Stadium,66,53,124.52830188679245
RS Bopara,Kingsmead,105,90,116.66666666666667
RS Bopara,M Chinnaswamy Stadium,77,53,145.2830188679245
RS Bopara,MA Chidambaram Stadium,23,23,100.0
RS Bopara,Newlands,33,34,97.05882352941177
RS Bopara,"Punjab Cricket Association Stadium, Mohali",123,115,106.95652173913044
RS Bopara,Sawai Mansingh Stadium,8,12,66.66666666666666
RS Bopara,Shaheed Veer Narayan Singh International Stadium,17,11,154.54545454545453
RS Bopara,Wankhede Stadium,23,27,85.18518518518519
RS Gavaskar,Eden Gardens,2,8,25.0
RS Sodhi,"Punjab Cricket Association Stadium, Mohali",4,2,200.0
RT Ponting,Eden Gardens,19,32,59.375
RT Ponting,M Chinnaswamy Stadium,48,54,88.88888888888889
RT Ponting,MA Chidambaram Stadium,6,11,54.54545454545454
RT Ponting,Sawai Mansingh Stadium,4,9,44.44444444444444
RT Ponting,Wankhede Stadium,14,23,60.86956521739131
RV Gomez,Dr DY Patil Sports Academy,26,19,136.8421052631579
RV Gomez,Eden Gardens,10,10,100.0
RV Gomez,Holkar Cricket Stadium,2,3,66.66666666666666
RV Gomez,M Chinnaswamy Stadium,7,16,43.75
RV Gomez,Nehru Stadium,1,3,33.33333333333333
RV Gomez,Sawai Mansingh Stadium,0,1,0.0
RV Gomez,Subrata Roy Sahara Stadium,4,1,400.0
RV Patel,Arun Jaitley Stadium,11,8,137.5
RV Patel,"Dr DY Patil Sports Academy, Mumbai",6,3,200.0
RV Patel,Dubai International Cricket Stadium,25,29,86.20689655172413
RV Patel,MA Chidambaram Stadium,10,16,62.5
RV Patel,"Narendra Modi Stadium, Ahmedabad",23,14,164.28571428571428
RV Patel,Rajiv Gandhi International Stadium,5,6,83.33333333333334
RV Uthappa,Arun Jaitley Stadium,14,10,140.0
RV Uthappa,Barabati Stadium,152,100,152.0
RV Uthappa,Brabourne Stadium,37,24,154.16666666666669
RV Uthappa,"Brabourne Stadium, Mumbai",63,38,165.78947368421052
RV Uthappa,Dr DY Patil Sports Academy,226,177,127.68361581920904
RV Uthappa,"Dr DY Patil Sports Academy, Mumbai",133,90,147.77777777777777
RV Uthappa,Dr. Y.S. Rajasekhara Reddy ACA-VDCA Cricket Stadium,34,22,154.54545454545453
RV Uthappa,Dubai International Cricket Stadium,288,218,132.11009174311928
RV Uthappa,Eden Gardens,1159,913,126.94414019715225
RV Uthappa,Feroz Shah Kotla,215,157,136.94267515923565
RV Uthappa,Green Park,25,22,113.63636363636364
RV Uthappa,Holkar Cricket Stadium,24,18,133.33333333333331
RV Uthappa,JSCA International Stadium Complex,72,59,122.03389830508475
RV Uthappa,Kingsmead,25,22,113.63636363636364
RV Uthappa,M Chinnaswamy Stadium,401,270,148.5185185185185
RV Uthappa,MA Chidambaram Stadium,177,136,130.14705882352942
RV Uthappa,Maharashtra Cricket Association Stadium,122,74,164.86486486486487
RV Uthappa,"Maharashtra Cricket Association Stadium, Pune",4,15,26.666666666666668
RV Uthappa,New Wanderers Stadium,84,63,133.33333333333331
RV Uthappa,Newlands,15,30,50.0
RV Uthappa,Punjab Cricket Association IS Bindra Stadium,22,14,157.14285714285714
RV Uthappa,"Punjab Cricket Association IS Bindra Stadium, Mohali",53,30,176.66666666666666
RV Uthappa,"Punjab Cricket Association Stadium, Mohali",119,97,122.68041237113403
RV Uthappa,Rajiv Gandhi International Stadium,208,177,117.51412429378531
RV Uthappa,"Sardar Patel Stadium, Motera",65,52,125.0
RV Uthappa,Sawai Mansingh Stadium,198,157,126.11464968152866
RV Uthappa,Shaheed Veer Narayan Singh International Stadium,37,34,108.8235294117647
RV Uthappa,Sharjah Cricket Stadium,36,31,116.12903225806453
RV Uthappa,Sheikh Zayed Stadium,84,96,87.5
RV Uthappa,St George's Park,27,30,90.0
RV Uthappa,Subrata Roy Sahara Stadium,418,364,114.83516483516483
RV Uthappa,SuperSport Park,24,32,75.0
RV Uthappa,"Vidarbha Cricket Association Stadium, Jamtha",34,22,154.54545454545453
RV Uthappa,Wankhede Stadium,359,333,107.8078078078078
Rahmanullah Gurbaz,Arun Jaitley Stadium,26,12,216.66666666666666
Rahmanullah Gurbaz,Eden Gardens,229,174,131.60919540229884
Rahmanullah Gurbaz,MA Chidambaram Stadium,40,40,100.0
Rahmanullah Gurbaz,"Narendra Modi Stadium, Ahmedabad",38,27,140.74074074074073
Rahmanullah Gurbaz,"Punjab Cricket Association IS Bindra Stadium, Mohali, Chandigarh",22,16,137.5
Rahmanullah Gurbaz,Rajiv Gandhi International Stadium,0,1,0.0
Rahmanullah Gurbaz,Wankhede Stadium,8,13,61.53846153846154
Ramandeep Singh,Arun Jaitley Stadium,13,5,260.0
Ramandeep Singh,"Bharat Ratna Shri Atal Bihari Vajpayee Ekana Cricket Stadium, Lucknow",31,17,182.35294117647058
Ramandeep Singh,"Dr DY Patil Sports Academy, Mumbai",12,17,70.58823529411765
Ramandeep Singh,"Dr. Y.S. Rajasekhara Reddy ACA-VDCA Cricket Stadium, Visakhapatnam",2,2,100.0
Ramandeep Singh,Eden Gardens,115,79,145.56962025316454
Ramandeep Singh,MA Chidambaram Stadium,48,37,129.72972972972974
Ramandeep Singh,"Maharaja Yadavindra Singh International Cricket Stadium, Mullanpur",0,1,0.0
Ramandeep Singh,"Maharashtra Cricket Association Stadium, Pune",6,12,50.0
Ramandeep Singh,"Narendra Modi Stadium, Ahmedabad",17,8,212.5
Ramandeep Singh,Wankhede Stadium,55,34,161.76470588235296
Rashid Khan,Arun Jaitley Stadium,21,15,140.0
Rashid Khan,"Bharat Ratna Shri Atal Bihari Vajpayee Ekana Cricket Stadium, Lucknow",4,5,80.0
Rashid Khan,"Brabourne Stadium, Mumbai",1,1,100.0
Rashid Khan,"Dr DY Patil Sports Academy, Mumbai",0,4,0.0
Rashid Khan,Dr. Y.S. Rajasekhara Reddy ACA-VDCA Cricket Stadium,0,1,0.0
Rashid Khan,Dubai International Cricket Stadium,50,41,121.95121951219512
Rashid Khan,Eden Gardens,34,11,309.09090909090907
Rashid Khan,"Himachal Pradesh Cricket Association Stadium, Dharamsala",8,10,80.0
Rashid Khan,M Chinnaswamy Stadium,19,16,118.75
Rashid Khan,MA Chidambaram Stadium,48,31,154.83870967741936
Rashid Khan,"Maharaja Yadavindra Singh International Cricket Stadium, Mullanpur",3,3,100.0
Rashid Khan,"Maharaja Yadavindra Singh International Cricket Stadium, New Chandigarh",0,6,0.0
Rashid Khan,"Maharashtra Cricket Association Stadium, Pune",40,22,181.8181818181818
Rashid Khan,"Narendra Modi Stadium, Ahmedabad",132,96,137.5
Rashid Khan,Rajiv Gandhi International Stadium,43,28,153.57142857142858
Rashid Khan,Sawai Mansingh Stadium,18,12,150.0
Rashid Khan,"Sawai Mansingh Stadium, Jaipur",24,14,171.42857142857142
Rashid Khan,Sharjah Cricket Stadium,23,25,92.0
Rashid Khan,Sheikh Zayed Stadium,12,9,133.33333333333331
Rashid Khan,Wankhede Stadium,139,68,204.41176470588235
Rashid Khan,"Zayed Cricket Stadium, Abu Dhabi",16,14,114.28571428571428
Rasikh Salam,Arun Jaitley Stadium,9,3,300.0
Rasikh Salam,"Brabourne Stadium, Mumbai",7,6,116.66666666666667
Rasikh Salam,"Dr. Y.S. Rajasekhara Reddy ACA-VDCA Cricket Stadium, Visakhapatnam",1,5,20.0
Rasikh Salam,Eden Gardens,8,10,80.0
Rasikh Salam,M Chinnaswamy Stadium,10,12,83.33333333333334
Rasikh Salam,"Shaheed Veer Narayan Singh International Stadium, Raipur",3,3,100.0
Rasikh Salam,Wankhede Stadium,5,4,125.0
Ravi Bishnoi,Arun Jaitley Stadium,2,2,100.0
Ravi Bishnoi,"Bharat Ratna Shri Atal Bihari Vajpayee Ekana Cricket Stadium, Lucknow",10,16,62.5
Ravi Bishnoi,"Dr DY Patil Sports Academy, Mumbai",0,1,0.0
Ravi Bishnoi,"Dr. Y.S. Rajasekhara Reddy ACA-VDCA Cricket Stadium, Visakhapatnam",0,2,0.0
Ravi Bishnoi,Dubai International Cricket Stadium,6,7,85.71428571428571
Ravi Bishnoi,Eden Gardens,2,5,40.0
Ravi Bishnoi,M Chinnaswamy Stadium,3,2,150.0
Ravi Bishnoi,MA Chidambaram Stadium,3,6,50.0
Ravi Bishnoi,"Narendra Modi Stadium, Ahmedabad",5,10,50.0
Ravi Bishnoi,Rajiv Gandhi International Stadium,0,1,0.0
Ravi Bishnoi,Sheikh Zayed Stadium,1,5,20.0
Ravi Bishnoi,Wankhede Stadium,13,14,92.85714285714286
Ravi Singh,Arun Jaitley Stadium,4,2,200.0
S Anirudha,Dr DY Patil Sports Academy,30,19,157.89473684210526
S Anirudha,Eden Gardens,3,5,60.0
S Anirudha,Himachal Pradesh Cricket Association Stadium,1,1,100.0
S Anirudha,MA Chidambaram Stadium,75,75,100.0
S Anirudha,"Punjab Cricket Association Stadium, Mohali",0,1,0.0
S Anirudha,Sawai Mansingh Stadium,18,8,225.0
S Anirudha,Wankhede Stadium,9,12,75.0
S Aravind,Eden Gardens,5,4,125.0
S Aravind,Himachal Pradesh Cricket Association Stadium,11,5,220.00000000000003
S Aravind,JSCA International Stadium Complex,0,1,0.0
S Aravind,M Chinnaswamy Stadium,33,37,89.1891891891892
S Aravind,Maharashtra Cricket Association Stadium,8,5,160.0
S Aravind,Rajiv Gandhi International Stadium,2,7,28.57142857142857
S Arora,Eden Gardens,0,1,0.0
S Arora,M Chinnaswamy Stadium,9,6,150.0
S Arora,MA Chidambaram Stadium,10,7,142.85714285714286
S Arora,"Maharaja Yadavindra Singh International Cricket Stadium, New Chandigarh",9,8,112.5
S Arora,"Narendra Modi Stadium, Ahmedabad",16,13,123.07692307692308
S Arora,Rajiv Gandhi International Stadium,39,33,118.18181818181819
S Arora,"Sawai Mansingh Stadium, Jaipur",8,3,266.66666666666663
S Arora,Wankhede Stadium,30,10,300.0
S Badree,Eden Gardens,0,3,0.0
S Badree,M Chinnaswamy Stadium,11,14,78.57142857142857
S Badree,Maharashtra Cricket Association Stadium,2,8,25.0
S Badrinath,"Brabourne Stadium, Mumbai",55,49,112.24489795918366
S Badrinath,De Beers Diamond Oval,59,43,137.2093023255814
S Badrinath,Dr DY Patil Sports Academy,120,100,120.0
S Badrinath,Dr. Y.S. Rajasekhara Reddy ACA-VDCA Cricket Stadium,25,22,113.63636363636364
S Badrinath,Eden Gardens,103,90,114.44444444444444
S Badrinath,Feroz Shah Kotla,37,38,97.36842105263158
S Badrinath,Himachal Pradesh Cricket Association Stadium,53,37,143.24324324324326
S Badrinath,Kingsmead,21,35,60.0
S Badrinath,M Chinnaswamy Stadium,78,69,113.04347826086956
S Badrinath,MA Chidambaram Stadium,438,386,113.47150259067358
S Badrinath,Nehru Stadium,19,17,111.76470588235294
S Badrinath,New Wanderers Stadium,46,35,131.42857142857142
S Badrinath,Newlands,0,2,0.0
S Badrinath,"Punjab Cricket Association Stadium, Mohali",97,71,136.61971830985914
S Badrinath,"Sardar Patel Stadium, Motera",25,27,92.5925925925926
S Badrinath,Sawai Mansingh Stadium,15,14,107.14285714285714
S Badrinath,St George's Park,22,23,95.65217391304348
S Badrinath,Subrata Roy Sahara Stadium,34,32,106.25
S Badrinath,SuperSport Park,29,28,103.57142857142858
S Badrinath,"Vidarbha Cricket Association Stadium, Jamtha",6,6,100.0
S Badrinath,Wankhede Stadium,159,121,131.40495867768595
S Chanderpaul,Eden Gardens,7,12,58.333333333333336
S Chanderpaul,M Chinnaswamy Stadium,2,9,22.22222222222222
S Chanderpaul,Wankhede Stadium,16,12,133.33333333333331
S Dhawan,Arun Jaitley Stadium,335,242,138.4297520661157
S Dhawan,Barabati Stadium,63,68,92.64705882352942
S Dhawan,"Barsapara Cricket Stadium, Guwahati",86,59,145.76271186440678
S Dhawan,"Bharat Ratna Shri Atal Bihari Vajpayee Ekana Cricket Stadium, Lucknow",70,50,140.0
S Dhawan,Brabourne Stadium,141,113,124.7787610619469
S Dhawan,"Brabourne Stadium, Mumbai",154,119,129.41176470588235
S Dhawan,Dr DY Patil Sports Academy,49,59,83.05084745762711
S Dhawan,"Dr DY Patil Sports Academy, Mumbai",132,111,118.91891891891892
S Dhawan,Dr. Y.S. Rajasekhara Reddy ACA-VDCA Cricket Stadium,294,238,123.52941176470588
S Dhawan,Dubai International Cricket Stadium,415,313,132.58785942492014
S Dhawan,Eden Gardens,337,273,123.44322344322345
S Dhawan,Feroz Shah Kotla,391,328,119.20731707317074
S Dhawan,Green Park,18,12,150.0
S Dhawan,Himachal Pradesh Cricket Association Stadium,95,59,161.01694915254237
S Dhawan,"Himachal Pradesh Cricket Association Stadium, Dharamsala",17,14,121.42857142857142
S Dhawan,JSCA International Stadium Complex,64,50,128.0
S Dhawan,Kingsmead,6,14,42.857142857142854
S Dhawan,M Chinnaswamy Stadium,286,248,115.3225806451613
S Dhawan,MA Chidambaram Stadium,299,259,115.44401544401543
S Dhawan,"Maharaja Yadavindra Singh International Cricket Stadium, Mullanpur",36,35,102.85714285714285
S Dhawan,Maharashtra Cricket Association Stadium,109,84,129.76190476190476
S Dhawan,"Maharashtra Cricket Association Stadium, Pune",75,69,108.69565217391303
S Dhawan,"Narendra Modi Stadium, Ahmedabad",122,106,115.09433962264151
S Dhawan,Nehru Stadium,4,9,44.44444444444444
S Dhawan,Newlands,22,22,100.0
S Dhawan,Punjab Cricket Association IS Bindra Stadium,30,28,107.14285714285714
S Dhawan,"Punjab Cricket Association IS Bindra Stadium, Mohali",102,73,139.72602739726028
S Dhawan,"Punjab Cricket Association IS Bindra Stadium, Mohali, Chandigarh",79,63,125.39682539682539
S Dhawan,"Punjab Cricket Association Stadium, Mohali",89,75,118.66666666666667
S Dhawan,Rajiv Gandhi International Stadium,1477,1220,121.06557377049181
S Dhawan,"Sardar Patel Stadium, Motera",33,20,165.0
S Dhawan,Saurashtra Cricket Association Stadium,53,44,120.45454545454545
S Dhawan,Sawai Mansingh Stadium,115,79,145.56962025316454
S Dhawan,Shaheed Veer Narayan Singh International Stadium,23,18,127.77777777777777
S Dhawan,Sharjah Cricket Stadium,208,161,129.19254658385094
S Dhawan,Sheikh Zayed Stadium,279,219,127.3972602739726
S Dhawan,St George's Park,12,10,120.0
S Dhawan,Subrata Roy Sahara Stadium,16,11,145.45454545454547
S Dhawan,Wankhede Stadium,625,500,125.0
S Dhawan,"Zayed Cricket Stadium, Abu Dhabi",8,8,100.0
S Dube,Arun Jaitley Stadium,120,97,123.71134020618557
S Dube,"Barsapara Cricket Stadium, Guwahati",24,14,171.42857142857142
S Dube,"Bharat Ratna Shri Atal Bihari Vajpayee Ekana Cricket Stadium, Lucknow",78,63,123.80952380952381
S Dube,"Brabourne Stadium, Mumbai",106,62,170.96774193548387
S Dube,"Dr DY Patil Sports Academy, Mumbai",143,90,158.88888888888889
S Dube,"Dr. Y.S. Rajasekhara Reddy ACA-VDCA Cricket Stadium, Visakhapatnam",18,19,94.73684210526315
S Dube,Dubai International Cricket Stadium,79,57,138.5964912280702
S Dube,Eden Gardens,95,63,150.79365079365078
S Dube,"Himachal Pradesh Cricket Association Stadium, Dharamsala",0,1,0.0
S Dube,M Chinnaswamy Stadium,94,64,146.875
S Dube,MA Chidambaram Stadium,637,460,138.47826086956522
S Dube,"Maharaja Yadavindra Singh International Cricket Stadium, Mullanpur",42,30,140.0
S Dube,"Maharashtra Cricket Association Stadium, Pune",19,17,111.76470588235294
S Dube,"Narendra Modi Stadium, Ahmedabad",136,80,170.0
S Dube,Rajiv Gandhi International Stadium,71,48,147.91666666666669
S Dube,"Sawai Mansingh Stadium, Jaipur",52,34,152.94117647058823
S Dube,Sharjah Cricket Stadium,44,49,89.79591836734694
S Dube,Sheikh Zayed Stadium,27,31,87.09677419354838
S Dube,Wankhede Stadium,280,230,121.73913043478262
S Dube,"Zayed Cricket Stadium, Abu Dhabi",64,46,139.1304347826087
S Gopal,Arun Jaitley Stadium,12,18,66.66666666666666
S Gopal,"Brabourne Stadium, Mumbai",9,7,128.57142857142858
S Gopal,Dubai International Cricket Stadium,34,35,97.14285714285714
S Gopal,Eden Gardens,18,9,200.0
S Gopal,Holkar Cricket Stadium,24,16,150.0
S Gopal,MA Chidambaram Stadium,0,3,0.0
S Gopal,Maharashtra Cricket Association Stadium,8,10,80.0
S Gopal,Punjab Cricket Association IS Bindra Stadium,0,1,0.0
S Gopal,Rajiv Gandhi International Stadium,18,20,90.0
S Gopal,"Sardar Patel Stadium, Motera",1,1,100.0
S Gopal,Sawai Mansingh Stadium,20,9,222.22222222222223
S Gopal,Sharjah Cricket Stadium,2,5,40.0
S Gopal,Sheikh Zayed Stadium,1,2,50.0
S Gopal,Wankhede Stadium,33,37,89.1891891891892
S Kaul,Dubai International Cricket Stadium,7,5,140.0
S Kaul,MA Chidambaram Stadium,7,9,77.77777777777779
S Kaul,Rajiv Gandhi International Stadium,1,8,12.5
S Kaul,"Sardar Patel Stadium, Motera",2,2,100.0
S Kaul,Wankhede Stadium,2,9,22.22222222222222
S Kaul,"Zayed Cricket Stadium, Abu Dhabi",1,3,33.33333333333333
S Kaushik,M Chinnaswamy Stadium,0,1,0.0
S Ladda,Barabati Stadium,0,1,0.0
S Ladda,Feroz Shah Kotla,0,9,0.0
S Lamichhane,Punjab Cricket Association IS Bindra Stadium,0,1,0.0
S Nadeem,Dr. Y.S. Rajasekhara Reddy ACA-VDCA Cricket Stadium,1,5,20.0
S Nadeem,Dubai International Cricket Stadium,5,5,100.0
S Nadeem,Eden Gardens,10,16,62.5
S Nadeem,Feroz Shah Kotla,6,23,26.08695652173913
S Nadeem,M Chinnaswamy Stadium,0,2,0.0
S Nadeem,MA Chidambaram Stadium,0,1,0.0
S Nadeem,"Punjab Cricket Association IS Bindra Stadium, Mohali",0,1,0.0
S Nadeem,"Punjab Cricket Association Stadium, Mohali",3,8,37.5
S Nadeem,Rajiv Gandhi International Stadium,0,3,0.0
S Nadeem,"Sardar Patel Stadium, Motera",1,4,25.0
S Nadeem,Sheikh Zayed Stadium,5,11,45.45454545454545
S Nadeem,Subrata Roy Sahara Stadium,6,5,120.0
S Nadeem,Wankhede Stadium,2,4,50.0
S Narwal,Feroz Shah Kotla,12,10,120.0
S Narwal,M Chinnaswamy Stadium,0,1,0.0
S Narwal,"Sardar Patel Stadium, Motera",2,2,100.0
S Narwal,Shaheed Veer Narayan Singh International Stadium,23,16,143.75
S Rana,Dr DY Patil Sports Academy,18,16,112.5
S Rana,Eden Gardens,19,12,158.33333333333331
S Rana,JSCA International Stadium Complex,1,2,50.0
S Rana,M Chinnaswamy Stadium,38,36,105.55555555555556
S Rana,Rajiv Gandhi International Stadium,12,7,171.42857142857142
S Rana,Sheikh Zayed Stadium,3,9,33.33333333333333
S Randiv,Wankhede Stadium,2,4,50.0
S Sohal,De Beers Diamond Oval,30,18,166.66666666666669
S Sohal,Dr DY Patil Sports Academy,34,32,106.25
S Sohal,Feroz Shah Kotla,62,41,151.21951219512195
S Sohal,Kingsmead,3,11,27.27272727272727
S Sohal,MA Chidambaram Stadium,56,33,169.6969696969697
S Sohal,Nehru Stadium,1,5,20.0
S Sohal,New Wanderers Stadium,9,15,60.0
S Sohal,OUTsurance Oval,3,12,25.0
S Sohal,"Punjab Cricket Association Stadium, Mohali",0,4,0.0
S Sohal,Rajiv Gandhi International Stadium,76,68,111.76470588235294
S Sohal,Sawai Mansingh Stadium,4,4,100.0
S Sohal,St George's Park,25,18,138.88888888888889
S Sohal,SuperSport Park,45,28,160.71428571428572
S Sohal,Wankhede Stadium,20,22,90.9090909090909
S Sreesanth,Barabati Stadium,12,5,240.0
S Sreesanth,Dr DY Patil Sports Academy,1,6,16.666666666666664
S Sreesanth,Kingsmead,4,8,50.0
S Sreesanth,M Chinnaswamy Stadium,0,2,0.0
S Sreesanth,Nehru Stadium,0,3,0.0
S Sreesanth,"Punjab Cricket Association Stadium, Mohali",15,18,83.33333333333334
S Sreesanth,Sawai Mansingh Stadium,1,2,50.0
S Sreesanth,SuperSport Park,1,11,9.090909090909092
S Sreesanth,Wankhede Stadium,0,2,0.0
S Sriram,Himachal Pradesh Cricket Association Stadium,4,7,57.14285714285714
S Sriram,M Chinnaswamy Stadium,27,31,87.09677419354838
S Tyagi,MA Chidambaram Stadium,3,4,75.0
S Vidyut,Dr DY Patil Sports Academy,16,14,114.28571428571428
S Vidyut,Feroz Shah Kotla,40,25,160.0
S Vidyut,MA Chidambaram Stadium,62,47,131.91489361702128
S Vidyut,Sawai Mansingh Stadium,5,11,45.45454545454545
S Vidyut,Wankhede Stadium,22,18,122.22222222222223
SA Abbott,"Brabourne Stadium, Mumbai",7,5,140.0
SA Abbott,Eden Gardens,1,4,25.0
SA Abbott,M Chinnaswamy Stadium,14,9,155.55555555555557
SA Asnodkar,De Beers Diamond Oval,70,66,106.06060606060606
SA Asnodkar,Dr DY Patil Sports Academy,67,58,115.51724137931035
SA Asnodkar,Eden Gardens,5,3,166.66666666666669
SA Asnodkar,Kingsmead,4,6,66.66666666666666
SA Asnodkar,MA Chidambaram Stadium,41,27,151.85185185185185
SA Asnodkar,Newlands,3,8,37.5
SA Asnodkar,"Punjab Cricket Association Stadium, Mohali",9,9,100.0
SA Asnodkar,"Sardar Patel Stadium, Motera",5,4,125.0
SA Asnodkar,Sawai Mansingh Stadium,159,132,120.45454545454545
SA Asnodkar,St George's Park,0,2,0.0
SA Asnodkar,SuperSport Park,21,16,131.25
SA Asnodkar,Wankhede Stadium,39,21,185.71428571428572
SA Yadav,Arun Jaitley Stadium,174,126,138.0952380952381
SA Yadav,"Barsapara Cricket Stadium, Guwahati",6,4,150.0
SA Yadav,"Bharat Ratna Shri Atal Bihari Vajpayee Ekana Cricket Stadium, Lucknow",84,60,140.0
SA Yadav,Brabourne Stadium,0,1,0.0
SA Yadav,"Brabourne Stadium, Mumbai",50,40,125.0
SA Yadav,"Dr DY Patil Sports Academy, Mumbai",83,60,138.33333333333334
SA Yadav,Dr. Y.S. Rajasekhara Reddy ACA-VDCA Cricket Stadium,2,2,100.0
SA Yadav,Dubai International Cricket Stadium,101,94,107.4468085106383
SA Yadav,Eden Gardens,270,198,136.36363636363635
SA Yadav,Feroz Shah Kotla,75,54,138.88888888888889
SA Yadav,Green Park,17,14,121.42857142857142
SA Yadav,Holkar Cricket Stadium,57,42,135.71428571428572
SA Yadav,JSCA International Stadium Complex,8,13,61.53846153846154
SA Yadav,M Chinnaswamy Stadium,108,90,120.0
SA Yadav,MA Chidambaram Stadium,350,272,128.6764705882353
SA Yadav,"Maharaja Yadavindra Singh International Cricket Stadium, Mullanpur",78,54,144.44444444444443
SA Yadav,"Maharaja Yadavindra Singh International Cricket Stadium, New Chandigarh",33,20,165.0
SA Yadav,Maharashtra Cricket Association Stadium,127,99,128.2828282828283
SA Yadav,"Maharashtra Cricket Association Stadium, Pune",163,103,158.25242718446603
SA Yadav,"Narendra Modi Stadium, Ahmedabad",191,117,163.24786324786325
SA Yadav,Punjab Cricket Association IS Bindra Stadium,11,6,183.33333333333331
SA Yadav,"Punjab Cricket Association IS Bindra Stadium, Mohali",11,9,122.22222222222223
SA Yadav,"Punjab Cricket Association IS Bindra Stadium, Mohali, Chandigarh",66,33,200.0
SA Yadav,Rajiv Gandhi International Stadium,97,79,122.78481012658229
SA Yadav,"Sardar Patel Stadium, Motera",9,18,50.0
SA Yadav,Sawai Mansingh Stadium,106,84,126.19047619047619
SA Yadav,"Sawai Mansingh Stadium, Jaipur",115,74,155.4054054054054
SA Yadav,"Shaheed Veer Narayan Singh International Stadium, Raipur",0,1,0.0
SA Yadav,Sharjah Cricket Stadium,133,101,131.68316831683168
SA Yadav,Sheikh Zayed Stadium,413,262,157.63358778625954
SA Yadav,Wankhede Stadium,1556,972,160.08230452674897
SA Yadav,"Zayed Cricket Stadium, Abu Dhabi",87,52,167.30769230769232
SB Bangar,Eden Gardens,14,10,140.0
SB Bangar,M Chinnaswamy Stadium,17,7,242.85714285714283
SB Bangar,Newlands,2,9,22.22222222222222
SB Bangar,Rajiv Gandhi International Stadium,13,26,50.0
SB Bangar,Sawai Mansingh Stadium,3,6,50.0
SB Dubey,Arun Jaitley Stadium,30,23,130.43478260869566
SB Dubey,"Barsapara Cricket Stadium, Guwahati",9,12,75.0
SB Dubey,"Bharat Ratna Shri Atal Bihari Vajpayee Ekana Cricket Stadium, Lucknow",19,11,172.72727272727272
SB Dubey,Eden Gardens,25,14,178.57142857142858
SB Dubey,M Chinnaswamy Stadium,12,7,171.42857142857142
SB Dubey,MA Chidambaram Stadium,0,1,0.0
SB Dubey,"Maharaja Yadavindra Singh International Cricket Stadium, New Chandigarh",31,13,238.46153846153845
SB Dubey,"Narendra Modi Stadium, Ahmedabad",1,3,33.33333333333333
SB Dubey,Rajiv Gandhi International Stadium,34,11,309.09090909090907
SB Dubey,"Sawai Mansingh Stadium, Jaipur",46,41,112.19512195121952
SB Dubey,Wankhede Stadium,13,12,108.33333333333333
SB Jakati,Feroz Shah Kotla,1,2,50.0
SB Jakati,Kingsmead,7,7,100.0
SB Jakati,M Chinnaswamy Stadium,1,2,50.0
SB Jakati,MA Chidambaram Stadium,6,10,60.0
SB Jakati,New Wanderers Stadium,13,9,144.44444444444443
SB Joshi,M Chinnaswamy Stadium,6,16,37.5
SB Styris,Eden Gardens,6,7,85.71428571428571
SB Styris,Feroz Shah Kotla,29,28,103.57142857142858
SB Styris,M Chinnaswamy Stadium,2,3,66.66666666666666
SB Styris,MA Chidambaram Stadium,41,44,93.18181818181817
SB Styris,Newlands,14,8,175.0
SB Styris,"Punjab Cricket Association Stadium, Mohali",1,2,50.0
SB Styris,Rajiv Gandhi International Stadium,25,31,80.64516129032258
SB Styris,Sawai Mansingh Stadium,13,11,118.18181818181819
SB Wagh,Dr DY Patil Sports Academy,0,1,0.0
SB Wagh,Wankhede Stadium,2,2,100.0
SC Ganguly,Barabati Stadium,45,43,104.65116279069768
SC Ganguly,Brabourne Stadium,31,35,88.57142857142857
SC Ganguly,Buffalo Park,0,1,0.0
SC Ganguly,Dr DY Patil Sports Academy,18,32,56.25
SC Ganguly,Eden Gardens,532,476,111.76470588235294
SC Ganguly,Feroz Shah Kotla,46,53,86.79245283018868
SC Ganguly,Kingsmead,1,11,9.090909090909092
SC Ganguly,M Chinnaswamy Stadium,49,52,94.23076923076923
SC Ganguly,MA Chidambaram Stadium,46,59,77.96610169491525
SC Ganguly,New Wanderers Stadium,77,88,87.5
SC Ganguly,Newlands,47,46,102.17391304347827
SC Ganguly,"Punjab Cricket Association Stadium, Mohali",71,59,120.33898305084745
SC Ganguly,Rajiv Gandhi International Stadium,123,90,136.66666666666666
SC Ganguly,"Sardar Patel Stadium, Motera",33,29,113.79310344827587
SC Ganguly,Sawai Mansingh Stadium,53,45,117.77777777777779
SC Ganguly,St George's Park,56,47,119.14893617021276
SC Ganguly,Subrata Roy Sahara Stadium,95,114,83.33333333333334
SC Ganguly,SuperSport Park,8,20,40.0
SC Ganguly,Wankhede Stadium,18,26,69.23076923076923
SD Chitnis,Feroz Shah Kotla,3,4,75.0
SD Chitnis,Himachal Pradesh Cricket Association Stadium,49,45,108.88888888888889
SD Chitnis,Kingsmead,6,9,66.66666666666666
SD Chitnis,"Punjab Cricket Association Stadium, Mohali",20,23,86.95652173913044
SD Chitnis,Rajiv Gandhi International Stadium,6,5,120.0
SD Chitnis,Wankhede Stadium,15,6,250.0
SD Hope,Arun Jaitley Stadium,85,53,160.37735849056605
SD Hope,"Bharat Ratna Shri Atal Bihari Vajpayee Ekana Cricket Stadium, Lucknow",11,10,110.00000000000001
SD Hope,Eden Gardens,6,3,200.0
SD Hope,M Chinnaswamy Stadium,29,24,120.83333333333333
SD Hope,"Maharaja Yadavindra Singh International Cricket Stadium, Mullanpur",33,25,132.0
SD Hope,"Narendra Modi Stadium, Ahmedabad",19,10,190.0
SD Lad,Wankhede Stadium,15,13,115.38461538461537
SE Bond,Eden Gardens,1,2,50.0
SE Marsh,Brabourne Stadium,57,48,118.75
SE Marsh,Dr DY Patil Sports Academy,1,4,25.0
SE Marsh,Eden Gardens,46,46,100.0
SE Marsh,Feroz Shah Kotla,128,87,147.1264367816092
SE Marsh,Himachal Pradesh Cricket Association Stadium,334,240,139.16666666666666
SE Marsh,Holkar Cricket Stadium,68,53,128.30188679245282
SE Marsh,M Chinnaswamy Stadium,79,74,106.75675675675676
SE Marsh,MA Chidambaram Stadium,173,123,140.65040650406505
SE Marsh,Maharashtra Cricket Association Stadium,10,13,76.92307692307693
SE Marsh,"Punjab Cricket Association IS Bindra Stadium, Mohali",258,187,137.96791443850267
SE Marsh,"Punjab Cricket Association Stadium, Mohali",806,649,124.19106317411402
SE Marsh,Rajiv Gandhi International Stadium,146,117,124.78632478632478
SE Marsh,"Sardar Patel Stadium, Motera",77,45,171.11111111111111
SE Marsh,Saurashtra Cricket Association Stadium,31,27,114.81481481481481
SE Marsh,Sawai Mansingh Stadium,7,6,116.66666666666667
SE Marsh,Wankhede Stadium,268,194,138.1443298969072
SE Rutherford,Arun Jaitley Stadium,46,29,158.6206896551724
SE Rutherford,"Barsapara Cricket Stadium, Guwahati",25,10,250.0
SE Rutherford,"Bharat Ratna Shri Atal Bihari Vajpayee Ekana Cricket Stadium, Lucknow",22,21,104.76190476190477
SE Rutherford,"Dr DY Patil Sports Academy, Mumbai",28,40,70.0
SE Rutherford,Dr. Y.S. Rajasekhara Reddy ACA-VDCA Cricket Stadium,19,24,79.16666666666666
SE Rutherford,"Himachal Pradesh Cricket Association Stadium, Dharamsala",20,22,90.9090909090909
SE Rutherford,M Chinnaswamy Stadium,30,18,166.66666666666669
SE Rutherford,MA Chidambaram Stadium,2,4,50.0
SE Rutherford,"Maharaja Yadavindra Singh International Cricket Stadium, New Chandigarh",24,15,160.0
SE Rutherford,"Narendra Modi Stadium, Ahmedabad",153,117,130.76923076923077
SE Rutherford,Rajiv Gandhi International Stadium,35,18,194.44444444444443
SE Rutherford,Sawai Mansingh Stadium,11,5,220.00000000000003
SE Rutherford,Wankhede Stadium,105,70,150.0
SH Johnson,"Bharat Ratna Shri Atal Bihari Vajpayee Ekana Cricket Stadium, Lucknow",0,1,0.0
SH Johnson,Eden Gardens,1,1,100.0
SH Johnson,MA Chidambaram Stadium,5,5,100.0
SH Johnson,"Narendra Modi Stadium, Ahmedabad",1,2,50.0
SH Johnson,Wankhede Stadium,1,3,33.33333333333333
SJ Srivastava,Brabourne Stadium,1,1,100.0
SJ Srivastava,"Punjab Cricket Association Stadium, Mohali",4,4,100.0
SK Raina,Arun Jaitley Stadium,64,53,120.75471698113208
SK Raina,Barabati Stadium,35,27,129.62962962962962
SK Raina,Brabourne Stadium,54,36,150.0
SK Raina,"Brabourne Stadium, Mumbai",83,53,156.60377358490567
SK Raina,Buffalo Park,32,19,168.42105263157893
SK Raina,De Beers Diamond Oval,13,12,108.33333333333333
SK Raina,Dr DY Patil Sports Academy,136,96,141.66666666666669
SK Raina,Dr. Y.S. Rajasekhara Reddy ACA-VDCA Cricket Stadium,27,26,103.84615384615385
SK Raina,Dubai International Cricket Stadium,9,19,47.368421052631575
SK Raina,Eden Gardens,325,265,122.64150943396226
SK Raina,Feroz Shah Kotla,306,212,144.33962264150944
SK Raina,Green Park,119,85,140.0
SK Raina,Himachal Pradesh Cricket Association Stadium,63,42,150.0
SK Raina,JSCA International Stadium Complex,99,86,115.11627906976744
SK Raina,Kingsmead,99,79,125.31645569620254
SK Raina,M Chinnaswamy Stadium,167,135,123.7037037037037
SK Raina,MA Chidambaram Stadium,1506,1145,131.52838427947597
SK Raina,Maharashtra Cricket Association Stadium,252,194,129.89690721649484
SK Raina,Nehru Stadium,50,41,121.95121951219512
SK Raina,New Wanderers Stadium,52,42,123.80952380952381
SK Raina,Newlands,8,9,88.88888888888889
SK Raina,Punjab Cricket Association IS Bindra Stadium,53,38,139.4736842105263
SK Raina,"Punjab Cricket Association IS Bindra Stadium, Mohali",59,36,163.88888888888889
SK Raina,"Punjab Cricket Association Stadium, Mohali",73,52,140.3846153846154
SK Raina,Rajiv Gandhi International Stadium,276,206,133.98058252427185
SK Raina,"Sardar Patel Stadium, Motera",18,21,85.71428571428571
SK Raina,Saurashtra Cricket Association Stadium,328,247,132.7935222672065
SK Raina,Sawai Mansingh Stadium,150,121,123.96694214876034
SK Raina,Shaheed Veer Narayan Singh International Stadium,11,8,137.5
SK Raina,Sharjah Cricket Stadium,33,25,132.0
SK Raina,Sheikh Zayed Stadium,80,61,131.14754098360655
SK Raina,St George's Park,48,41,117.07317073170731
SK Raina,Subrata Roy Sahara Stadium,83,69,120.28985507246377
SK Raina,SuperSport Park,182,116,156.89655172413794
SK Raina,"Vidarbha Cricket Association Stadium, Jamtha",52,43,120.93023255813952
SK Raina,Wankhede Stadium,577,405,142.46913580246914
SK Raina,"Zayed Cricket Stadium, Abu Dhabi",14,12,116.66666666666667
SK Rasheed,"Bharat Ratna Shri Atal Bihari Vajpayee Ekana Cricket Stadium, Lucknow",27,21,128.57142857142858
SK Rasheed,M Chinnaswamy Stadium,14,11,127.27272727272727
SK Rasheed,MA Chidambaram Stadium,11,15,73.33333333333333
SK Rasheed,Wankhede Stadium,19,20,95.0
SK Trivedi,De Beers Diamond Oval,1,5,20.0
SK Trivedi,Dr DY Patil Sports Academy,1,3,33.33333333333333
SK Trivedi,Eden Gardens,4,4,100.0
SK Trivedi,Feroz Shah Kotla,10,12,83.33333333333334
SK Trivedi,M Chinnaswamy Stadium,3,7,42.857142857142854
SK Trivedi,OUTsurance Oval,6,11,54.54545454545454
SK Trivedi,Rajiv Gandhi International Stadium,0,1,0.0
SK Trivedi,SuperSport Park,2,3,66.66666666666666
SK Trivedi,"Vidarbha Cricket Association Stadium, Jamtha",9,7,128.57142857142858
SK Trivedi,Wankhede Stadium,6,8,75.0
SK Warne,Brabourne Stadium,1,1,100.0
SK Warne,De Beers Diamond Oval,21,12,175.0
SK Warne,Dr DY Patil Sports Academy,16,17,94.11764705882352
SK Warne,Eden Gardens,6,11,54.54545454545454
SK Warne,Feroz Shah Kotla,14,15,93.33333333333333
SK Warne,Holkar Cricket Stadium,2,9,22.22222222222222
SK Warne,Kingsmead,18,29,62.06896551724138
SK Warne,M Chinnaswamy Stadium,4,7,57.14285714285714
SK Warne,Newlands,39,46,84.78260869565217
SK Warne,OUTsurance Oval,6,3,200.0
SK Warne,"Punjab Cricket Association Stadium, Mohali",5,3,166.66666666666669
SK Warne,Rajiv Gandhi International Stadium,22,9,244.44444444444446
SK Warne,"Sardar Patel Stadium, Motera",1,2,50.0
SK Warne,Sawai Mansingh Stadium,18,22,81.81818181818183
SK Warne,St George's Park,21,17,123.52941176470588
SK Warne,SuperSport Park,3,11,27.27272727272727
SK Warne,"Vidarbha Cricket Association Stadium, Jamtha",1,4,25.0
SK Warne,Wankhede Stadium,0,1,0.0
SL Malinga,Dr DY Patil Sports Academy,1,1,100.0
SL Malinga,Dubai International Cricket Stadium,2,4,50.0
SL Malinga,Eden Gardens,0,2,0.0
SL Malinga,Feroz Shah Kotla,17,27,62.96296296296296
SL Malinga,Himachal Pradesh Cricket Association Stadium,1,1,100.0
SL Malinga,Kingsmead,0,1,0.0
SL Malinga,M Chinnaswamy Stadium,17,17,100.0
SL Malinga,MA Chidambaram Stadium,7,5,140.0
SL Malinga,Saurashtra Cricket Association Stadium,0,1,0.0
SL Malinga,Sawai Mansingh Stadium,8,16,50.0
SL Malinga,Subrata Roy Sahara Stadium,14,14,100.0
SL Malinga,Wankhede Stadium,21,14,150.0
SM Curran,Arun Jaitley Stadium,20,29,68.96551724137932
SM Curran,"Barsapara Cricket Stadium, Guwahati",64,44,145.45454545454547
SM Curran,"Bharat Ratna Shri Atal Bihari Vajpayee Ekana Cricket Stadium, Lucknow",6,7,85.71428571428571
SM Curran,Dubai International Cricket Stadium,60,44,136.36363636363635
SM Curran,Eden Gardens,4,9,44.44444444444444
SM Curran,"Himachal Pradesh Cricket Association Stadium, Dharamsala",89,67,132.8358208955224
SM Curran,M Chinnaswamy Stadium,28,24,116.66666666666667
SM Curran,MA Chidambaram Stadium,164,129,127.13178294573643
SM Curran,"Maharaja Yadavindra Singh International Cricket Stadium, Mullanpur",124,108,114.81481481481481
SM Curran,"Narendra Modi Stadium, Ahmedabad",5,8,62.5
SM Curran,Punjab Cricket Association IS Bindra Stadium,87,47,185.1063829787234
SM Curran,"Punjab Cricket Association IS Bindra Stadium, Mohali, Chandigarh",79,66,119.6969696969697
SM Curran,Rajiv Gandhi International Stadium,22,15,146.66666666666666
SM Curran,Sharjah Cricket Stadium,69,59,116.94915254237289
SM Curran,Sheikh Zayed Stadium,57,42,135.71428571428572
SM Curran,Wankhede Stadium,115,59,194.91525423728814
SM Curran,"Zayed Cricket Stadium, Abu Dhabi",4,4,100.0
SM Harwood,De Beers Diamond Oval,6,7,85.71428571428571
SM Harwood,St George's Park,3,7,42.857142857142854
SM Katich,De Beers Diamond Oval,9,11,81.81818181818183
SM Katich,Kingsmead,21,31,67.74193548387096
SM Katich,New Wanderers Stadium,11,11,100.0
SM Katich,OUTsurance Oval,20,10,200.0
SM Katich,"Punjab Cricket Association Stadium, Mohali",96,72,133.33333333333331
SM Katich,St George's Park,34,29,117.24137931034481
SM Katich,SuperSport Park,50,27,185.1851851851852
SM Pollock,Dr DY Patil Sports Academy,64,48,133.33333333333331
SM Pollock,Feroz Shah Kotla,16,15,106.66666666666667
SM Pollock,MA Chidambaram Stadium,17,18,94.44444444444444
SM Pollock,"Punjab Cricket Association Stadium, Mohali",22,21,104.76190476190477
SM Pollock,Sawai Mansingh Stadium,0,1,0.0
SM Pollock,Wankhede Stadium,28,13,215.3846153846154
SMSM Senanayake,Eden Gardens,7,14,50.0
SMSM Senanayake,JSCA International Stadium Complex,2,1,200.0
SMSM Senanayake,"Punjab Cricket Association Stadium, Mohali",1,2,50.0
SN Khan,Arun Jaitley Stadium,50,54,92.5925925925926
SN Khan,"Barsapara Cricket Stadium, Guwahati",17,13,130.76923076923077
SN Khan,"Bharat Ratna Shri Atal Bihari Vajpayee Ekana Cricket Stadium, Lucknow",4,9,44.44444444444444
SN Khan,"Brabourne Stadium, Mumbai",12,14,85.71428571428571
SN Khan,"Dr DY Patil Sports Academy, Mumbai",68,45,151.11111111111111
SN Khan,Dubai International Cricket Stadium,26,25,104.0
SN Khan,Eden Gardens,19,23,82.6086956521739
SN Khan,JSCA International Stadium Complex,31,21,147.61904761904762
SN Khan,M Chinnaswamy Stadium,175,83,210.84337349397592
SN Khan,MA Chidambaram Stadium,130,101,128.7128712871287
SN Khan,Maharashtra Cricket Association Stadium,3,2,150.0
SN Khan,Punjab Cricket Association IS Bindra Stadium,54,42,128.57142857142858
SN Khan,"Punjab Cricket Association Stadium, Mohali",4,6,66.66666666666666
SN Khan,Rajiv Gandhi International Stadium,35,29,120.6896551724138
SN Khan,Sawai Mansingh Stadium,53,38,139.4736842105263
SN Khan,Sharjah Cricket Stadium,0,1,0.0
SN Khan,Sheikh Zayed Stadium,7,8,87.5
SN Khan,Wankhede Stadium,58,42,138.0952380952381
SN Thakur,"Barsapara Cricket Stadium, Guwahati",8,9,88.88888888888889
SN Thakur,"Bharat Ratna Shri Atal Bihari Vajpayee Ekana Cricket Stadium, Lucknow",18,13,138.46153846153845
SN Thakur,"Brabourne Stadium, Mumbai",51,22,231.81818181818184
SN Thakur,"Dr DY Patil Sports Academy, Mumbai",27,23,117.3913043478261
SN Thakur,"Dr. Y.S. Rajasekhara Reddy ACA-VDCA Cricket Stadium, Visakhapatnam",0,2,0.0
SN Thakur,Dubai International Cricket Stadium,2,4,50.0
SN Thakur,Eden Gardens,84,50,168.0
SN Thakur,Feroz Shah Kotla,7,6,116.66666666666667
SN Thakur,"Himachal Pradesh Cricket Association Stadium, Dharamsala",17,12,141.66666666666669
SN Thakur,M Chinnaswamy Stadium,1,3,33.33333333333333
SN Thakur,"Maharashtra Cricket Association Stadium, Pune",2,6,33.33333333333333
SN Thakur,"Narendra Modi Stadium, Ahmedabad",3,5,60.0
SN Thakur,"Punjab Cricket Association IS Bindra Stadium, Mohali, Chandigarh",8,3,266.66666666666663
SN Thakur,Rajiv Gandhi International Stadium,10,10,100.0
SN Thakur,Saurashtra Cricket Association Stadium,0,1,0.0
SN Thakur,Sharjah Cricket Stadium,11,20,55.00000000000001
SN Thakur,Wankhede Stadium,97,85,114.11764705882352
SN Thakur,"Zayed Cricket Stadium, Abu Dhabi",3,2,150.0
SO Hetmyer,Arun Jaitley Stadium,33,20,165.0
SO Hetmyer,"Barsapara Cricket Stadium, Guwahati",107,76,140.78947368421052
SO Hetmyer,"Bharat Ratna Shri Atal Bihari Vajpayee Ekana Cricket Stadium, Lucknow",22,19,115.78947368421053
SO Hetmyer,"Brabourne Stadium, Mumbai",32,23,139.1304347826087
SO Hetmyer,"Dr DY Patil Sports Academy, Mumbai",70,51,137.2549019607843
SO Hetmyer,Dubai International Cricket Stadium,154,127,121.25984251968505
SO Hetmyer,Eden Gardens,48,51,94.11764705882352
SO Hetmyer,"Himachal Pradesh Cricket Association Stadium, Dharamsala",46,32,143.75
SO Hetmyer,M Chinnaswamy Stadium,94,74,127.02702702702702
SO Hetmyer,MA Chidambaram Stadium,49,42,116.66666666666667
SO Hetmyer,"Maharaja Yadavindra Singh International Cricket Stadium, Mullanpur",47,22,213.63636363636363
SO Hetmyer,"Maharashtra Cricket Association Stadium, Pune",35,22,159.0909090909091
SO Hetmyer,"Narendra Modi Stadium, Ahmedabad",234,133,175.93984962406014
SO Hetmyer,Rajiv Gandhi International Stadium,86,60,143.33333333333334
SO Hetmyer,Sawai Mansingh Stadium,1,9,11.11111111111111
SO Hetmyer,"Sawai Mansingh Stadium, Jaipur",151,127,118.8976377952756
SO Hetmyer,Sharjah Cricket Stadium,88,52,169.23076923076923
SO Hetmyer,Sheikh Zayed Stadium,73,41,178.0487804878049
SO Hetmyer,Wankhede Stadium,168,112,150.0
SO Hetmyer,"Zayed Cricket Stadium, Abu Dhabi",28,17,164.70588235294116
SP Fleming,Eden Gardens,32,21,152.38095238095238
SP Fleming,Feroz Shah Kotla,44,30,146.66666666666666
SP Fleming,MA Chidambaram Stadium,80,79,101.26582278481013
SP Fleming,Rajiv Gandhi International Stadium,14,10,140.0
SP Fleming,Sawai Mansingh Stadium,0,2,0.0
SP Fleming,Wankhede Stadium,26,29,89.65517241379311
SP Goswami,Dr DY Patil Sports Academy,6,3,200.0
SP Goswami,Eden Gardens,33,36,91.66666666666666
SP Goswami,Feroz Shah Kotla,22,21,104.76190476190477
SP Goswami,Kingsmead,53,64,82.8125
SP Goswami,M Chinnaswamy Stadium,72,67,107.46268656716418
SP Goswami,MA Chidambaram Stadium,10,19,52.63157894736842
SP Goswami,Rajiv Gandhi International Stadium,38,31,122.58064516129032
SP Goswami,Sawai Mansingh Stadium,42,43,97.67441860465115
SP Goswami,Sheikh Zayed Stadium,0,5,0.0
SP Goswami,Wankhede Stadium,17,18,94.44444444444444
SP Jackson,"Brabourne Stadium, Mumbai",15,15,100.0
SP Jackson,"Dr DY Patil Sports Academy, Mumbai",5,8,62.5
SP Jackson,Eden Gardens,22,14,157.14285714285714
SP Jackson,Rajiv Gandhi International Stadium,16,17,94.11764705882352
SP Jackson,Wankhede Stadium,3,3,100.0
SP Narine,Arun Jaitley Stadium,88,51,172.54901960784315
SP Narine,"Bharat Ratna Shri Atal Bihari Vajpayee Ekana Cricket Stadium, Lucknow",85,46,184.7826086956522
SP Narine,"Brabourne Stadium, Mumbai",10,4,250.0
SP Narine,"Dr DY Patil Sports Academy, Mumbai",38,21,180.95238095238096
SP Narine,"Dr. Y.S. Rajasekhara Reddy ACA-VDCA Cricket Stadium, Visakhapatnam",85,42,202.38095238095238
SP Narine,Dubai International Cricket Stadium,27,30,90.0
SP Narine,Eden Gardens,710,464,153.01724137931035
SP Narine,Feroz Shah Kotla,6,8,75.0
SP Narine,Green Park,2,7,28.57142857142857
SP Narine,Holkar Cricket Stadium,75,37,202.7027027027027
SP Narine,JSCA International Stadium Complex,1,1,100.0
SP Narine,M Chinnaswamy Stadium,151,87,173.5632183908046
SP Narine,MA Chidambaram Stadium,119,72,165.27777777777777
SP Narine,"Maharaja Yadavindra Singh International Cricket Stadium, Mullanpur",5,4,125.0
SP Narine,Maharashtra Cricket Association Stadium,16,12,133.33333333333331
SP Narine,"Maharashtra Cricket Association Stadium, Pune",23,14,164.28571428571428
SP Narine,"Narendra Modi Stadium, Ahmedabad",21,29,72.41379310344827
SP Narine,"Punjab Cricket Association IS Bindra Stadium, Mohali",18,10,180.0
SP Narine,"Punjab Cricket Association IS Bindra Stadium, Mohali, Chandigarh",7,2,350.0
SP Narine,"Punjab Cricket Association Stadium, Mohali",1,3,33.33333333333333
SP Narine,Rajiv Gandhi International Stadium,57,28,203.57142857142856
SP Narine,Sawai Mansingh Stadium,84,55,152.72727272727275
SP Narine,Sharjah Cricket Stadium,56,39,143.5897435897436
SP Narine,Sheikh Zayed Stadium,97,67,144.77611940298507
SP Narine,Wankhede Stadium,38,44,86.36363636363636
SP Narine,"Zayed Cricket Stadium, Abu Dhabi",0,1,0.0
SPD Smith,Barabati Stadium,47,27,174.07407407407408
SPD Smith,Brabourne Stadium,82,51,160.7843137254902
SPD Smith,Dr. Y.S. Rajasekhara Reddy ACA-VDCA Cricket Stadium,13,11,118.18181818181819
SPD Smith,Dubai International Cricket Stadium,108,92,117.3913043478261
SPD Smith,Eden Gardens,25,31,80.64516129032258
SPD Smith,Feroz Shah Kotla,82,58,141.3793103448276
SPD Smith,Holkar Cricket Stadium,26,28,92.85714285714286
SPD Smith,JSCA International Stadium Complex,9,8,112.5
SPD Smith,M Chinnaswamy Stadium,132,94,140.4255319148936
SPD Smith,MA Chidambaram Stadium,161,132,121.96969696969697
SPD Smith,Maharashtra Cricket Association Stadium,469,337,139.16913946587536
SPD Smith,"Narendra Modi Stadium, Ahmedabad",28,27,103.7037037037037
SPD Smith,"Punjab Cricket Association IS Bindra Stadium, Mohali",38,27,140.74074074074073
SPD Smith,"Punjab Cricket Association Stadium, Mohali",19,22,86.36363636363636
SPD Smith,Rajiv Gandhi International Stadium,131,134,97.76119402985076
SPD Smith,"Sardar Patel Stadium, Motera",146,128,114.0625
SPD Smith,Saurashtra Cricket Association Stadium,48,36,133.33333333333331
SPD Smith,Sawai Mansingh Stadium,314,260,120.76923076923076
SPD Smith,Shaheed Veer Narayan Singh International Stadium,17,8,212.5
SPD Smith,Sharjah Cricket Stadium,218,157,138.85350318471336
SPD Smith,Sheikh Zayed Stadium,103,89,115.73033707865167
SPD Smith,Subrata Roy Sahara Stadium,178,147,121.08843537414967
SPD Smith,Wankhede Stadium,101,95,106.3157894736842
SR Dubey,Eden Gardens,4,2,200.0
SR Tendulkar,Brabourne Stadium,189,157,120.38216560509554
SR Tendulkar,"Brabourne Stadium, Mumbai",72,54,133.33333333333331
SR Tendulkar,Buffalo Park,49,47,104.25531914893618
SR Tendulkar,Dr DY Patil Sports Academy,136,129,105.4263565891473
SR Tendulkar,Eden Gardens,42,36,116.66666666666667
SR Tendulkar,Feroz Shah Kotla,188,162,116.0493827160494
SR Tendulkar,Kingsmead,77,66,116.66666666666667
SR Tendulkar,M Chinnaswamy Stadium,148,144,102.77777777777777
SR Tendulkar,MA Chidambaram Stadium,101,77,131.1688311688312
SR Tendulkar,New Wanderers Stadium,11,11,100.0
SR Tendulkar,Newlands,59,49,120.40816326530613
SR Tendulkar,"Punjab Cricket Association Stadium, Mohali",69,63,109.52380952380953
SR Tendulkar,Rajiv Gandhi International Stadium,65,59,110.16949152542372
SR Tendulkar,Sawai Mansingh Stadium,185,165,112.12121212121211
SR Tendulkar,St George's Park,79,65,121.53846153846153
SR Tendulkar,Subrata Roy Sahara Stadium,49,51,96.07843137254902
SR Tendulkar,SuperSport Park,89,77,115.5844155844156
SR Tendulkar,Wankhede Stadium,726,632,114.87341772151898
SR Watson,Arun Jaitley Stadium,58,50,115.99999999999999
SR Watson,Brabourne Stadium,137,100,137.0
SR Watson,Dr DY Patil Sports Academy,60,42,142.85714285714286
SR Watson,Dr. Y.S. Rajasekhara Reddy ACA-VDCA Cricket Stadium,50,34,147.05882352941177
SR Watson,Dubai International Cricket Stadium,175,161,108.69565217391303
SR Watson,Eden Gardens,157,133,118.04511278195488
SR Watson,Feroz Shah Kotla,65,45,144.44444444444443
SR Watson,Holkar Cricket Stadium,21,17,123.52941176470588
SR Watson,JSCA International Stadium Complex,51,39,130.76923076923077
SR Watson,M Chinnaswamy Stadium,271,207,130.91787439613526
SR Watson,MA Chidambaram Stadium,433,302,143.37748344370863
SR Watson,Maharashtra Cricket Association Stadium,275,165,166.66666666666669
SR Watson,Punjab Cricket Association IS Bindra Stadium,18,22,81.81818181818183
SR Watson,"Punjab Cricket Association IS Bindra Stadium, Mohali",1,3,33.33333333333333
SR Watson,"Punjab Cricket Association Stadium, Mohali",113,79,143.03797468354432
SR Watson,Rajiv Gandhi International Stadium,172,167,102.9940119760479
SR Watson,"Sardar Patel Stadium, Motera",191,148,129.05405405405406
SR Watson,Saurashtra Cricket Association Stadium,6,6,100.0
SR Watson,Sawai Mansingh Stadium,875,639,136.93270735524257
SR Watson,Shaheed Veer Narayan Singh International Stadium,14,18,77.77777777777779
SR Watson,Sharjah Cricket Stadium,119,80,148.75
SR Watson,Sheikh Zayed Stadium,128,107,119.62616822429905
SR Watson,Subrata Roy Sahara Stadium,90,51,176.47058823529412
SR Watson,"Vidarbha Cricket Association Stadium, Jamtha",58,38,152.63157894736844
SR Watson,Wankhede Stadium,342,239,143.09623430962344
SS Cottrell,Dubai International Cricket Stadium,0,2,0.0
SS Iyer,Arun Jaitley Stadium,567,437,129.7482837528604
SS Iyer,"Bharat Ratna Shri Atal Bihari Vajpayee Ekana Cricket Stadium, Lucknow",176,101,174.25742574257427
SS Iyer,Brabourne Stadium,9,12,75.0
SS Iyer,"Brabourne Stadium, Mumbai",167,116,143.9655172413793
SS Iyer,"Dr DY Patil Sports Academy, Mumbai",81,64,126.5625
SS Iyer,Dr. Y.S. Rajasekhara Reddy ACA-VDCA Cricket Stadium,89,81,109.87654320987654
SS Iyer,"Dr. Y.S. Rajasekhara Reddy ACA-VDCA Cricket Stadium, Visakhapatnam",18,11,163.63636363636365
SS Iyer,Dubai International Cricket Stadium,320,304,105.26315789473684
SS Iyer,Eden Gardens,289,232,124.56896551724137
SS Iyer,Feroz Shah Kotla,363,301,120.59800664451828
SS Iyer,Green Park,96,57,168.42105263157893
SS Iyer,"Himachal Pradesh Cricket Association Stadium, Dharamsala",109,70,155.71428571428572
SS Iyer,M Chinnaswamy Stadium,185,144,128.47222222222223
SS Iyer,MA Chidambaram Stadium,213,148,143.91891891891893
SS Iyer,"Maharaja Yadavindra Singh International Cricket Stadium, Mullanpur",27,28,96.42857142857143
SS Iyer,"Maharaja Yadavindra Singh International Cricket Stadium, New Chandigarh",122,78,156.4102564102564
SS Iyer,Maharashtra Cricket Association Stadium,19,21,90.47619047619048
SS Iyer,"Maharashtra Cricket Association Stadium, Pune",31,24,129.16666666666669
SS Iyer,"Narendra Modi Stadium, Ahmedabad",262,135,194.07407407407408
SS Iyer,Punjab Cricket Association IS Bindra Stadium,39,37,105.40540540540539
SS Iyer,"Punjab Cricket Association IS Bindra Stadium, Mohali",6,7,85.71428571428571
SS Iyer,Rajiv Gandhi International Stadium,226,152,148.6842105263158
SS Iyer,Sawai Mansingh Stadium,4,5,80.0
SS Iyer,"Sawai Mansingh Stadium, Jaipur",109,77,141.55844155844156
SS Iyer,Shaheed Veer Narayan Singh International Stadium,70,56,125.0
SS Iyer,Sharjah Cricket Stadium,197,150,131.33333333333331
SS Iyer,Sheikh Zayed Stadium,134,126,106.34920634920636
SS Iyer,Wankhede Stadium,262,203,129.064039408867
SS Iyer,"Zayed Cricket Stadium, Abu Dhabi",43,34,126.47058823529412
SS Mishra,"Maharaja Yadavindra Singh International Cricket Stadium, New Chandigarh",1,3,33.33333333333333
SS Prabhudessai,"Bharat Ratna Shri Atal Bihari Vajpayee Ekana Cricket Stadium, Lucknow",6,7,85.71428571428571
SS Prabhudessai,"Brabourne Stadium, Mumbai",15,22,68.18181818181817
SS Prabhudessai,"Dr DY Patil Sports Academy, Mumbai",44,28,157.14285714285714
SS Prabhudessai,Eden Gardens,24,19,126.3157894736842
SS Prabhudessai,M Chinnaswamy Stadium,29,25,115.99999999999999
SS Prabhudessai,"Maharashtra Cricket Association Stadium, Pune",2,7,28.57142857142857
SS Prabhudessai,Wankhede Stadium,6,5,120.0
SS Shaikh,Kingsmead,6,7,85.71428571428571
SS Tiwary,Brabourne Stadium,249,182,136.8131868131868
SS Tiwary,"Brabourne Stadium, Mumbai",2,3,66.66666666666666
SS Tiwary,Dr DY Patil Sports Academy,65,46,141.30434782608697
SS Tiwary,Dr. Y.S. Rajasekhara Reddy ACA-VDCA Cricket Stadium,26,26,100.0
SS Tiwary,Dubai International Cricket Stadium,50,41,121.95121951219512
SS Tiwary,Eden Gardens,154,135,114.07407407407408
SS Tiwary,Feroz Shah Kotla,105,82,128.0487804878049
SS Tiwary,Himachal Pradesh Cricket Association Stadium,6,14,42.857142857142854
SS Tiwary,JSCA International Stadium Complex,1,3,33.33333333333333
SS Tiwary,Kingsmead,6,4,150.0
SS Tiwary,M Chinnaswamy Stadium,243,225,108.0
SS Tiwary,MA Chidambaram Stadium,86,87,98.85057471264368
SS Tiwary,Maharashtra Cricket Association Stadium,58,50,115.99999999999999
SS Tiwary,Nehru Stadium,26,25,104.0
SS Tiwary,"Punjab Cricket Association Stadium, Mohali",25,22,113.63636363636364
SS Tiwary,Rajiv Gandhi International Stadium,37,37,100.0
SS Tiwary,Sawai Mansingh Stadium,23,20,114.99999999999999
SS Tiwary,Shaheed Veer Narayan Singh International Stadium,26,26,100.0
SS Tiwary,Sharjah Cricket Stadium,16,22,72.72727272727273
SS Tiwary,Sheikh Zayed Stadium,102,78,130.76923076923077
SS Tiwary,St George's Park,4,3,133.33333333333331
SS Tiwary,Subrata Roy Sahara Stadium,88,78,112.82051282051282
SS Tiwary,SuperSport Park,3,5,60.0
SS Tiwary,Wankhede Stadium,43,38,113.1578947368421
SS Tiwary,"Zayed Cricket Stadium, Abu Dhabi",50,39,128.2051282051282
ST Jayasuriya,Brabourne Stadium,25,21,119.04761904761905
ST Jayasuriya,Buffalo Park,6,9,66.66666666666666
ST Jayasuriya,Dr DY Patil Sports Academy,70,59,118.64406779661016
ST Jayasuriya,Eden Gardens,18,10,180.0
ST Jayasuriya,Feroz Shah Kotla,73,56,130.35714285714286
ST Jayasuriya,Kingsmead,17,33,51.515151515151516
ST Jayasuriya,M Chinnaswamy Stadium,54,39,138.46153846153845
ST Jayasuriya,MA Chidambaram Stadium,20,12,166.66666666666669
ST Jayasuriya,New Wanderers Stadium,52,44,118.18181818181819
ST Jayasuriya,Newlands,26,20,130.0
ST Jayasuriya,"Punjab Cricket Association Stadium, Mohali",1,7,14.285714285714285
ST Jayasuriya,Rajiv Gandhi International Stadium,36,16,225.0
ST Jayasuriya,Sawai Mansingh Stadium,39,42,92.85714285714286
ST Jayasuriya,St George's Park,111,81,137.03703703703704
ST Jayasuriya,SuperSport Park,9,18,50.0
ST Jayasuriya,Wankhede Stadium,211,106,199.0566037735849
STR Binny,Arun Jaitley Stadium,0,1,0.0
STR Binny,Brabourne Stadium,3,3,100.0
STR Binny,Dr. Y.S. Rajasekhara Reddy ACA-VDCA Cricket Stadium,16,14,114.28571428571428
STR Binny,Dubai International Cricket Stadium,8,11,72.72727272727273
STR Binny,Eden Gardens,58,56,103.57142857142858
STR Binny,Feroz Shah Kotla,43,28,153.57142857142858
STR Binny,Holkar Cricket Stadium,18,20,90.0
STR Binny,JSCA International Stadium Complex,22,17,129.41176470588235
STR Binny,M Chinnaswamy Stadium,120,80,150.0
STR Binny,MA Chidambaram Stadium,43,30,143.33333333333334
STR Binny,Maharashtra Cricket Association Stadium,24,35,68.57142857142857
STR Binny,Punjab Cricket Association IS Bindra Stadium,33,11,300.0
STR Binny,"Punjab Cricket Association Stadium, Mohali",37,36,102.77777777777777
STR Binny,Rajiv Gandhi International Stadium,26,26,100.0
STR Binny,"Sardar Patel Stadium, Motera",57,64,89.0625
STR Binny,Sawai Mansingh Stadium,248,172,144.1860465116279
STR Binny,Shaheed Veer Narayan Singh International Stadium,16,12,133.33333333333331
STR Binny,Sharjah Cricket Stadium,12,8,150.0
STR Binny,Sheikh Zayed Stadium,48,33,145.45454545454547
STR Binny,Subrata Roy Sahara Stadium,1,5,20.0
STR Binny,Wankhede Stadium,47,38,123.6842105263158
SU Parakh,Arun Jaitley Stadium,9,10,90.0
SU Parakh,Eden Gardens,24,17,141.1764705882353
SU Parakh,"Himachal Pradesh Cricket Association Stadium, Dharamsala",13,6,216.66666666666666
SV Samson,Arun Jaitley Stadium,343,232,147.8448275862069
SV Samson,"Barsapara Cricket Stadium, Guwahati",99,80,123.75
SV Samson,"Bharat Ratna Shri Atal Bihari Vajpayee Ekana Cricket Stadium, Lucknow",91,56,162.5
SV Samson,Brabourne Stadium,29,19,152.63157894736844
SV Samson,"Brabourne Stadium, Mumbai",85,65,130.76923076923077
SV Samson,"Dr DY Patil Sports Academy, Mumbai",63,43,146.51162790697674
SV Samson,Dr. Y.S. Rajasekhara Reddy ACA-VDCA Cricket Stadium,42,55,76.36363636363637
SV Samson,Dubai International Cricket Stadium,226,183,123.49726775956285
SV Samson,Eden Gardens,306,215,142.32558139534882
SV Samson,Feroz Shah Kotla,329,285,115.43859649122807
SV Samson,Green Park,10,7,142.85714285714286
SV Samson,"Himachal Pradesh Cricket Association Stadium, Dharamsala",2,3,66.66666666666666
SV Samson,Holkar Cricket Stadium,28,23,121.73913043478262
SV Samson,M Chinnaswamy Stadium,186,113,164.60176991150442
SV Samson,MA Chidambaram Stadium,306,212,144.33962264150944
SV Samson,"Maharaja Yadavindra Singh International Cricket Stadium, Mullanpur",56,40,140.0
SV Samson,Maharashtra Cricket Association Stadium,114,81,140.74074074074073
SV Samson,"Maharashtra Cricket Association Stadium, Pune",82,51,160.7843137254902
SV Samson,"Narendra Modi Stadium, Ahmedabad",155,107,144.85981308411215
SV Samson,Punjab Cricket Association IS Bindra Stadium,27,22,122.72727272727273
SV Samson,"Punjab Cricket Association IS Bindra Stadium, Mohali",54,50,108.0
SV Samson,"Punjab Cricket Association Stadium, Mohali",77,62,124.19354838709677
SV Samson,Rajiv Gandhi International Stadium,360,244,147.54098360655738
SV Samson,"Sardar Patel Stadium, Motera",121,106,114.15094339622642
SV Samson,Saurashtra Cricket Association Stadium,19,13,146.15384615384613
SV Samson,Sawai Mansingh Stadium,398,303,131.35313531353134
SV Samson,"Sawai Mansingh Stadium, Jaipur",426,302,141.05960264900662
SV Samson,Shaheed Veer Narayan Singh International Stadium,20,16,125.0
SV Samson,Sharjah Cricket Stadium,220,130,169.23076923076923
SV Samson,Sheikh Zayed Stadium,131,104,125.96153846153845
SV Samson,Wankhede Stadium,678,466,145.49356223175965
SV Samson,"Zayed Cricket Stadium, Abu Dhabi",98,82,119.51219512195121
SW Billings,Arun Jaitley Stadium,1,5,20.0
SW Billings,"Brabourne Stadium, Mumbai",15,9,166.66666666666669
SW Billings,"Dr DY Patil Sports Academy, Mumbai",54,46,117.3913043478261
SW Billings,Feroz Shah Kotla,154,109,141.28440366972478
SW Billings,M Chinnaswamy Stadium,34,26,130.76923076923077
SW Billings,MA Chidambaram Stadium,56,23,243.47826086956525
SW Billings,Maharashtra Cricket Association Stadium,30,32,93.75
SW Billings,"Maharashtra Cricket Association Stadium, Pune",51,43,118.6046511627907
SW Billings,Punjab Cricket Association IS Bindra Stadium,9,8,112.5
SW Billings,"Punjab Cricket Association IS Bindra Stadium, Mohali",6,11,54.54545454545454
SW Billings,Rajiv Gandhi International Stadium,13,14,92.85714285714286
SW Billings,Sawai Mansingh Stadium,27,22,122.72727272727273
SW Billings,Shaheed Veer Narayan Singh International Stadium,4,6,66.66666666666666
SW Billings,Wankhede Stadium,49,45,108.88888888888889
SW Tait,Eden Gardens,0,1,0.0
SW Tait,Feroz Shah Kotla,11,12,91.66666666666666
SW Tait,Holkar Cricket Stadium,10,9,111.11111111111111
SW Tait,M Chinnaswamy Stadium,1,3,33.33333333333333
SW Tait,"Sardar Patel Stadium, Motera",1,1,100.0
SZ Mulani,"Narendra Modi Stadium, Ahmedabad",1,1,100.0
Sachin Baby,Feroz Shah Kotla,12,10,120.0
Sachin Baby,M Chinnaswamy Stadium,59,35,168.57142857142858
Sachin Baby,Maharashtra Cricket Association Stadium,2,4,50.0
Sachin Baby,"Punjab Cricket Association IS Bindra Stadium, Mohali",33,31,106.4516129032258
Sachin Baby,Rajiv Gandhi International Stadium,31,26,119.23076923076923
Sachin Baby,"Zayed Cricket Stadium, Abu Dhabi",7,17,41.17647058823529
Sakib Hussain,"Maharaja Yadavindra Singh International Cricket Stadium, New Chandigarh",5,7,71.42857142857143
Salil Arora,"Maharaja Yadavindra Singh International Cricket Stadium, New Chandigarh",35,25,140.0
Salman Butt,Eden Gardens,169,145,116.55172413793105
Salman Butt,Rajiv Gandhi International Stadium,4,4,100.0
Salman Butt,Sawai Mansingh Stadium,7,8,87.5
Salman Butt,Wankhede Stadium,13,15,86.66666666666667
Sameer Rizvi,Arun Jaitley Stadium,133,87,152.8735632183908
Sameer Rizvi,"Bharat Ratna Shri Atal Bihari Vajpayee Ekana Cricket Stadium, Lucknow",71,56,126.78571428571428
Sameer Rizvi,"Dr. Y.S. Rajasekhara Reddy ACA-VDCA Cricket Stadium, Visakhapatnam",4,5,80.0
Sameer Rizvi,M Chinnaswamy Stadium,2,3,66.66666666666666
Sameer Rizvi,MA Chidambaram Stadium,76,63,120.63492063492063
Sameer Rizvi,Rajiv Gandhi International Stadium,41,28,146.42857142857142
Sameer Rizvi,"Sawai Mansingh Stadium, Jaipur",58,27,214.81481481481484
Sameer Rizvi,Wankhede Stadium,39,35,111.42857142857143
Sandeep Sharma,Arun Jaitley Stadium,8,6,133.33333333333331
Sandeep Sharma,Dubai International Cricket Stadium,10,11,90.9090909090909
Sandeep Sharma,Eden Gardens,1,1,100.0
Sandeep Sharma,Feroz Shah Kotla,3,4,75.0
Sandeep Sharma,M Chinnaswamy Stadium,12,14,85.71428571428571
Sandeep Sharma,MA Chidambaram Stadium,1,4,25.0
Sandeep Sharma,"Narendra Modi Stadium, Ahmedabad",6,6,100.0
Sandeep Sharma,"Punjab Cricket Association Stadium, Mohali",1,2,50.0
Sandeep Sharma,Rajiv Gandhi International Stadium,11,12,91.66666666666666
Sandeep Sharma,Saurashtra Cricket Association Stadium,1,1,100.0
Sandeep Sharma,"Sawai Mansingh Stadium, Jaipur",2,7,28.57142857142857
Sandeep Sharma,Sharjah Cricket Stadium,0,1,0.0
Sandeep Sharma,Sheikh Zayed Stadium,4,9,44.44444444444444
Sandeep Sharma,Wankhede Stadium,0,1,0.0
Sanvir Singh,"Narendra Modi Stadium, Ahmedabad",7,7,100.0
Sanvir Singh,Rajiv Gandhi International Stadium,6,4,150.0
Sanvir Singh,Wankhede Stadium,12,11,109.09090909090908
Saurav Chauhan,M Chinnaswamy Stadium,0,1,0.0
Saurav Chauhan,"Sawai Mansingh Stadium, Jaipur",9,6,150.0
Saurav Chauhan,Wankhede Stadium,9,9,100.0
Sediqullah Atal,"Sawai Mansingh Stadium, Jaipur",22,16,137.5
Shahbaz Ahmed,Arun Jaitley Stadium,59,29,203.44827586206895
Shahbaz Ahmed,"Bharat Ratna Shri Atal Bihari Vajpayee Ekana Cricket Stadium, Lucknow",15,16,93.75
Shahbaz Ahmed,"Brabourne Stadium, Mumbai",18,29,62.06896551724138
Shahbaz Ahmed,"Dr DY Patil Sports Academy, Mumbai",94,76,123.6842105263158
Shahbaz Ahmed,"Dr. Y.S. Rajasekhara Reddy ACA-VDCA Cricket Stadium, Visakhapatnam",9,8,112.5
Shahbaz Ahmed,Dubai International Cricket Stadium,1,3,33.33333333333333
Shahbaz Ahmed,Eden Gardens,17,10,170.0
Shahbaz Ahmed,M Chinnaswamy Stadium,36,33,109.09090909090908
Shahbaz Ahmed,MA Chidambaram Stadium,91,72,126.38888888888889
Shahbaz Ahmed,"Maharaja Yadavindra Singh International Cricket Stadium, Mullanpur",14,8,175.0
Shahbaz Ahmed,"Maharashtra Cricket Association Stadium, Pune",18,29,62.06896551724138
Shahbaz Ahmed,"Narendra Modi Stadium, Ahmedabad",42,42,100.0
Shahbaz Ahmed,"Punjab Cricket Association IS Bindra Stadium, Mohali, Chandigarh",5,3,166.66666666666669
Shahbaz Ahmed,Rajiv Gandhi International Stadium,61,64,95.3125
Shahbaz Ahmed,Sharjah Cricket Stadium,21,19,110.5263157894737
Shahbaz Ahmed,Sheikh Zayed Stadium,1,1,100.0
Shahbaz Ahmed,Wankhede Stadium,87,65,133.84615384615384
Shahbaz Ahmed,"Zayed Cricket Stadium, Abu Dhabi",14,9,155.55555555555557
Shahid Afridi,Feroz Shah Kotla,33,14,235.71428571428572
Shahid Afridi,M Chinnaswamy Stadium,1,2,50.0
Shahid Afridi,MA Chidambaram Stadium,20,6,333.33333333333337
Shahid Afridi,Rajiv Gandhi International Stadium,26,21,123.80952380952381
Shahid Afridi,Sawai Mansingh Stadium,1,3,33.33333333333333
Shakib Al Hasan,Barabati Stadium,9,8,112.5
Shakib Al Hasan,Brabourne Stadium,13,14,92.85714285714286
Shakib Al Hasan,Dubai International Cricket Stadium,30,24,125.0
Shakib Al Hasan,Eden Gardens,295,227,129.95594713656388
Shakib Al Hasan,Green Park,3,8,37.5
Shakib Al Hasan,JSCA International Stadium Complex,0,1,0.0
Shakib Al Hasan,M Chinnaswamy Stadium,16,13,123.07692307692308
Shakib Al Hasan,MA Chidambaram Stadium,49,47,104.25531914893618
Shakib Al Hasan,Maharashtra Cricket Association Stadium,11,15,73.33333333333333
Shakib Al Hasan,Punjab Cricket Association IS Bindra Stadium,24,15,160.0
Shakib Al Hasan,"Punjab Cricket Association IS Bindra Stadium, Mohali",11,15,73.33333333333333
Shakib Al Hasan,Rajiv Gandhi International Stadium,109,102,106.86274509803921
Shakib Al Hasan,"Sardar Patel Stadium, Motera",21,15,140.0
Shakib Al Hasan,Sawai Mansingh Stadium,15,17,88.23529411764706
Shakib Al Hasan,Sharjah Cricket Stadium,9,8,112.5
Shakib Al Hasan,Sheikh Zayed Stadium,32,24,133.33333333333331
Shakib Al Hasan,Subrata Roy Sahara Stadium,43,33,130.3030303030303
Shakib Al Hasan,Wankhede Stadium,105,79,132.91139240506328
Shashank Singh,Arun Jaitley Stadium,19,11,172.72727272727272
Shashank Singh,"Barsapara Cricket Stadium, Guwahati",0,2,0.0
Shashank Singh,"Bharat Ratna Shri Atal Bihari Vajpayee Ekana Cricket Stadium, Lucknow",9,7,128.57142857142858
Shashank Singh,"Brabourne Stadium, Mumbai",10,6,166.66666666666669
Shashank Singh,Eden Gardens,68,29,234.48275862068962
Shashank Singh,"Himachal Pradesh Cricket Association Stadium, Dharamsala",155,93,166.66666666666669
Shashank Singh,M Chinnaswamy Stadium,22,13,169.23076923076923
Shashank Singh,MA Chidambaram Stadium,62,46,134.7826086956522
Shashank Singh,"Maharaja Yadavindra Singh International Cricket Stadium, Mullanpur",218,185,117.83783783783784
Shashank Singh,"Maharaja Yadavindra Singh International Cricket Stadium, New Chandigarh",37,21,176.19047619047618
Shashank Singh,"Maharashtra Cricket Association Stadium, Pune",26,26,100.0
Shashank Singh,"Narendra Modi Stadium, Ahmedabad",168,80,210.0
Shashank Singh,Rajiv Gandhi International Stadium,8,11,72.72727272727273
Shashank Singh,"Sawai Mansingh Stadium, Jaipur",70,43,162.7906976744186
Shashank Singh,Wankhede Stadium,33,15,220.00000000000003
Shivam Mavi,Arun Jaitley Stadium,0,3,0.0
Shivam Mavi,"Brabourne Stadium, Mumbai",0,1,0.0
Shivam Mavi,"Dr DY Patil Sports Academy, Mumbai",2,4,50.0
Shivam Mavi,Dubai International Cricket Stadium,20,14,142.85714285714286
Shivam Mavi,Eden Gardens,13,12,108.33333333333333
Shivam Mavi,"Maharashtra Cricket Association Stadium, Pune",1,3,33.33333333333333
Shivam Mavi,Sharjah Cricket Stadium,1,3,33.33333333333333
Shivam Mavi,Sheikh Zayed Stadium,9,11,81.81818181818183
Shivam Mavi,Wankhede Stadium,5,7,71.42857142857143
Shivam Sharma,M Chinnaswamy Stadium,4,2,200.0
Shivam Sharma,"Punjab Cricket Association Stadium, Mohali",1,1,100.0
Shivam Singh,Rajiv Gandhi International Stadium,2,3,66.66666666666666
Shivang Kumar,Eden Gardens,4,2,200.0
Shivang Kumar,"Maharaja Yadavindra Singh International Cricket Stadium, New Chandigarh",27,27,100.0
Shivang Kumar,"Narendra Modi Stadium, Ahmedabad",4,6,66.66666666666666
Shivang Kumar,Rajiv Gandhi International Stadium,18,15,120.0
Shoaib Ahmed,Buffalo Park,1,2,50.0
Shoaib Ahmed,Kingsmead,0,1,0.0
Shoaib Ahmed,SuperSport Park,0,3,0.0
Shoaib Akhtar,Wankhede Stadium,2,8,25.0
Shoaib Malik,Dr DY Patil Sports Academy,24,22,109.09090909090908
Shoaib Malik,Feroz Shah Kotla,9,8,112.5
Shoaib Malik,"Punjab Cricket Association Stadium, Mohali",19,19,100.0
Shubman Gill,Arun Jaitley Stadium,224,153,146.40522875816993
Shubman Gill,"Bharat Ratna Shri Atal Bihari Vajpayee Ekana Cricket Stadium, Lucknow",135,104,129.80769230769232
Shubman Gill,"Brabourne Stadium, Mumbai",179,126,142.06349206349208
Shubman Gill,"Dr DY Patil Sports Academy, Mumbai",36,35,102.85714285714285
Shubman Gill,Dubai International Cricket Stadium,224,181,123.75690607734806
Shubman Gill,Eden Gardens,594,404,147.02970297029702
Shubman Gill,"Himachal Pradesh Cricket Association Stadium, Dharamsala",2,7,28.57142857142857
Shubman Gill,Holkar Cricket Stadium,16,8,200.0
Shubman Gill,M Chinnaswamy Stadium,160,108,148.14814814814815
Shubman Gill,MA Chidambaram Stadium,161,129,124.8062015503876
Shubman Gill,"Maharaja Yadavindra Singh International Cricket Stadium, Mullanpur",35,29,120.6896551724138
Shubman Gill,"Maharaja Yadavindra Singh International Cricket Stadium, New Chandigarh",144,89,161.79775280898875
Shubman Gill,"Maharashtra Cricket Association Stadium, Pune",147,99,148.4848484848485
Shubman Gill,"Narendra Modi Stadium, Ahmedabad",1384,875,158.17142857142855
Shubman Gill,Punjab Cricket Association IS Bindra Stadium,65,50,130.0
Shubman Gill,"Punjab Cricket Association IS Bindra Stadium, Mohali, Chandigarh",67,49,136.73469387755102
Shubman Gill,Rajiv Gandhi International Stadium,64,47,136.17021276595744
Shubman Gill,Sawai Mansingh Stadium,6,11,54.54545454545454
Shubman Gill,"Sawai Mansingh Stadium, Jaipur",276,184,150.0
Shubman Gill,Sharjah Cricket Stadium,280,240,116.66666666666667
Shubman Gill,Sheikh Zayed Stadium,212,212,100.0
Shubman Gill,Wankhede Stadium,117,148,79.05405405405406
Shubman Gill,"Zayed Cricket Stadium, Abu Dhabi",70,51,137.2549019607843
Sikandar Raza,Arun Jaitley Stadium,11,8,137.5
Sikandar Raza,"Barsapara Cricket Stadium, Guwahati",1,2,50.0
Sikandar Raza,"Bharat Ratna Shri Atal Bihari Vajpayee Ekana Cricket Stadium, Lucknow",57,44,129.54545454545453
Sikandar Raza,MA Chidambaram Stadium,13,8,162.5
Sikandar Raza,"Maharaja Yadavindra Singh International Cricket Stadium, Mullanpur",28,22,127.27272727272727
Sikandar Raza,"Narendra Modi Stadium, Ahmedabad",15,17,88.23529411764706
Sikandar Raza,"Punjab Cricket Association IS Bindra Stadium, Mohali, Chandigarh",52,35,148.57142857142858
Sikandar Raza,Rajiv Gandhi International Stadium,5,7,71.42857142857143
Simarjeet Singh,"Brabourne Stadium, Mumbai",3,3,100.0
Simarjeet Singh,Eden Gardens,0,1,0.0
Simarjeet Singh,"Maharashtra Cricket Association Stadium, Pune",2,2,100.0
Simarjeet Singh,Rajiv Gandhi International Stadium,3,6,50.0
Simarjeet Singh,Wankhede Stadium,2,3,66.66666666666666
Sohail Tanvir,Dr DY Patil Sports Academy,15,15,100.0
Sohail Tanvir,Eden Gardens,13,8,162.5
Sohail Tanvir,Sawai Mansingh Stadium,3,3,100.0
Sohail Tanvir,Wankhede Stadium,5,5,100.0
Sumit Kumar,"Dr. Y.S. Rajasekhara Reddy ACA-VDCA Cricket Stadium, Visakhapatnam",7,7,100.0
Sumit Kumar,"Maharaja Yadavindra Singh International Cricket Stadium, Mullanpur",2,10,20.0
Sumit Kumar,"Narendra Modi Stadium, Ahmedabad",9,9,100.0
Sunny Gupta,MA Chidambaram Stadium,0,1,0.0
Sunny Singh,Dr DY Patil Sports Academy,12,6,200.0
Sunny Singh,Feroz Shah Kotla,2,4,50.0
Sunny Singh,M Chinnaswamy Stadium,4,5,80.0
Sunny Singh,"Punjab Cricket Association Stadium, Mohali",25,16,156.25
Suryansh Shedge,"Bharat Ratna Shri Atal Bihari Vajpayee Ekana Cricket Stadium, Lucknow",9,7,128.57142857142858
Suryansh Shedge,"Himachal Pradesh Cricket Association Stadium, Dharamsala",64,37,172.97297297297297
Suryansh Shedge,MA Chidambaram Stadium,1,4,25.0
Suryansh Shedge,"Maharaja Yadavindra Singh International Cricket Stadium, Mullanpur",6,8,75.0
Suryansh Shedge,"Maharaja Yadavindra Singh International Cricket Stadium, New Chandigarh",3,2,150.0
Suryansh Shedge,"Narendra Modi Stadium, Ahmedabad",57,29,196.55172413793102
Suryansh Shedge,Rajiv Gandhi International Stadium,25,17,147.05882352941177
Swapnil Singh,Eden Gardens,0,1,0.0
Swapnil Singh,"Himachal Pradesh Cricket Association Stadium, Dharamsala",1,1,100.0
Swapnil Singh,M Chinnaswamy Stadium,15,11,136.36363636363635
Swapnil Singh,Maharashtra Cricket Association Stadium,10,17,58.82352941176471
Swapnil Singh,"Narendra Modi Stadium, Ahmedabad",11,8,137.5
Swapnil Singh,"Punjab Cricket Association IS Bindra Stadium, Mohali",2,2,100.0
Swapnil Singh,Rajiv Gandhi International Stadium,12,6,200.0
T Banton,Sharjah Cricket Stadium,8,14,57.14285714285714
T Banton,Sheikh Zayed Stadium,10,8,125.0
T Dahiya,Eden Gardens,12,15,80.0
T Henderson,Kingsmead,0,1,0.0
T Henderson,Newlands,11,15,73.33333333333333
T Kohler-Cadmore,"Barsapara Cricket Stadium, Guwahati",18,23,78.26086956521739
T Kohler-Cadmore,MA Chidambaram Stadium,10,16,62.5
T Kohler-Cadmore,"Narendra Modi Stadium, Ahmedabad",20,15,133.33333333333331
T Kohli,Feroz Shah Kotla,7,13,53.84615384615385
T Kohli,Kingsmead,1,4,25.0
T Kohli,MA Chidambaram Stadium,3,3,100.0
T Natarajan,Dubai International Cricket Stadium,3,5,60.0
T Natarajan,MA Chidambaram Stadium,1,2,50.0
T Shamsi,"Zayed Cricket Stadium, Abu Dhabi",2,4,50.0
T Stubbs,Arun Jaitley Stadium,338,203,166.5024630541872
T Stubbs,"Bharat Ratna Shri Atal Bihari Vajpayee Ekana Cricket Stadium, Lucknow",54,42,128.57142857142858
T Stubbs,"Dr. Y.S. Rajasekhara Reddy ACA-VDCA Cricket Stadium, Visakhapatnam",109,72,151.38888888888889
T Stubbs,Eden Gardens,4,8,50.0
T Stubbs,"Himachal Pradesh Cricket Association Stadium, Dharamsala",12,17,70.58823529411765
T Stubbs,M Chinnaswamy Stadium,101,75,134.66666666666666
T Stubbs,MA Chidambaram Stadium,104,73,142.46575342465752
T Stubbs,"Maharaja Yadavindra Singh International Cricket Stadium, Mullanpur",5,8,62.5
T Stubbs,"Narendra Modi Stadium, Ahmedabad",31,22,140.9090909090909
T Stubbs,Rajiv Gandhi International Stadium,68,52,130.76923076923077
T Stubbs,"Sawai Mansingh Stadium, Jaipur",80,52,153.84615384615387
T Stubbs,Wankhede Stadium,80,43,186.04651162790697
T Taibu,Eden Gardens,22,21,104.76190476190477
T Taibu,Rajiv Gandhi International Stadium,9,5,180.0
T Thushara,Kingsmead,1,5,20.0
T Thushara,Newlands,1,3,33.33333333333333
T Thushara,"Sardar Patel Stadium, Motera",2,3,66.66666666666666
T Thushara,"Vidarbha Cricket Association Stadium, Jamtha",8,8,100.0
TA Boult,Arun Jaitley Stadium,2,3,66.66666666666666
TA Boult,"Barsapara Cricket Stadium, Guwahati",13,11,118.18181818181819
TA Boult,"Brabourne Stadium, Mumbai",17,9,188.88888888888889
TA Boult,"Dr DY Patil Sports Academy, Mumbai",5,6,83.33333333333334
TA Boult,Dr. Y.S. Rajasekhara Reddy ACA-VDCA Cricket Stadium,6,3,200.0
TA Boult,Dubai International Cricket Stadium,0,3,0.0
TA Boult,Eden Gardens,5,11,45.45454545454545
TA Boult,"Himachal Pradesh Cricket Association Stadium, Dharamsala",1,2,50.0
TA Boult,MA Chidambaram Stadium,10,9,111.11111111111111
TA Boult,"Maharashtra Cricket Association Stadium, Pune",5,7,71.42857142857143
TA Boult,"Narendra Modi Stadium, Ahmedabad",11,8,137.5
TA Boult,"Sawai Mansingh Stadium, Jaipur",15,13,115.38461538461537
TA Boult,Sheikh Zayed Stadium,0,1,0.0
TA Boult,Wankhede Stadium,3,4,75.0
TD Paine,M Chinnaswamy Stadium,8,20,40.0
TD Paine,Wankhede Stadium,2,9,22.22222222222222
TG Southee,"Dr DY Patil Sports Academy, Mumbai",2,10,20.0
TG Southee,Dr. Y.S. Rajasekhara Reddy ACA-VDCA Cricket Stadium,4,7,57.14285714285714
TG Southee,Dubai International Cricket Stadium,4,4,100.0
TG Southee,Feroz Shah Kotla,8,5,160.0
TG Southee,M Chinnaswamy Stadium,11,12,91.66666666666666
TG Southee,Maharashtra Cricket Association Stadium,43,29,148.27586206896552
TG Southee,"Maharashtra Cricket Association Stadium, Pune",0,1,0.0
TG Southee,Sawai Mansingh Stadium,14,17,82.35294117647058
TG Southee,Sharjah Cricket Stadium,3,5,60.0
TG Southee,Wankhede Stadium,31,18,172.22222222222223
TH David,Arun Jaitley Stadium,69,35,197.14285714285717
TH David,"Barsapara Cricket Stadium, Guwahati",13,9,144.44444444444443
TH David,"Bharat Ratna Shri Atal Bihari Vajpayee Ekana Cricket Stadium, Lucknow",108,64,168.75
TH David,"Brabourne Stadium, Mumbai",56,30,186.66666666666666
TH David,"Dr DY Patil Sports Academy, Mumbai",34,22,154.54545454545453
TH David,Eden Gardens,0,3,0.0
TH David,"Himachal Pradesh Cricket Association Stadium, Dharamsala",32,20,160.0
TH David,M Chinnaswamy Stadium,284,168,169.04761904761904
TH David,MA Chidambaram Stadium,37,30,123.33333333333334
TH David,"Maharaja Yadavindra Singh International Cricket Stadium, Mullanpur",14,10,140.0
TH David,"Narendra Modi Stadium, Ahmedabad",46,39,117.94871794871796
TH David,"Punjab Cricket Association IS Bindra Stadium, Mohali, Chandigarh",19,10,190.0
TH David,Rajiv Gandhi International Stadium,73,42,173.80952380952382
TH David,"Sawai Mansingh Stadium, Jaipur",3,7,42.857142857142854
TH David,"Shaheed Veer Narayan Singh International Stadium, Raipur",2,5,40.0
TH David,Sharjah Cricket Stadium,1,3,33.33333333333333
TH David,Wankhede Stadium,360,200,180.0
TK Curran,Dubai International Cricket Stadium,54,37,145.94594594594594
TK Curran,Eden Gardens,21,23,91.30434782608695
TK Curran,MA Chidambaram Stadium,2,5,40.0
TK Curran,Sharjah Cricket Stadium,14,10,140.0
TK Curran,Sheikh Zayed Stadium,15,17,88.23529411764706
TK Curran,Wankhede Stadium,21,16,131.25
TL Seifert,"Bharat Ratna Shri Atal Bihari Vajpayee Ekana Cricket Stadium, Lucknow",0,3,0.0
TL Seifert,"Brabourne Stadium, Mumbai",21,16,131.25
TL Seifert,Dubai International Cricket Stadium,2,5,40.0
TL Seifert,Eden Gardens,0,1,0.0
TL Seifert,"Maharashtra Cricket Association Stadium, Pune",3,5,60.0
TL Seifert,"Narendra Modi Stadium, Ahmedabad",19,14,135.71428571428572
TL Suman,Barabati Stadium,55,41,134.14634146341464
TL Suman,Brabourne Stadium,11,17,64.70588235294117
TL Suman,Buffalo Park,17,17,100.0
TL Suman,De Beers Diamond Oval,56,36,155.55555555555557
TL Suman,Dr DY Patil Sports Academy,62,47,131.91489361702128
TL Suman,Dr. Y.S. Rajasekhara Reddy ACA-VDCA Cricket Stadium,5,9,55.55555555555556
TL Suman,Eden Gardens,19,15,126.66666666666666
TL Suman,Feroz Shah Kotla,5,6,83.33333333333334
TL Suman,Himachal Pradesh Cricket Association Stadium,43,33,130.3030303030303
TL Suman,Kingsmead,3,8,37.5
TL Suman,M Chinnaswamy Stadium,78,59,132.20338983050848
TL Suman,MA Chidambaram Stadium,10,5,200.0
TL Suman,Maharashtra Cricket Association Stadium,12,14,85.71428571428571
TL Suman,New Wanderers Stadium,41,37,110.8108108108108
TL Suman,"Punjab Cricket Association Stadium, Mohali",4,5,80.0
TL Suman,"Sardar Patel Stadium, Motera",9,16,56.25
TL Suman,St George's Park,41,31,132.25806451612902
TL Suman,Subrata Roy Sahara Stadium,17,29,58.620689655172406
TL Suman,SuperSport Park,79,64,123.4375
TL Suman,"Vidarbha Cricket Association Stadium, Jamtha",55,45,122.22222222222223
TL Suman,Wankhede Stadium,54,53,101.88679245283019
TM Dilshan,Buffalo Park,17,20,85.0
TM Dilshan,Eden Gardens,64,54,118.5185185185185
TM Dilshan,Feroz Shah Kotla,77,70,110.00000000000001
TM Dilshan,Kingsmead,129,81,159.25925925925927
TM Dilshan,M Chinnaswamy Stadium,326,310,105.16129032258064
TM Dilshan,MA Chidambaram Stadium,1,3,33.33333333333333
TM Dilshan,Nehru Stadium,1,5,20.0
TM Dilshan,New Wanderers Stadium,14,16,87.5
TM Dilshan,OUTsurance Oval,43,62,69.35483870967742
TM Dilshan,"Punjab Cricket Association Stadium, Mohali",0,3,0.0
TM Dilshan,Rajiv Gandhi International Stadium,16,31,51.61290322580645
TM Dilshan,"Sardar Patel Stadium, Motera",0,1,0.0
TM Dilshan,Sawai Mansingh Stadium,132,100,132.0
TM Dilshan,St George's Park,67,49,136.73469387755102
TM Dilshan,Subrata Roy Sahara Stadium,53,47,112.7659574468085
TM Dilshan,SuperSport Park,148,129,114.72868217054264
TM Dilshan,Wankhede Stadium,65,66,98.48484848484848
TM Head,Arun Jaitley Stadium,165,75,220.00000000000003
TM Head,"Bharat Ratna Shri Atal Bihari Vajpayee Ekana Cricket Stadium, Lucknow",17,10,170.0
TM Head,"Dr. Y.S. Rajasekhara Reddy ACA-VDCA Cricket Stadium, Visakhapatnam",22,13,169.23076923076923
TM Head,Eden Gardens,50,25,200.0
TM Head,Feroz Shah Kotla,2,2,100.0
TM Head,M Chinnaswamy Stadium,194,112,173.21428571428572
TM Head,MA Chidambaram Stadium,72,58,124.13793103448276
TM Head,"Maharaja Yadavindra Singh International Cricket Stadium, Mullanpur",21,15,140.0
TM Head,"Maharaja Yadavindra Singh International Cricket Stadium, New Chandigarh",55,33,166.66666666666669
TM Head,Maharashtra Cricket Association Stadium,2,5,40.0
TM Head,"Narendra Modi Stadium, Ahmedabad",39,39,100.0
TM Head,"Punjab Cricket Association IS Bindra Stadium, Mohali",11,8,137.5
TM Head,Rajiv Gandhi International Stadium,669,409,163.56968215158923
TM Head,Saurashtra Cricket Association Stadium,30,16,187.5
TM Head,"Sawai Mansingh Stadium, Jaipur",6,6,100.0
TM Head,Wankhede Stadium,201,133,151.12781954887217
TM Srivastava,Eden Gardens,1,1,100.0
TM Srivastava,Kingsmead,0,1,0.0
TM Srivastava,"Punjab Cricket Association Stadium, Mohali",7,9,77.77777777777779
TR Birt,Feroz Shah Kotla,35,26,134.6153846153846
TR Birt,Himachal Pradesh Cricket Association Stadium,16,11,145.45454545454547
TR Birt,Nehru Stadium,20,13,153.84615384615387
TR Birt,Rajiv Gandhi International Stadium,4,9,44.44444444444444
TS Mills,"Brabourne Stadium, Mumbai",0,1,0.0
TS Mills,Eden Gardens,2,5,40.0
TS Mills,M Chinnaswamy Stadium,0,3,0.0
TS Mills,"Maharashtra Cricket Association Stadium, Pune",0,2,0.0
TS Mills,Rajiv Gandhi International Stadium,6,3,200.0
TU Deshpande,"Barsapara Cricket Stadium, Guwahati",3,4,75.0
TU Deshpande,Dubai International Cricket Stadium,20,9,222.22222222222223
TU Deshpande,"Himachal Pradesh Cricket Association Stadium, Dharamsala",0,2,0.0
TU Deshpande,M Chinnaswamy Stadium,1,2,50.0
TU Deshpande,MA Chidambaram Stadium,0,1,0.0
TU Deshpande,"Narendra Modi Stadium, Ahmedabad",3,3,100.0
TU Deshpande,Rajiv Gandhi International Stadium,25,11,227.27272727272728
TU Deshpande,"Sawai Mansingh Stadium, Jaipur",1,3,33.33333333333333
TU Deshpande,Sheikh Zayed Stadium,1,3,33.33333333333333
Tanush Kotian,"Maharaja Yadavindra Singh International Cricket Stadium, Mullanpur",24,32,75.0
Tilak Varma,Arun Jaitley Stadium,163,99,164.64646464646464
Tilak Varma,"Barsapara Cricket Stadium, Guwahati",14,11,127.27272727272727
Tilak Varma,"Bharat Ratna Shri Atal Bihari Vajpayee Ekana Cricket Stadium, Lucknow",32,36,88.88888888888889
Tilak Varma,"Brabourne Stadium, Mumbai",69,57,121.05263157894737
Tilak Varma,"Dr DY Patil Sports Academy, Mumbai",153,114,134.21052631578948
Tilak Varma,Eden Gardens,52,52,100.0
Tilak Varma,"Himachal Pradesh Cricket Association Stadium, Dharamsala",75,34,220.58823529411765
Tilak Varma,M Chinnaswamy Stadium,84,53,158.49056603773585
Tilak Varma,MA Chidambaram Stadium,62,59,105.08474576271188
Tilak Varma,"Maharaja Yadavindra Singh International Cricket Stadium, Mullanpur",34,18,188.88888888888889
Tilak Varma,"Maharaja Yadavindra Singh International Cricket Stadium, New Chandigarh",25,11,227.27272727272728
Tilak Varma,"Maharashtra Cricket Association Stadium, Pune",74,51,145.09803921568627
Tilak Varma,"Narendra Modi Stadium, Ahmedabad",254,151,168.21192052980132
Tilak Varma,"Punjab Cricket Association IS Bindra Stadium, Mohali, Chandigarh",26,10,260.0
Tilak Varma,Rajiv Gandhi International Stadium,103,56,183.92857142857142
Tilak Varma,"Sawai Mansingh Stadium, Jaipur",66,54,122.22222222222223
Tilak Varma,"Shaheed Veer Narayan Singh International Stadium, Raipur",57,44,129.54545454545453
Tilak Varma,Wankhede Stadium,515,434,118.66359447004609
U Kaul,MA Chidambaram Stadium,0,1,0.0
UA Birla,Subrata Roy Sahara Stadium,7,15,46.666666666666664
UBT Chand,Dr. Y.S. Rajasekhara Reddy ACA-VDCA Cricket Stadium,0,5,0.0
UBT Chand,Eden Gardens,0,1,0.0
UBT Chand,Feroz Shah Kotla,96,83,115.66265060240963
UBT Chand,Himachal Pradesh Cricket Association Stadium,25,32,78.125
UBT Chand,M Chinnaswamy Stadium,58,40,145.0
UBT Chand,MA Chidambaram Stadium,16,13,123.07692307692308
UBT Chand,Rajiv Gandhi International Stadium,17,25,68.0
UBT Chand,"Sardar Patel Stadium, Motera",14,27,51.85185185185185
UBT Chand,Sawai Mansingh Stadium,2,10,20.0
UBT Chand,Shaheed Veer Narayan Singh International Stadium,54,59,91.52542372881356
UBT Chand,Wankhede Stadium,18,19,94.73684210526315
UT Khawaja,Dr. Y.S. Rajasekhara Reddy ACA-VDCA Cricket Stadium,60,55,109.09090909090908
UT Khawaja,Eden Gardens,21,17,123.52941176470588
UT Khawaja,Feroz Shah Kotla,30,27,111.11111111111111
UT Khawaja,M Chinnaswamy Stadium,16,6,266.66666666666663
UT Yadav,Arun Jaitley Stadium,3,5,60.0
UT Yadav,Barabati Stadium,3,4,75.0
UT Yadav,"Bharat Ratna Shri Atal Bihari Vajpayee Ekana Cricket Stadium, Lucknow",2,4,50.0
UT Yadav,Brabourne Stadium,24,13,184.6153846153846
UT Yadav,"Brabourne Stadium, Mumbai",22,12,183.33333333333331
UT Yadav,"Dr DY Patil Sports Academy, Mumbai",33,28,117.85714285714286
UT Yadav,Dubai International Cricket Stadium,0,2,0.0
UT Yadav,Eden Gardens,19,19,100.0
UT Yadav,Feroz Shah Kotla,14,23,60.86956521739131
UT Yadav,M Chinnaswamy Stadium,13,12,108.33333333333333
UT Yadav,MA Chidambaram Stadium,24,35,68.57142857142857
UT Yadav,Maharashtra Cricket Association Stadium,8,8,100.0
UT Yadav,"Narendra Modi Stadium, Ahmedabad",5,6,83.33333333333334
UT Yadav,Rajiv Gandhi International Stadium,16,15,106.66666666666667
UT Yadav,Sawai Mansingh Stadium,0,1,0.0
UT Yadav,Sheikh Zayed Stadium,2,4,50.0
UT Yadav,Subrata Roy Sahara Stadium,9,10,90.0
UT Yadav,Wankhede Stadium,11,10,110.00000000000001
Umar Gul,Eden Gardens,37,17,217.6470588235294
Umar Gul,Sawai Mansingh Stadium,2,2,100.0
Umran Malik,"Dr DY Patil Sports Academy, Mumbai",1,1,100.0
Umran Malik,"Maharashtra Cricket Association Stadium, Pune",3,5,60.0
Umran Malik,Rajiv Gandhi International Stadium,19,8,237.5
Umran Malik,Wankhede Stadium,0,2,0.0
Urvil Patel,Arun Jaitley Stadium,17,11,154.54545454545453
Urvil Patel,"Bharat Ratna Shri Atal Bihari Vajpayee Ekana Cricket Stadium, Lucknow",6,9,66.66666666666666
Urvil Patel,Eden Gardens,31,12,258.33333333333337
Urvil Patel,MA Chidambaram Stadium,106,48,220.83333333333334
Urvil Patel,"Narendra Modi Stadium, Ahmedabad",37,22,168.1818181818182
V Kohli,Arun Jaitley Stadium,222,168,132.14285714285714
V Kohli,"Barsapara Cricket Stadium, Guwahati",32,17,188.23529411764704
V Kohli,"Bharat Ratna Shri Atal Bihari Vajpayee Ekana Cricket Stadium, Lucknow",128,93,137.63440860215056
V Kohli,Brabourne Stadium,17,12,141.66666666666669
V Kohli,"Brabourne Stadium, Mumbai",78,71,109.85915492957747
V Kohli,Dr DY Patil Sports Academy,9,8,112.5
V Kohli,"Dr DY Patil Sports Academy, Mumbai",54,42,128.57142857142858
V Kohli,Dubai International Cricket Stadium,333,285,116.8421052631579
V Kohli,Eden Gardens,430,324,132.71604938271605
V Kohli,Feroz Shah Kotla,335,235,142.5531914893617
V Kohli,Himachal Pradesh Cricket Association Stadium,11,12,91.66666666666666
V Kohli,"Himachal Pradesh Cricket Association Stadium, Dharamsala",193,115,167.82608695652175
V Kohli,Holkar Cricket Stadium,48,29,165.51724137931035
V Kohli,JSCA International Stadium Complex,56,52,107.6923076923077
V Kohli,Kingsmead,75,64,117.1875
V Kohli,M Chinnaswamy Stadium,3448,2443,141.13794514940648
V Kohli,MA Chidambaram Stadium,414,382,108.37696335078535
V Kohli,"Maharaja Yadavindra Singh International Cricket Stadium, Mullanpur",85,67,126.86567164179105
V Kohli,Maharashtra Cricket Association Stadium,155,147,105.44217687074831
V Kohli,"Maharashtra Cricket Association Stadium, Pune",87,82,106.09756097560977
V Kohli,"Narendra Modi Stadium, Ahmedabad",303,215,140.93023255813955
V Kohli,Nehru Stadium,23,18,127.77777777777777
V Kohli,New Wanderers Stadium,31,25,124.0
V Kohli,Newlands,53,43,123.25581395348837
V Kohli,Punjab Cricket Association IS Bindra Stadium,67,54,124.07407407407408
V Kohli,"Punjab Cricket Association IS Bindra Stadium, Mohali",20,21,95.23809523809523
V Kohli,"Punjab Cricket Association IS Bindra Stadium, Mohali, Chandigarh",59,48,122.91666666666667
V Kohli,"Punjab Cricket Association Stadium, Mohali",100,78,128.2051282051282
V Kohli,Rajiv Gandhi International Stadium,506,383,132.1148825065274
V Kohli,"Sardar Patel Stadium, Motera",62,46,134.7826086956522
V Kohli,Saurashtra Cricket Association Stadium,164,115,142.6086956521739
V Kohli,Sawai Mansingh Stadium,131,142,92.25352112676056
V Kohli,"Sawai Mansingh Stadium, Jaipur",193,144,134.02777777777777
V Kohli,Shaheed Veer Narayan Singh International Stadium,54,45,120.0
V Kohli,"Shaheed Veer Narayan Singh International Stadium, Raipur",105,66,159.0909090909091
V Kohli,Sharjah Cricket Stadium,285,239,119.24686192468619
V Kohli,Sheikh Zayed Stadium,155,140,110.71428571428572
V Kohli,St George's Park,53,62,85.48387096774194
V Kohli,Subrata Roy Sahara Stadium,34,30,113.33333333333333
V Kohli,SuperSport Park,34,31,109.6774193548387
V Kohli,"Vidarbha Cricket Association Stadium, Jamtha",3,4,75.0
V Kohli,Wankhede Stadium,691,521,132.6295585412668
V Kohli,"Zayed Cricket Stadium, Abu Dhabi",10,9,111.11111111111111
V Nigam,Arun Jaitley Stadium,79,45,175.55555555555554
V Nigam,"Dr. Y.S. Rajasekhara Reddy ACA-VDCA Cricket Stadium, Visakhapatnam",39,16,243.75
V Nigam,MA Chidambaram Stadium,1,2,50.0
V Nigam,"Narendra Modi Stadium, Ahmedabad",0,1,0.0
V Nigam,Rajiv Gandhi International Stadium,18,17,105.88235294117648
V Nigam,Wankhede Stadium,20,11,181.8181818181818
V Pratap Singh,Wankhede Stadium,0,1,0.0
V Sehwag,Barabati Stadium,105,84,125.0
V Sehwag,Brabourne Stadium,20,19,105.26315789473684
V Sehwag,Dr DY Patil Sports Academy,77,45,171.11111111111111
V Sehwag,Dubai International Cricket Stadium,32,27,118.5185185185185
V Sehwag,Eden Gardens,86,61,140.98360655737704
V Sehwag,Feroz Shah Kotla,933,584,159.76027397260273
V Sehwag,Himachal Pradesh Cricket Association Stadium,30,22,136.36363636363635
V Sehwag,Kingsmead,17,19,89.47368421052632
V Sehwag,M Chinnaswamy Stadium,121,93,130.10752688172042
V Sehwag,MA Chidambaram Stadium,81,61,132.78688524590163
V Sehwag,Maharashtra Cricket Association Stadium,58,55,105.45454545454544
V Sehwag,Nehru Stadium,80,48,166.66666666666669
V Sehwag,New Wanderers Stadium,0,2,0.0
V Sehwag,Newlands,38,18,211.11111111111111
V Sehwag,OUTsurance Oval,11,18,61.111111111111114
V Sehwag,"Punjab Cricket Association Stadium, Mohali",60,47,127.65957446808511
V Sehwag,Rajiv Gandhi International Stadium,229,122,187.70491803278688
V Sehwag,"Sardar Patel Stadium, Motera",76,39,194.87179487179486
V Sehwag,Sawai Mansingh Stadium,105,71,147.88732394366198
V Sehwag,Shaheed Veer Narayan Singh International Stadium,45,45,100.0
V Sehwag,Sharjah Cricket Stadium,32,30,106.66666666666667
V Sehwag,Sheikh Zayed Stadium,56,40,140.0
V Sehwag,St George's Park,7,6,116.66666666666667
V Sehwag,Subrata Roy Sahara Stadium,108,65,166.15384615384616
V Sehwag,SuperSport Park,125,83,150.60240963855424
V Sehwag,Wankhede Stadium,196,129,151.93798449612405
V Shankar,Arun Jaitley Stadium,170,144,118.05555555555556
V Shankar,"Barsapara Cricket Stadium, Guwahati",9,6,150.0
V Shankar,"Bharat Ratna Shri Atal Bihari Vajpayee Ekana Cricket Stadium, Lucknow",36,39,92.3076923076923
V Shankar,"Dr DY Patil Sports Academy, Mumbai",2,7,28.57142857142857
V Shankar,Dr. Y.S. Rajasekhara Reddy ACA-VDCA Cricket Stadium,25,11,227.27272727272728
V Shankar,Dubai International Cricket Stadium,90,89,101.12359550561798
V Shankar,Eden Gardens,93,54,172.22222222222223
V Shankar,Green Park,63,44,143.1818181818182
V Shankar,M Chinnaswamy Stadium,112,80,140.0
V Shankar,MA Chidambaram Stadium,200,167,119.76047904191616
V Shankar,"Maharaja Yadavindra Singh International Cricket Stadium, Mullanpur",2,2,100.0
V Shankar,Maharashtra Cricket Association Stadium,54,33,163.63636363636365
V Shankar,"Maharashtra Cricket Association Stadium, Pune",13,22,59.09090909090909
V Shankar,"Narendra Modi Stadium, Ahmedabad",143,100,143.0
V Shankar,Punjab Cricket Association IS Bindra Stadium,39,41,95.1219512195122
V Shankar,Rajiv Gandhi International Stadium,102,71,143.66197183098592
V Shankar,Sawai Mansingh Stadium,11,13,84.61538461538461
V Shankar,"Sawai Mansingh Stadium, Jaipur",16,11,145.45454545454547
V Shankar,Sheikh Zayed Stadium,7,10,70.0
V Shankar,Wankhede Stadium,46,41,112.19512195121952
V Suryavanshi,Arun Jaitley Stadium,103,57,180.70175438596493
V Suryavanshi,"Barsapara Cricket Stadium, Guwahati",169,58,291.37931034482756
V Suryavanshi,"Bharat Ratna Shri Atal Bihari Vajpayee Ekana Cricket Stadium, Lucknow",8,11,72.72727272727273
V Suryavanshi,Eden Gardens,50,32,156.25
V Suryavanshi,M Chinnaswamy Stadium,16,13,123.07692307692308
V Suryavanshi,"Maharaja Yadavindra Singh International Cricket Stadium, New Chandigarh",236,96,245.83333333333334
V Suryavanshi,"Narendra Modi Stadium, Ahmedabad",31,20,155.0
V Suryavanshi,Rajiv Gandhi International Stadium,0,1,0.0
V Suryavanshi,"Sawai Mansingh Stadium, Jaipur",411,177,232.20338983050848
V Suryavanshi,Wankhede Stadium,4,8,50.0
V Viyaskanth,"Narendra Modi Stadium, Ahmedabad",7,5,140.0
VG Arora,Arun Jaitley Stadium,0,1,0.0
VG Arora,"Brabourne Stadium, Mumbai",5,13,38.46153846153847
VG Arora,"Dr DY Patil Sports Academy, Mumbai",0,1,0.0
VG Arora,Eden Gardens,2,3,66.66666666666666
VG Arora,MA Chidambaram Stadium,1,1,100.0
VG Arora,"Maharaja Yadavindra Singh International Cricket Stadium, Mullanpur",0,7,0.0
VG Arora,"Narendra Modi Stadium, Ahmedabad",0,1,0.0
VG Arora,Rajiv Gandhi International Stadium,2,1,200.0
VH Zol,M Chinnaswamy Stadium,29,26,111.53846153846155
VR Aaron,Arun Jaitley Stadium,3,7,42.857142857142854
VR Aaron,Dubai International Cricket Stadium,11,23,47.82608695652174
VR Aaron,Eden Gardens,4,6,66.66666666666666
VR Aaron,Feroz Shah Kotla,1,1,100.0
VR Aaron,Himachal Pradesh Cricket Association Stadium,0,5,0.0
VR Aaron,M Chinnaswamy Stadium,23,19,121.05263157894737
VR Aaron,MA Chidambaram Stadium,0,2,0.0
VR Aaron,Sharjah Cricket Stadium,1,2,50.0
VR Aaron,Wankhede Stadium,7,8,87.5
VR Iyer,Arun Jaitley Stadium,7,7,100.0
VR Iyer,"Barsapara Cricket Stadium, Guwahati",29,16,181.25
VR Iyer,"Bharat Ratna Shri Atal Bihari Vajpayee Ekana Cricket Stadium, Lucknow",1,1,100.0
VR Iyer,"Brabourne Stadium, Mumbai",30,29,103.44827586206897
VR Iyer,"Dr DY Patil Sports Academy, Mumbai",70,63,111.11111111111111
VR Iyer,"Dr. Y.S. Rajasekhara Reddy ACA-VDCA Cricket Stadium, Visakhapatnam",5,2,250.0
VR Iyer,Dubai International Cricket Stadium,125,96,130.20833333333331
VR Iyer,Eden Gardens,399,302,132.11920529801324
VR Iyer,"Himachal Pradesh Cricket Association Stadium, Dharamsala",92,48,191.66666666666669
VR Iyer,M Chinnaswamy Stadium,81,61,132.78688524590163
VR Iyer,MA Chidambaram Stadium,64,39,164.1025641025641
VR Iyer,"Maharaja Yadavindra Singh International Cricket Stadium, Mullanpur",7,4,175.0
VR Iyer,"Maharashtra Cricket Association Stadium, Pune",57,48,118.75
VR Iyer,"Narendra Modi Stadium, Ahmedabad",178,101,176.23762376237624
VR Iyer,"Punjab Cricket Association IS Bindra Stadium, Mohali, Chandigarh",34,29,117.24137931034481
VR Iyer,Rajiv Gandhi International Stadium,51,24,212.5
VR Iyer,Sharjah Cricket Stadium,133,127,104.72440944881889
VR Iyer,Wankhede Stadium,202,150,134.66666666666666
VR Iyer,"Zayed Cricket Stadium, Abu Dhabi",112,76,147.36842105263156
VRV Singh,MA Chidambaram Stadium,0,1,0.0
VRV Singh,"Punjab Cricket Association Stadium, Mohali",4,2,200.0
VS Malik,Brabourne Stadium,6,5,120.0
VS Malik,"Punjab Cricket Association Stadium, Mohali",1,2,50.0
VS Yeligati,Wankhede Stadium,2,2,100.0
VVS Laxman,Barabati Stadium,10,7,142.85714285714286
VVS Laxman,Brabourne Stadium,4,7,57.14285714285714
VVS Laxman,Buffalo Park,0,7,0.0
VVS Laxman,Dr DY Patil Sports Academy,59,44,134.0909090909091
VVS Laxman,Eden Gardens,0,6,0.0
VVS Laxman,Kingsmead,4,6,66.66666666666666
VVS Laxman,M Chinnaswamy Stadium,52,44,118.18181818181819
VVS Laxman,MA Chidambaram Stadium,12,11,109.09090909090908
VVS Laxman,Nehru Stadium,36,29,124.13793103448276
VVS Laxman,Newlands,15,20,75.0
VVS Laxman,Rajiv Gandhi International Stadium,66,57,115.78947368421053
VVS Laxman,"Sardar Patel Stadium, Motera",10,12,83.33333333333334
VVS Laxman,Sawai Mansingh Stadium,8,10,80.0
VVS Laxman,"Vidarbha Cricket Association Stadium, Jamtha",6,11,54.54545454545454
VY Mahesh,Dr DY Patil Sports Academy,3,5,60.0
VY Mahesh,Eden Gardens,3,7,42.857142857142854
VY Mahesh,"Punjab Cricket Association Stadium, Mohali",6,5,120.0
VY Mahesh,Sawai Mansingh Stadium,0,1,0.0
VY Mahesh,Wankhede Stadium,3,10,30.0
Vijaykumar Vyshak,M Chinnaswamy Stadium,14,12,116.66666666666667
Vijaykumar Vyshak,"Narendra Modi Stadium, Ahmedabad",1,3,33.33333333333333
Vijaykumar Vyshak,Rajiv Gandhi International Stadium,1,1,100.0
Vijaykumar Vyshak,Wankhede Stadium,0,1,0.0
Virat Singh,MA Chidambaram Stadium,15,26,57.692307692307686
Vishnu Vinod,"Bharat Ratna Shri Atal Bihari Vajpayee Ekana Cricket Stadium, Lucknow",2,4,50.0
Vishnu Vinod,Feroz Shah Kotla,3,9,33.33333333333333
Vishnu Vinod,"Himachal Pradesh Cricket Association Stadium, Dharamsala",15,8,187.5
Vishnu Vinod,Holkar Cricket Stadium,7,12,58.333333333333336
Vishnu Vinod,M Chinnaswamy Stadium,9,5,180.0
Vishnu Vinod,"Narendra Modi Stadium, Ahmedabad",5,8,62.5
Vishnu Vinod,Wankhede Stadium,30,20,150.0
Vivrant Sharma,Wankhede Stadium,69,49,140.81632653061226
W Jaffer,Feroz Shah Kotla,10,9,111.11111111111111
W Jaffer,M Chinnaswamy Stadium,100,96,104.16666666666667
W Jaffer,New Wanderers Stadium,7,10,70.0
W Jaffer,Rajiv Gandhi International Stadium,5,5,100.0
W Jaffer,SuperSport Park,8,9,88.88888888888889
WA Mota,De Beers Diamond Oval,3,4,75.0
WA Mota,Kingsmead,10,16,62.5
WA Mota,New Wanderers Stadium,12,19,63.1578947368421
WA Mota,Newlands,1,2,50.0
WA Mota,Sawai Mansingh Stadium,1,1,100.0
WA Mota,SuperSport Park,4,7,57.14285714285714
WA Mota,Wankhede Stadium,25,27,92.5925925925926
WD Parnell,Dr DY Patil Sports Academy,28,34,82.35294117647058
WD Parnell,Eden Gardens,1,2,50.0
WD Parnell,Feroz Shah Kotla,2,2,100.0
WD Parnell,M Chinnaswamy Stadium,2,6,33.33333333333333
WD Parnell,Subrata Roy Sahara Stadium,12,19,63.1578947368421
WD Parnell,Wankhede Stadium,20,23,86.95652173913044
WG Jacks,Arun Jaitley Stadium,1,1,100.0
WG Jacks,"Bharat Ratna Shri Atal Bihari Vajpayee Ekana Cricket Stadium, Lucknow",5,7,71.42857142857143
WG Jacks,Eden Gardens,69,40,172.5
WG Jacks,"Himachal Pradesh Cricket Association Stadium, Dharamsala",37,17,217.6470588235294
WG Jacks,M Chinnaswamy Stadium,49,37,132.43243243243242
WG Jacks,MA Chidambaram Stadium,12,12,100.0
WG Jacks,"Narendra Modi Stadium, Ahmedabad",100,42,238.0952380952381
WG Jacks,Rajiv Gandhi International Stadium,28,28,100.0
WG Jacks,"Sawai Mansingh Stadium, Jaipur",17,8,212.5
WG Jacks,"Shaheed Veer Narayan Singh International Stadium, Raipur",10,10,100.0
WG Jacks,Wankhede Stadium,274,183,149.72677595628417
WP Saha,Arun Jaitley Stadium,53,34,155.88235294117646
WP Saha,Barabati Stadium,15,9,166.66666666666669
WP Saha,"Bharat Ratna Shri Atal Bihari Vajpayee Ekana Cricket Stadium, Lucknow",47,37,127.02702702702702
WP Saha,"Brabourne Stadium, Mumbai",84,64,131.25
WP Saha,Buffalo Park,8,4,200.0
WP Saha,"Dr DY Patil Sports Academy, Mumbai",46,43,106.9767441860465
WP Saha,Dr. Y.S. Rajasekhara Reddy ACA-VDCA Cricket Stadium,67,53,126.41509433962264
WP Saha,Dubai International Cricket Stadium,125,81,154.320987654321
WP Saha,Eden Gardens,289,235,122.97872340425533
WP Saha,Feroz Shah Kotla,46,52,88.46153846153845
WP Saha,Holkar Cricket Stadium,25,25,100.0
WP Saha,Kingsmead,22,15,146.66666666666666
WP Saha,M Chinnaswamy Stadium,258,200,129.0
WP Saha,MA Chidambaram Stadium,193,176,109.65909090909092
WP Saha,"Maharaja Yadavindra Singh International Cricket Stadium, Mullanpur",13,11,118.18181818181819
WP Saha,Maharashtra Cricket Association Stadium,74,63,117.46031746031747
WP Saha,"Maharashtra Cricket Association Stadium, Pune",16,29,55.172413793103445
WP Saha,"Narendra Modi Stadium, Ahmedabad",270,223,121.0762331838565
WP Saha,New Wanderers Stadium,7,4,175.0
WP Saha,Punjab Cricket Association IS Bindra Stadium,6,8,75.0
WP Saha,"Punjab Cricket Association IS Bindra Stadium, Mohali",167,152,109.86842105263158
WP Saha,"Punjab Cricket Association IS Bindra Stadium, Mohali, Chandigarh",30,19,157.89473684210526
WP Saha,"Punjab Cricket Association Stadium, Mohali",189,132,143.1818181818182
WP Saha,Rajiv Gandhi International Stadium,133,98,135.71428571428572
WP Saha,"Sardar Patel Stadium, Motera",20,10,200.0
WP Saha,Saurashtra Cricket Association Stadium,43,24,179.16666666666669
WP Saha,Sawai Mansingh Stadium,17,14,121.42857142857142
WP Saha,"Sawai Mansingh Stadium, Jaipur",41,34,120.58823529411764
WP Saha,Sharjah Cricket Stadium,174,169,102.9585798816568
WP Saha,Sheikh Zayed Stadium,44,44,100.0
WP Saha,Subrata Roy Sahara Stadium,13,15,86.66666666666667
WP Saha,SuperSport Park,35,18,194.44444444444443
WP Saha,Wankhede Stadium,352,260,135.3846153846154
WP Saha,"Zayed Cricket Stadium, Abu Dhabi",12,13,92.3076923076923
WPUJC Vaas,Barabati Stadium,19,12,158.33333333333331
WPUJC Vaas,De Beers Diamond Oval,20,15,133.33333333333331
WPUJC Vaas,Dr DY Patil Sports Academy,0,1,0.0
WPUJC Vaas,Eden Gardens,0,1,0.0
WPUJC Vaas,Feroz Shah Kotla,3,8,37.5
WPUJC Vaas,Kingsmead,10,6,166.66666666666669
WPUJC Vaas,Rajiv Gandhi International Stadium,21,17,123.52941176470588
WPUJC Vaas,"Sardar Patel Stadium, Motera",8,13,61.53846153846154
Washington Sundar,Arun Jaitley Stadium,56,35,160.0
Washington Sundar,"Bharat Ratna Shri Atal Bihari Vajpayee Ekana Cricket Stadium, Lucknow",39,46,84.78260869565217
Washington Sundar,"Dr DY Patil Sports Academy, Mumbai",18,14,128.57142857142858
Washington Sundar,Dubai International Cricket Stadium,62,51,121.56862745098039
Washington Sundar,Eden Gardens,1,3,33.33333333333333
Washington Sundar,Feroz Shah Kotla,5,3,166.66666666666669
Washington Sundar,"Himachal Pradesh Cricket Association Stadium, Dharamsala",8,9,88.88888888888889
Washington Sundar,M Chinnaswamy Stadium,77,46,167.3913043478261
Washington Sundar,MA Chidambaram Stadium,28,35,80.0
Washington Sundar,"Maharaja Yadavindra Singh International Cricket Stadium, New Chandigarh",82,52,157.69230769230768
Washington Sundar,"Maharashtra Cricket Association Stadium, Pune",46,27,170.37037037037038
Washington Sundar,"Narendra Modi Stadium, Ahmedabad",229,173,132.3699421965318
Washington Sundar,Rajiv Gandhi International Stadium,85,60,141.66666666666669
Washington Sundar,"Sawai Mansingh Stadium, Jaipur",50,32,156.25
Washington Sundar,Sharjah Cricket Stadium,34,33,103.03030303030303
Washington Sundar,Sheikh Zayed Stadium,15,14,107.14285714285714
Washington Sundar,Wankhede Stadium,53,56,94.64285714285714
X Thalaivan Sargunam,MA Chidambaram Stadium,10,17,58.82352941176471
XC Bartlett,"Himachal Pradesh Cricket Association Stadium, Dharamsala",18,8,225.0
XC Bartlett,"Maharaja Yadavindra Singh International Cricket Stadium, Mullanpur",11,15,73.33333333333333
XC Bartlett,"Maharaja Yadavindra Singh International Cricket Stadium, New Chandigarh",11,5,220.00000000000003
XC Bartlett,"Narendra Modi Stadium, Ahmedabad",0,1,0.0
Y Gnaneswara Rao,MA Chidambaram Stadium,19,18,105.55555555555556
Y Nagar,Barabati Stadium,1,7,14.285714285714285
Y Nagar,Feroz Shah Kotla,155,126,123.01587301587303
Y Nagar,Himachal Pradesh Cricket Association Stadium,10,8,125.0
Y Nagar,M Chinnaswamy Stadium,16,15,106.66666666666667
Y Nagar,MA Chidambaram Stadium,45,49,91.83673469387756
Y Nagar,Nehru Stadium,22,31,70.96774193548387
Y Nagar,New Wanderers Stadium,20,22,90.9090909090909
Y Nagar,Rajiv Gandhi International Stadium,7,3,233.33333333333334
Y Nagar,Sawai Mansingh Stadium,9,9,100.0
Y Nagar,Wankhede Stadium,0,1,0.0
Y Prithvi Raj,Rajiv Gandhi International Stadium,0,1,0.0
Y Venugopal Rao,Barabati Stadium,1,2,50.0
Y Venugopal Rao,Buffalo Park,2,6,33.33333333333333
Y Venugopal Rao,De Beers Diamond Oval,44,33,133.33333333333331
Y Venugopal Rao,Dr DY Patil Sports Academy,62,56,110.71428571428572
Y Venugopal Rao,Eden Gardens,41,41,100.0
Y Venugopal Rao,Feroz Shah Kotla,235,193,121.76165803108809
Y Venugopal Rao,Himachal Pradesh Cricket Association Stadium,37,33,112.12121212121211
Y Venugopal Rao,JSCA International Stadium Complex,4,1,400.0
Y Venugopal Rao,Kingsmead,10,14,71.42857142857143
Y Venugopal Rao,M Chinnaswamy Stadium,18,23,78.26086956521739
Y Venugopal Rao,MA Chidambaram Stadium,67,54,124.07407407407408
Y Venugopal Rao,Nehru Stadium,1,11,9.090909090909092
Y Venugopal Rao,New Wanderers Stadium,7,10,70.0
Y Venugopal Rao,Newlands,9,13,69.23076923076923
Y Venugopal Rao,"Punjab Cricket Association Stadium, Mohali",2,5,40.0
Y Venugopal Rao,Rajiv Gandhi International Stadium,218,183,119.12568306010928
Y Venugopal Rao,"Sardar Patel Stadium, Motera",2,6,33.33333333333333
Y Venugopal Rao,Sawai Mansingh Stadium,83,52,159.6153846153846
Y Venugopal Rao,Sharjah Cricket Stadium,24,25,96.0
Y Venugopal Rao,Sheikh Zayed Stadium,16,12,133.33333333333331
Y Venugopal Rao,Subrata Roy Sahara Stadium,13,23,56.52173913043478
Y Venugopal Rao,SuperSport Park,52,42,123.80952380952381
Y Venugopal Rao,Wankhede Stadium,37,27,137.03703703703704
YA Abdulla,"Punjab Cricket Association Stadium, Mohali",0,1,0.0
YBK Jaiswal,Arun Jaitley Stadium,147,102,144.11764705882354
YBK Jaiswal,"Barsapara Cricket Stadium, Guwahati",236,154,153.24675324675326
YBK Jaiswal,"Bharat Ratna Shri Atal Bihari Vajpayee Ekana Cricket Stadium, Lucknow",46,32,143.75
YBK Jaiswal,"Brabourne Stadium, Mumbai",100,75,133.33333333333331
YBK Jaiswal,"Dr DY Patil Sports Academy, Mumbai",20,21,95.23809523809523
YBK Jaiswal,Dubai International Cricket Stadium,116,81,143.20987654320987
YBK Jaiswal,Eden Gardens,193,120,160.83333333333334
YBK Jaiswal,"Himachal Pradesh Cricket Association Stadium, Dharamsala",50,38,131.57894736842107
YBK Jaiswal,M Chinnaswamy Stadium,96,56,171.42857142857142
YBK Jaiswal,MA Chidambaram Stadium,76,52,146.15384615384613
YBK Jaiswal,"Maharaja Yadavindra Singh International Cricket Stadium, Mullanpur",106,77,137.66233766233768
YBK Jaiswal,"Maharaja Yadavindra Singh International Cricket Stadium, New Chandigarh",81,59,137.28813559322032
YBK Jaiswal,"Maharashtra Cricket Association Stadium, Pune",20,17,117.64705882352942
YBK Jaiswal,"Narendra Modi Stadium, Ahmedabad",150,114,131.57894736842107
YBK Jaiswal,Rajiv Gandhi International Stadium,123,90,136.66666666666666
YBK Jaiswal,"Sawai Mansingh Stadium, Jaipur",671,428,156.77570093457945
YBK Jaiswal,Sharjah Cricket Stadium,52,54,96.29629629629629
YBK Jaiswal,Sheikh Zayed Stadium,0,2,0.0
YBK Jaiswal,Wankhede Stadium,255,153,166.66666666666669
YBK Jaiswal,"Zayed Cricket Stadium, Abu Dhabi",55,25,220.00000000000003
YK Pathan,Arun Jaitley Stadium,9,11,81.81818181818183
YK Pathan,Barabati Stadium,26,19,136.8421052631579
YK Pathan,Brabourne Stadium,144,79,182.27848101265823
YK Pathan,De Beers Diamond Oval,13,18,72.22222222222221
YK Pathan,Dr DY Patil Sports Academy,86,68,126.47058823529412
YK Pathan,Dr. Y.S. Rajasekhara Reddy ACA-VDCA Cricket Stadium,6,7,85.71428571428571
YK Pathan,Dubai International Cricket Stadium,11,9,122.22222222222223
YK Pathan,Eden Gardens,861,593,145.1939291736931
YK Pathan,Feroz Shah Kotla,157,123,127.64227642276423
YK Pathan,Green Park,36,37,97.2972972972973
YK Pathan,JSCA International Stadium Complex,131,90,145.55555555555554
YK Pathan,Kingsmead,38,37,102.7027027027027
YK Pathan,M Chinnaswamy Stadium,221,152,145.39473684210526
YK Pathan,MA Chidambaram Stadium,55,59,93.22033898305084
YK Pathan,Maharashtra Cricket Association Stadium,64,52,123.07692307692308
YK Pathan,Nehru Stadium,17,13,130.76923076923077
YK Pathan,Newlands,81,54,150.0
YK Pathan,OUTsurance Oval,1,5,20.0
YK Pathan,Punjab Cricket Association IS Bindra Stadium,19,13,146.15384615384613
YK Pathan,"Punjab Cricket Association IS Bindra Stadium, Mohali",14,10,140.0
YK Pathan,"Punjab Cricket Association Stadium, Mohali",80,55,145.45454545454547
YK Pathan,Rajiv Gandhi International Stadium,351,235,149.36170212765958
YK Pathan,"Sardar Patel Stadium, Motera",96,61,157.37704918032787
YK Pathan,Sawai Mansingh Stadium,207,156,132.69230769230768
YK Pathan,Shaheed Veer Narayan Singh International Stadium,20,16,125.0
YK Pathan,Sharjah Cricket Stadium,0,2,0.0
YK Pathan,Sheikh Zayed Stadium,7,9,77.77777777777779
YK Pathan,St George's Park,24,14,171.42857142857142
YK Pathan,Subrata Roy Sahara Stadium,58,39,148.71794871794873
YK Pathan,SuperSport Park,104,64,162.5
YK Pathan,"Vidarbha Cricket Association Stadium, Jamtha",5,7,71.42857142857143
YK Pathan,Wankhede Stadium,280,227,123.34801762114537
YS Chahal,"Dr DY Patil Sports Academy, Mumbai",5,8,62.5
YS Chahal,Dubai International Cricket Stadium,1,5,20.0
YS Chahal,Eden Gardens,0,2,0.0
YS Chahal,M Chinnaswamy Stadium,9,12,75.0
YS Chahal,MA Chidambaram Stadium,4,12,33.33333333333333
YS Chahal,Maharashtra Cricket Association Stadium,4,9,44.44444444444444
YS Chahal,Rajiv Gandhi International Stadium,4,10,40.0
YS Chahal,Sawai Mansingh Stadium,0,4,0.0
YS Chahal,Wankhede Stadium,8,21,38.095238095238095
YS Chahal,"Zayed Cricket Stadium, Abu Dhabi",2,6,33.33333333333333
YV Dhull,Arun Jaitley Stadium,15,19,78.94736842105263
YV Dhull,M Chinnaswamy Stadium,1,4,25.0
YV Takawale,Dr DY Patil Sports Academy,41,56,73.21428571428571
YV Takawale,Dubai International Cricket Stadium,0,7,0.0
YV Takawale,Eden Gardens,45,36,125.0
YV Takawale,Kingsmead,18,22,81.81818181818183
YV Takawale,M Chinnaswamy Stadium,19,17,111.76470588235294
YV Takawale,Rajiv Gandhi International Stadium,5,5,100.0
YV Takawale,Sawai Mansingh Stadium,24,8,300.0
YV Takawale,Sharjah Cricket Stadium,40,29,137.93103448275863
YV Takawale,Sheikh Zayed Stadium,0,3,0.0
Yash Dayal,"Bharat Ratna Shri Atal Bihari Vajpayee Ekana Cricket Stadium, Lucknow",3,6,50.0
Yash Dayal,"Dr DY Patil Sports Academy, Mumbai",0,1,0.0
Yash Dayal,M Chinnaswamy Stadium,0,1,0.0
Yash Dayal,"Narendra Modi Stadium, Ahmedabad",1,1,100.0
Yashpal Singh,Kingsmead,6,20,30.0
Yashpal Singh,New Wanderers Stadium,13,21,61.904761904761905
Yashpal Singh,Newlands,20,18,111.11111111111111
Yashpal Singh,St George's Park,8,8,100.0
Younis Khan,"Punjab Cricket Association Stadium, Mohali",3,7,42.857142857142854
Yudhvir Singh,Arun Jaitley Stadium,14,7,200.0
Yudhvir Singh,"Bharat Ratna Shri Atal Bihari Vajpayee Ekana Cricket Stadium, Lucknow",7,8,87.5
Yudhvir Singh,"Sawai Mansingh Stadium, Jaipur",1,1,100.0
Yuvraj Singh,Arun Jaitley Stadium,14,17,82.35294117647058
Yuvraj Singh,Barabati Stadium,4,6,66.66666666666666
Yuvraj Singh,Brabourne Stadium,24,24,100.0
Yuvraj Singh,De Beers Diamond Oval,18,13,138.46153846153845
Yuvraj Singh,Dr DY Patil Sports Academy,224,168,133.33333333333331
Yuvraj Singh,Dr. Y.S. Rajasekhara Reddy ACA-VDCA Cricket Stadium,71,58,122.41379310344827
Yuvraj Singh,Dubai International Cricket Stadium,35,34,102.94117647058823
Yuvraj Singh,Eden Gardens,127,81,156.79012345679013
Yuvraj Singh,Feroz Shah Kotla,218,165,132.12121212121212
Yuvraj Singh,Himachal Pradesh Cricket Association Stadium,21,25,84.0
Yuvraj Singh,Holkar Cricket Stadium,14,14,100.0
Yuvraj Singh,JSCA International Stadium Complex,43,29,148.27586206896552
Yuvraj Singh,Kingsmead,182,163,111.65644171779141
Yuvraj Singh,M Chinnaswamy Stadium,345,229,150.65502183406113
Yuvraj Singh,MA Chidambaram Stadium,92,84,109.52380952380953
Yuvraj Singh,Maharashtra Cricket Association Stadium,54,41,131.70731707317074
Yuvraj Singh,New Wanderers Stadium,20,18,111.11111111111111
Yuvraj Singh,Newlands,18,18,100.0
Yuvraj Singh,OUTsurance Oval,18,32,56.25
Yuvraj Singh,Punjab Cricket Association IS Bindra Stadium,50,59,84.7457627118644
Yuvraj Singh,"Punjab Cricket Association IS Bindra Stadium, Mohali",57,37,154.05405405405406
Yuvraj Singh,"Punjab Cricket Association Stadium, Mohali",327,215,152.09302325581396
Yuvraj Singh,Rajiv Gandhi International Stadium,179,166,107.83132530120483
Yuvraj Singh,Sawai Mansingh Stadium,107,73,146.57534246575344
Yuvraj Singh,Shaheed Veer Narayan Singh International Stadium,75,71,105.63380281690141
Yuvraj Singh,Sharjah Cricket Stadium,83,65,127.69230769230768
Yuvraj Singh,Sheikh Zayed Stadium,3,7,42.857142857142854
Yuvraj Singh,St George's Park,14,17,82.35294117647058
Yuvraj Singh,Subrata Roy Sahara Stadium,86,77,111.68831168831169
Yuvraj Singh,SuperSport Park,70,56,125.0
Yuvraj Singh,Wankhede Stadium,161,145,111.03448275862068
Z Khan,Brabourne Stadium,23,9,255.55555555555554
Z Khan,Buffalo Park,2,2,100.0
Z Khan,Dr DY Patil Sports Academy,1,3,33.33333333333333
Z Khan,Dr. Y.S. Rajasekhara Reddy ACA-VDCA Cricket Stadium,2,4,50.0
Z Khan,Dubai International Cricket Stadium,8,7,114.28571428571428
Z Khan,Eden Gardens,4,9,44.44444444444444
Z Khan,Feroz Shah Kotla,3,12,25.0
Z Khan,Kingsmead,4,6,66.66666666666666
Z Khan,M Chinnaswamy Stadium,45,48,93.75
Z Khan,MA Chidambaram Stadium,21,21,100.0
Z Khan,Newlands,2,3,66.66666666666666
Z Khan,"Punjab Cricket Association Stadium, Mohali",1,5,20.0
Z Khan,Rajiv Gandhi International Stadium,0,7,0.0
Z Khan,Sawai Mansingh Stadium,1,5,20.0
